section,pdf_page,codebook_page,question_id,variable,length,label,question_text,notes,value_count
IDENTIFICATION,41,3,,QUESTID2,7,RESPONDENT IDENTIFICATION,"The following variable, QUESTID2, is a unique record identifier within a particular study year. The IDs may be repeated in other study years, so analysts should always consider the study year when using the QUESTID2.","The following variable, FILEDATE, represents the date the SAS data file was created.",0
IDENTIFICATION,41,3,,FILEDATE,10,CREATION DATE OF THE DATA FILE,,,0
TOBACCO,42,4,"CG01, CGREF1",CIGEVER,1,EVER SMOKED A CIGARETTE,"SELF-ADMINISTERED SUBSTANCE USE SECTIONS These questions are about your use of tobacco products. This includes cigarettes, chewing tobacco, snuff, cigars, and pipe tobacco. The first questions are about cigarettes only. Have you ever smoked part or all of a cigarette?",,2
TOBACCO,42,4,CG02,CIGOFRSM,2,"IF BEST FRIEND OFFERED, WOULD YOU SMOKE CIG","If one of your best friends offered you a cigarette, would you smoke it?",,7
TOBACCO,42,4,CG03,CIGWILYR,2,DO YOU THINK YOU'LL SMOKE CIG IN NEXT 12 MOS,At any time during the next 12 months do you think you will smoke a cigarette?,,7
TOBACCO,42,4,CG04,CIGTRY,3,AGE WHEN FIRST SMOKED A CIGARETTE,How old were you the first time you smoked part or all of a cigarette?,,5
TOBACCO,42,4,"CG04A, CG04B, CG04C",CIGYFU,4,YEAR OF FIRST CIGARETTE USE - RECODE,Did you first smoke part or all of a cigarette in [CURRENT YEAR - 1] or [CURRENT YEAR]? Did you first smoke part or all of a cigarette in [CURRENT YEAR - 2] or [CURRENT YEAR - 1]? In what month in [CURRENT YEAR] did you first smoke part or all of a cigarette?,,8
TOBACCO,43,5,"CG04C, CG04D",CIGMFU,2,MONTH OF FIRST CIGARETTE USE - RECODE,In what month in [CURRENT YEAR] did you first smoke part or all of a cigarette? In what month in [YEAR FROM CG04a or CG04b] did you first smoke part or all of a cigarette?,"NOTE: This variable incorporates values from the two questions shown below. This variable also incorporates values from two probe questions that were asked when the respondent answered DON'T KNOW or REFUSED to the second question shown below. Now think about the past 30 days, that is, from [DATEFILL] up to and including today. During the past 30 days, have you smoked part or all of a cigarette? How long has it been since you last smoked part or all of a cigarette?",19
TOBACCO,43,5,"CG05, CG06, CG06DK, CG06RE",CIGREC,2,TIME SINCE LAST SMOKED CIGARETTES,,,12
TOBACCO,43,5,CG07,CIG30USE,2,HOW MANY DAYS SMOKED CIG IN PAST 30 DAYS,"During the past 30 days, that is since [DATEFILL], on how many days did you smoke part or all of a cigarette?",,6
TOBACCO,44,6,CG07DKRE,CG30EST,2,BEST EST. # DAYS SMOKED CIG PAST 30 DAYS,What is your best estimate of the number of days you smoked part or all of a cigarette during the past 30 days?,,12
TOBACCO,44,6,"CG08, CG10",CIG30AV,2,AVG # CIGS SMOKED PER DAY/ON DAY SMOKED,"On the [CG07 days / CIGDKRE] you smoked cigarettes during the past 30 days, how many cigarettes did you smoke per day, on average?",NOTE: The tobacco brand that respondents confirmed using most often in the past 30 days was recorded in the final 30-day brand variable for the type of tobacco.,12
TOBACCO,45,7,"CG11, CG11A, CG12S11, CG12S21, CG12S31, RCG11, RCG11A, RRCG11, RRCG11A",CIG30BR2,4,CIG BRAND USED MOST OFTEN PAST MO - RECODE,,"NOTE: The variable CIG30TPE corresponds to the variable CIG30TYP that existed prior to 2005. The name was changed due to the addition of a new level in 2005 for ""Mediums."" For this reason, data from CIG30TPE may not be comparable with data from CIG30TYP in prior years. During the past 30 days, what type of cigarettes did you smoke most often?",85
TOBACCO,46,8,"CGTAR1, CGTAR2",CIG30TPE,2,WHAT TYPE OF CIG SMOKED MOST PAST 30 DAYS,,"NOTE: Prior to 2004, the question corresponding to CIG30MEN asked whether respondents smoked menthol or regular cigarettes most often. In 2004, the question was changed to the yes/no question shown below, but the variable name stayed as CIG30MEN. This change in question content does not affect trend comparisons for 2004 onward. However, data in CIG30MEN for 2004 onward are not likely to be comparable with data in CIG30MEN for 2002 and 2003. Were the cigarettes you smoked during the past 30 days menthol?",9
TOBACCO,46,8,"CGMENTH1, CGMENTH2",CIG30MEN,2,MENTHOL OR REG CIG SMOKED MOST PAST 30 DAYS,,,7
TOBACCO,46,8,CGLNTH,CIG30MLN,2,"MARLBORO CIG SMOKED PAST 30 DAYS SHORT, REG, 100'S","What length were the Marlboro cigarettes you smoked most often during the past 30 days? Were they shorts, regulars (also known as king-sized), or 100s?",,8
TOBACCO,47,9,CG14,CIG30RO2,2,HAVE YOU SMOKED ROLL-OWN CIG IN PAST 30 DAYS,"During the past 30 days, that is since DATEFILL, have you smoked part or all of a roll-your-own tobacco cigarette?",,7
TOBACCO,47,9,CG15,CIGDLYMO,2,EVER SMOKED CIG EVERY DAY FOR 30 DAYS,Has there ever been a period in your life when you smoked cigarettes every day for at least 30 days?,,6
TOBACCO,47,9,CG16,CIGAGE,3,AGE WHEN FIRST STARTED SMOKING CIGARETTES EVERYDAY,How old were you when you first started smoking cigarettes every day?,,7
TOBACCO,47,9,"CG16M1, CG16Y1, CG16Y2",CIGDLYFU,4,YEAR OF FIRST CIGARETTE USE EVERY DAY - RECODE,Did you first start smoking cigarettes every day in [CURRENT YEAR 1] or [CURRENT YEAR]? Did you first start smoking cigarettes every day in [CURRENT YEAR - 2] or [CURRENT YEAR - 1]? In what month in [CURRENT YEAR] did you first start smoking cigarettes every day?,,8
TOBACCO,48,10,"CG16M1, CG16M2",CIGDLMFU,2,MONTH OF FIRST CIGARETTE USE EVERY DAY - RECODE,In what month in [CURRENT YEAR] did you first start smoking cigarettes every day? In what month in [YEAR FROM CG16y1 or CG16y2] did you first start smoking cigarettes every day?,,19
TOBACCO,48,10,CG16A,CIG100LF,2,HAVE YOU SMOKED 100 CIGS IN YOUR LIFE,Have you smoked at least 100 cigarettes in your entire life?,,6
TOBACCO,48,10,"CG25, CGREF3",SMKLSSEVR,2,EVER USED SMOKELESS TOBACCO,"The next questions are about your use of ""smokeless"" tobacco such as snuff, dip, chewing tobacco, or ""snus."" Have you ever used ""smokeless"" tobacco, even once?",,4
TOBACCO,48,10,CG26,SMKLSSTRY,3,AGE WHEN FIRST USED SMOKELESS TOBACCO,"How old were you the first time you used ""smokeless"" tobacco?",,6
TOBACCO,49,11,"CG26A, CG26B, CG26C",SMKLSSYFU,4,YEAR OF FIRST SMOKELESS TOBACCO USE - RECODE,"Did you first use ""smokeless"" tobacco in [CURRENT YEAR - 1] or [CURRENT YEAR]? Did you first use ""smokeless"" tobacco in [CURRENT YEAR - 2] or [CURRENT YEAR - 1]? In what month in [CURRENT YEAR] did you first use ""smokeless"" tobacco?",,8
TOBACCO,49,11,"CG26C, CG26D",SMKLSSMFU,2,MONTH OF FIRST SMOKELESS TOBACCO USE - RECODE,"In what month in [CURRENT YEAR] did you first use ""smokeless"" tobacco? In what month in [YEAR FROM CG26a or CG26b] did you first use ""smokeless"" tobacco?","NOTE: This variable incorporates values from the two questions shown below. This variable also incorporates values from two probe questions that were asked when the respondent answered DON'T KNOW or REFUSED to the second question shown below. Now think about the past 30 days -- that is, from [DATEFILL] up to and including today. During the past 30 days, have you used ""smokeless"" tobacco, even once? How long has it been since you last used ""smokeless"" tobacco?",19
TOBACCO,49,11,"CG27, CG28, CG28DK, CG28RE",SMKLSSREC,2,TIME SINCE LAST USED SMOKELESS TOBACCO,,,12
TOBACCO,50,12,CG29,SMKLSS30N,2,HOW MANY DAYS USED SMOKELESS TOBACCO PAST 30 DAYS,"During the past 30 days, that is since [DATEFILL], on how many days did you use ""smokeless"" tobacco?",,6
TOBACCO,50,12,CG29DKRE,SMKLSS30E,2,BEST EST. HOW MANY DAYS USED SMKLSS TOB PST 30 DYS,"What is your best estimate of the number of days you used ""smokeless"" tobacco during the past 30 days?","NOTE: This variable incorporates the value from a probe question that was asked when the respondent answered REFUSED to this question. The next questions are about smoking cigars. By cigars we mean any kind, including big cigars, cigarillos, and even little cigars that look like cigarettes. Have you ever smoked part or all of any type of cigar?",8
TOBACCO,50,12,"CG34, CGREF4",CIGAREVR,2,EVER SMOKED PART OR ALL OF CIGAR,,,4
TOBACCO,50,12,CG35,CIGARTRY,3,AGE WHEN FIRST SMOKED CIGAR,How old were you the first time you smoked part or all of any type of cigar?,,6
TOBACCO,51,13,"CG35A, CG35B, CG35C",CIGARYFU,4,YEAR OF FIRST CIGAR USE - RECODE,Did you first smoke part or all of a cigar in [CURRENT YEAR - 1] or [CURRENT YEAR]? Did you first smoke part or all of a cigar in [CURRENT YEAR - 2] or [CURRENT YEAR - 1]? In what month in [CURRENT YEAR] did you first smoke part or all of a cigar?,,8
TOBACCO,51,13,"CG35C, CG35D",CIGARMFU,2,MONTH OF FIRST CIGAR USE - RECODE,In what month in [CURRENT YEAR] did you first smoke part or all of a cigar? In what month in [YEAR FROM CG35a or CG35b] did you first smoke part or all of a cigar?,"NOTE: This variable incorporates values from the two questions shown below. This variable also incorporates values from two probe questions that were asked when the respondent answered DON'T KNOW or REFUSED to the second question shown below. Now think about the past 30 days, from [DATEFILL] up to and including today. During the past 30 days, have you smoked part or all of any type of cigar? How long has it been since you last smoked part or all of any type of cigar?",19
TOBACCO,51,13,"CG36, CG37, CG37DK, CG37RE",CIGARREC,2,TIME SINCE LAST SMOKED CIGAR,,,13
TOBACCO,52,14,CG38,CGR30USE,2,HOW MANY DAYS SMOKED CIGAR IN PAST 30 DAYS,"During the past 30 days, that is since [DATEFILL], on how many days did you smoke part or all of a cigar?",,6
TOBACCO,52,14,CG38DKRE,CI30EST,2,BEST EST. # DAYS SMOKED CIGAR PAST 30 DAYS,What is your best estimate of the number of days you smoked part or all of a cigar during the past 30 days?,NOTE: The tobacco brand that respondents confirmed using most often in the past 30 days was recorded in the final 30-day brand variable for the type of tobacco.,10
TOBACCO,53,15,"CG39, CG40S11, CG40S21, CG40S31, RCG39, RRCG39",CGR30BR2,4,CIGAR BRAND USED MOST OFTEN PAST MO - RECODE,,"NOTE: This variable incorporates the value from a probe question that was asked when the respondent answered REFUSED to this question. These last questions on tobacco products are about using a pipe to smoke tobacco. Have you ever smoked tobacco in a pipe, even once?",61
TOBACCO,54,16,"CG42, CGREF5",PIPEVER,2,EVER SMOKED PIPE TOBACCO,,,4
TOBACCO,54,16,CG43,PIPE30DY,2,HAVE YOU SMOKED PIPE TOBACCO IN PAST 30 DAYS,"During the past 30 days, that is since [DATEFILL], have you smoked tobacco in a pipe, even once?",,6
ALCOHOL,55,17,"AL01, ALREF",ALCEVER,2,EVER HAD DRINK OF ALCOHOLIC BEVERAGE,"These questions are about drinks of alcoholic beverages. Throughout these questions, by a ""drink"" we mean a can or bottle of beer, a glass of wine or a wine cooler, a shot of liquor, or a mixed drink with liquor in it. We are not asking about times when you only had a sip or two from a drink. Have you ever, even once, had a drink of any type of alcoholic beverage? Please do not include times when you only had a sip or two from a drink.",,4
ALCOHOL,55,17,AL02,ALCTRY,3,AGE WHEN FIRST DRANK ALCOHOLIC BEVERAGE,Think about the first time you had a drink of an alcoholic beverage. How old were you the first time you had a drink of an alcoholic beverage? Please do not include any time when you only had a sip or two from a drink.,,6
ALCOHOL,55,17,"AL02A, AL02B, AL02C",ALCYFU,4,YEAR OF FIRST ALCOHOL USE - RECODE,Did you first have a drink of an alcoholic beverage in [CURRENT YEAR - 1] or [CURRENT YEAR]? Did you first have a drink of an alcoholic beverage in [CURRENT YEAR - 2] or [CURRENT YEAR - 1]? In what month in [CURRENT YEAR] did you first have a drink of an alcoholic beverage?,,8
ALCOHOL,56,18,"AL02C, AL02D",ALCMFU,2,MONTH OF FIRST ALCOHOL USE - RECODE,In what month in [CURRENT YEAR] did you first have a drink of an alcoholic beverage? In what month in [YEAR FROM AL02a or AL02b] did you first have a drink of an alcoholic beverage?,,19
ALCOHOL,56,18,"ALLAST3, ALRECDK, ALRECRE",ALCREC,2,TIME SINCE LAST DRANK ALCOHOLIC BEVERAGE,How long has it been since you last drank an alcoholic beverage?,,9
ALCOHOL,56,18,TOTDRINK,ALCYRTOT,3,TOTAL # OF DAYS USED ALCOHOL IN PAST 12 MOS,,,7
ALCOHOL,56,18,,ALTOTFG,2,TRIMMING INDICATOR FOR ALCYRTOT,,,3
ALCOHOL,56,18,,ALFQFLG,2,TRIMMED ALCYRTOT IF R USED < 12 MOS,,,2
ALCOHOL,57,19,ALFRAME3,ALBSTWAY,2,EASIEST WAY TO TELL US # DAYS DRANK ALCOHOL,"Now think about the past 12 months, from [DATEFILL] through today. We want to know how many days you've had a drink of an alcoholic beverage during the past 12 months. What would be the easiest way for you to tell us how many days you drank alcoholic beverages?",,12
ALCOHOL,57,19,ALYRAVE,ALDAYPYR,3,NUMBER DAYS DRANK ALCOHOL IN PAST 12 MOS,On how many days in the past 12 months did you drink an alcoholic beverage?,,9
ALCOHOL,57,19,ALMONAVE,ALDAYPMO,2,# DAYS PER MONTH DRANK ALCOHOL IN PAST 12 MOS,"On average, how many days did you drink an alcoholic beverage each month during the past 12 months?",,9
ALCOHOL,57,19,ALWKAVE,ALDAYPWK,2,# DAYS PER WEEK DRANK ALCOHOL IN PAST 12 MOS,"On average, how many days did you drink an alcoholic beverage each week during the past 12 months?",,8
ALCOHOL,58,20,AL06,ALCDAYS,2,# DAYS HAD ONE OR MORE DRINKS PAST 30 DAYS,"Think specifically about the past 30 days, from [DATEFILL], up to and including today. During the past 30 days, on how many days did you drink one or more drinks of an alcoholic beverage?",,7
ALCOHOL,58,20,AL06DKRE,AL30EST,2,BEST ESTIMATE # DAYS HAD ONE OR MORE DRINKS,What is your best estimate of the number of days you drank alcohol during the past 30 days?,,13
ALCOHOL,58,20,,ALDYSFG,2,REVISION INDICATOR FOR ALCDAYS,,"NOTE: Beginning in 2015, level 975 was updated to ""AT LEAST 4 or 5 Logically assigned"" to reflect the change in the threshold for binge alcohol use among female respondents from 5 or more drinks on an occasion prior to 2015 to 4 or more drinks on an occasion in 2015. See the note below for ALCBNG30D. On the ALC30DAY/ALCESTFL days that you drank during the past 30 days, how many drinks did you usually have? Count as a drink a can or bottle of beer; a wine cooler or a glass of wine, champagne, or sherry; a shot of liquor or a mixed drink or cocktail.",2
ALCOHOL,58,20,AL07,ALCUS30D,3,USUAL # OF DRINKS PER DAY PAST 30 DAYS,,"NOTE: Beginning in 2015, female respondents were asked ALCBNG30D to report the number of days that they had 4 or more drinks on the same occasion in the past 30 days. As in prior years, male respondents in 2015 were asked for ALCBNG30D to report the number of days that they had 5 or more drinks on the same occasion in the past 30 days. During the past 30 days, that is since [DATEFILL], on how many days did you have [4 or more]/[5 or more] drinks on the same occasion? By ""occasion,"" we mean at the same time or within a couple of hours of each other.",8
ALCOHOL,59,21,AL08,ALCBNG30D,2,# DAYS HAD FOUR/FIVE OR MORE DRINKS PAST 30 DYS,,,8
MARIJUANA,60,22,"MJ01, MJREF, VAPMRJEVR",MJEVER,2,EVER USED MARIJUANA/HASHISH,"NOTE: Beginning in 2021, level 3 for logically assigned lifetime marijuana use was added for MJEVER. This value was assigned when respondents did not indicate lifetime marijuana use in questions MJ01 or MJREF, but reported ever vaping marijuana in question VPMJLIF. The next questions are about marijuana and hashish. Marijuana is also called pot or grass. Marijuana is usually smoked, either in cigarettes, called joints, or in a pipe. It is sometimes cooked in food. Hashish is a form of marijuana that is also called ""hash."" It is usually smoked in a pipe. Another form of hashish is hash oil. Have you ever, even once, used marijuana or hashish?",,6
MARIJUANA,60,22,MJ02,MJAGE,3,AGE WHEN FIRST USED MARIJUANA/HASHISH,How old were you the first time you used marijuana or hashish?,,6
MARIJUANA,60,22,"MJ03A, MJ03B, MJ03C",MJYFU,4,YEAR OF FIRST MARIJUANA/HASHISH USE - RECODE,Did you first use marijuana or hashish in [CURRENT YEAR - 1] or [CURRENT YEAR]? Did you first use marijuana or hashish in [CURRENT YEAR - 2] or [CURRENT YEAR - 1]? In what month in [CURRENT YEAR] did you first use marijuana or hashish?,,8
MARIJUANA,61,23,"MJ03C, MJ03D",MJMFU,2,MONTH OF FIRST MARIJUANA/HASHISH USE - RECODE,In what month in [CURRENT YEAR] did you first use marijuana or hashish? In what month in [YEAR FROM MJ03a or MJ03b] did you first use marijuana or hashish?,"NOTE: Beginning in 2021, new logically assigned levels (12, 13, and 19) for time since last used marijuana or hashish were added. Logical assignment was used when respondents indicated vaping marijuana more recently than they had indicated using marijuana. How long has it been since you last used marijuana or hashish?",19
MARIJUANA,61,23,"MJLAST3, MJRECDK, MJRECRE, VAPMRJREC",MJREC,2,TIME SINCE LAST USED MARIJUANA/HASHISH,,,12
MARIJUANA,61,23,TOTMJ,MJYRTOT,3,TOTAL # OF DAYS USED MARIJUANA IN PAST 12 MOS,,,7
MARIJUANA,61,23,,MRTOTFG,2,TRIMMING INDICATOR FOR MJYRTOT,,,3
MARIJUANA,62,24,,MJFQFLG,2,TRIMMED MJYRTOT IF R USED < 12 MOS,,,2
MARIJUANA,62,24,MJFRAME3,MRBSTWAY,2,EASIEST WAY TO TELL US # DAYS USED MARIJUANA/HASH,"Now think about the past 12 months, from [DATEFILL] through today. We want to know how many days you've used marijuana or hashish during the past 12 months. What would be the easiest way for you to tell us how many days you've used it?",,12
MARIJUANA,62,24,MJYRAVE,MRDAYPYR,3,# DAYS USED MARIJUANA/HASHISH PAST 12 MONTHS,On how many days in the past 12 months did you use marijuana or hashish?,,9
MARIJUANA,62,24,MJMONAVE,MRDAYPMO,2,# DAYS PER MO USED MARIJUANA/HASHISH PAST 12 MOS,"On average, how many days did you use marijuana or hashish each month during the past 12 months?",,9
MARIJUANA,62,24,MJWKAVE,MRDAYPWK,2,# DAYS PER WEEK USED MARIJUANA/HASHISH PAST 12 MOS,"On average, how many days did you use marijuana or hashish each week during the past 12 months?",,8
MARIJUANA,63,25,MJ06,MJDAY30A,2,# DAYS USED MARIJUANA/HASHISH PAST 30 DAYS,"Think specifically about the past 30 days, from [DATEFILL] up to and including today. During the past 30 days, on how many days did you use marijuana or hashish?",,7
MARIJUANA,63,25,MJ06DKRE,MR30EST,2,BEST EST. # DAYS USED MARIJUANA PAST 30 DAYS,What is your best estimate of the number of days you used marijuana or hashish during the past 30 days?,,11
COCAINE,64,26,"CC01, CCREF",COCEVER,2,EVER USED COCAINE,"These questions are about cocaine, including all the different forms of cocaine such as powder, ""crack,"" free base, and coca paste. Have you ever, even once, used any form of cocaine?",,5
COCAINE,64,26,CC02,COCAGE,3,AGE WHEN FIRST USED COCAINE,"How old were you the first time you used cocaine, in any form?",,6
COCAINE,64,26,"CC03A, CC03B, CC03C",COCYFU,4,YEAR OF FIRST COCAINE USE - RECODE,Did you first use cocaine in any form in [CURRENT YEAR - 1] or [CURRENT YEAR]? Did you first use cocaine in any form in [CURRENT YEAR - 2] or [CURRENT YEAR - 1]? In what month in [CURRENT YEAR] did you first use cocaine in any form?,,8
COCAINE,65,27,"CC03C, CC03D",COCMFU,2,MONTH OF FIRST COCAINE USE - RECODE,In what month in [CURRENT YEAR] did you first use cocaine in any form? In what month in [YEAR FROM CC03a or CC03b] did you first use cocaine?,,19
COCAINE,65,27,"CCLAST3, CCRECDK, CCRECRE",COCREC,2,TIME SINCE LAST USED COCAINE,How long has it been since you last used cocaine?,,11
COCAINE,65,27,TOTCOKE,COCYRTOT,3,TOTAL # OF DAYS USED COCAINE IN PAST 12 MONTHS,,,7
COCAINE,65,27,,CCTOTFG,2,TRIMMING INDICATOR FOR COCYRTOT,,,2
COCAINE,65,27,,CCFQFLG,2,TRIMMED COCYRTOT IF R USED < 12 MOS,,,2
COCAINE,66,28,CCFRAME3,CCBSTWAY,2,EASIEST WAY TO TELL US # DAYS USED COCAINE,"Now think about the past 12 months, from [DATEFILL] through today. We want to know how many days you've used cocaine during the past 12 months. What would be the easiest way for you to tell us how many days you've used it?",,14
COCAINE,66,28,CCYRAVE,CCDAYPYR,3,# DAYS USED COCAINE PAST 12 MONTHS,On how many days in the past 12 months did you use cocaine?,,9
COCAINE,66,28,CCMONAVE,CCDAYPMO,2,# DAYS PER MONTH USED COCAINE PAST 12 MONTHS,"On average, how many days did you use cocaine each month during the past 12 months?",,9
COCAINE,66,28,CCWKAVE,CCDAYPWK,2,# DAYS PER WEEK USED COCAINE PAST 12 MONTHS,"On average, how many days did you use cocaine each week during the past 12 months?",,9
COCAINE,67,29,CC06,COCUS30A,2,# DAYS USED COCAINE PAST 30 DAYS,"Think specifically about the past 30 days, from [DATEFILL] up to and including today. During the past 30 days, on how many days did you use cocaine?",,6
COCAINE,67,29,CC06DKRE,CC30EST,2,BEST ESTIMATE # DAYS USED COCAINE PAST 30 DAYS,What is your best estimate of the number of days you used cocaine during the past 30 days?,,5
CRACK,68,30,"CK01, CKREF",CRKEVER,2,EVER USED CRACK,"The next questions are about 'crack', that is cocaine in rock or chunk form, and not the other forms of cocaine. Have you ever, even once, used 'crack'?",,7
CRACK,68,30,CK02,CRKAGE,3,AGE WHEN FIRST USED CRACK,How old were you the first time you used 'crack'?,,6
CRACK,68,30,"CK03A, CK03B, CK03C",CRKYFU,4,YEAR OF FIRST CRACK USE - RECODE,Did you first use 'crack' in [CURRENT YEAR - 1] or [CURRENT YEAR]? Did you first use 'crack' in [CURRENT YEAR - 2] or [CURRENT YEAR - 1]? In what month in [CURRENT YEAR] did you first use 'crack'?,,8
CRACK,69,31,"CK03C, CK03D",CRKMFU,2,MONTH OF FIRST CRACK USE - RECODE,In what month in [CURRENT YEAR] did you first use 'crack'? In what month in [YEAR FROM CK03a or CK03b] did you first use 'crack'?,,17
CRACK,69,31,"CKLAST3, CKRECDK, CKRECRE",CRAKREC,2,TIME SINCE LAST USED CRACK,How long has it been since you last used 'crack'?,,9
CRACK,69,31,TOTCRACK,CRKYRTOT,3,TOTAL # DAYS USED CRACK IN PAST 12 MONTHS,,,7
CRACK,69,31,,CRTOTFG,2,TRIMMING INDICATOR FOR CRKYRTOT,,,2
CRACK,69,31,,CRFQFLG,2,TRIMMED CRKYRTOT IF R USED < 12 MOS,,,2
CRACK,70,32,CKFRAME3,CRBSTWAY,2,EASIEST WAY TO TELL US # DAYS USED CRACK,"Now think about the past 12 months, from [DATEFILL] through today. We want to know how many days you've used 'crack' during the past 12 months. What would be the easiest way for you to tell us how many days you've used it?",,10
CRACK,70,32,CKYRAVE,CRDAYPYR,3,# DAYS USED CRACK PAST 12 MONTHS,On how many days in the past 12 months did you use 'crack'?,,8
CRACK,70,32,CKMONAVE,CRDAYPMO,2,# DAYS PER MONTH USED CRACK PAST 12 MONTHS,"On average, how many days did you use 'crack' each month during the past 12 months?",,8
CRACK,70,32,CKWKAVE,CRDAYPWK,2,# DAYS PER WEEK USED CRACK PAST 12 MONTHS,"On average, how many days did you use 'crack' each week during the past 12 months?",,8
CRACK,71,33,CK06,CRKUS30A,2,# DAYS USED CRACK PAST 30 DAYS,"Think specifically about the past 30 days, from [DATEFILL] up to and including today. During the past 30 days, on how many days did you use 'crack'?",,6
CRACK,71,33,CK06DKRE,CR30EST,2,BEST ESTIMATE # DAYS USED CRACK PAST 30 DAYS,What is your best estimate of the number of days you used 'crack' during the past 30 days?,,5
HEROIN,72,34,"HE01, HEREF",HEREVER,2,EVER USED HEROIN,"These next questions are about heroin. Have you ever, even once, used heroin?",,4
HEROIN,72,34,HE02,HERAGE,3,AGE WHEN FIRST USED HEROIN,How old were you the first time you used heroin?,,6
HEROIN,72,34,"HE03A, HE03B, HE03C",HERYFU,4,YEAR OF FIRST HEROIN USE - RECODE,Did you first use heroin in [CURRENT YEAR - 1] or [CURRENT YEAR]? Did you first use heroin in [CURRENT YEAR - 2] or [CURRENT YEAR - 1]? In what month in [CURRENT YEAR] did you first use heroin?,,8
HEROIN,73,35,"HE03C, HE03D",HERMFU,2,MONTH OF FIRST HEROIN USE - RECODE,In what month in [CURRENT YEAR] did you first use heroin? In what month in [YEAR FROM HE03a or HE03b] did you first use heroin?,,18
HEROIN,73,35,"HELAST3, HERECDK, HERECRE",HERREC,2,TIME SINCE LAST USED HEROIN,How long has it been since you last used heroin?,,8
HEROIN,73,35,TOTHERO,HERYRTOT,3,TOTAL # OF DAYS USED HEROIN IN PAST 12 MONTHS,,,6
HEROIN,73,35,,HRTOTFG,2,TRIMMING INDICATOR FOR HERYRTOT,,,2
HEROIN,73,35,,HRFQFLG,2,TRIMMED HERYRTOT IF R USED < 12 MOS,,,2
HEROIN,74,36,HEFRAME3,HRBSTWAY,2,EASIEST WAY TO TELL US # DAYS USED HEROIN,"Now think about the past 12 months, from [DATEFILL] through today. We want to know how many days you've used heroin during the past 12 months. What would be the easiest way for you to tell us how many days you've used it?",,8
HEROIN,74,36,HEYRAVE,HRDAYPYR,3,# DAYS USED HEROIN PAST 12 MONTHS,On how many days in the past 12 months did you use heroin?,,6
HEROIN,74,36,HEMONAVE,HRDAYPMO,2,# DAYS PER MONTH USED HEROIN PAST 12 MONTHS,"On average, how many days did you use heroin each month during the past 12 months?",,7
HEROIN,74,36,HEWKAVE,HRDAYPWK,2,# DAYS PER WEEK USED HEROIN PAST 12 MONTHS,"On average, how many days did you use heroin each week during the past 12 months?",,7
HEROIN,74,36,HE06,HER30USE,2,# DAYS USED HEROIN PAST 30 DAYS,"Think specifically about the past 30 days, from [DATEFILL] up to and including today. During the past 30 days, on how many days did you use heroin?",,6
HEROIN,75,37,HE06DKRE,HR30EST,2,BEST EST. # DAYS USED HEROIN PAST 30 DAYS,What is your best estimate of the number of days you used heroin during the past 30 days?,,6
HALLUCINOGENS,76,38,"LS01A, LSREF1",LSD,2,"EVER USED LSD (""ACID"")","The next questions are about substances called hallucinogens. These drugs often cause people to see or experience things that are not real. A list of some common hallucinogens is shown below. These and many other substances that people use as hallucinogens are often known by street names, and we can't list them all. Please take a moment to look at the substances listed below so you know what kind of drugs the next questions are about. LSD, also called 'acid' PCP, also called 'angel dust' or phencyclidine Peyote Mescaline Psilocybin 'Ecstasy' or 'Molly', also called MDMA Ketamine, also called 'Special K' or 'Super K' DMT, also called dimethyltryptamine AMT, also called alpha-methyltryptamine Foxy, also called 5-MeO-DIPT Salvia divinorum Have you ever, even once, used LSD, also called 'acid'?",,6
HALLUCINOGENS,76,38,"LS01B, LSREF2",PCP,2,"EVER USED PCP (""ANGEL DUST,"" PHENCYCLIDINE)","Have you ever, even once, used PCP, also called 'angel dust' or phencyclidine?",,6
HALLUCINOGENS,76,38,LS01C,PEYOTE,2,EVER USED PEYOTE,"Have you ever, even once, used peyote?",,6
HALLUCINOGENS,76,38,LS01D,MESC,2,EVER USED MESCALINE,"Have you ever, even once, used mescaline?",,5
HALLUCINOGENS,77,39,LS01E,PSILCY,2,EVER USED PSILOCYBIN (MUSHROOMS),"Have you ever, even once, used psilocybin, found in mushrooms?",,6
HALLUCINOGENS,77,39,"LS01F, LSREF3",ECSTMOLLY,2,EVER USED 'ECSTASY' OR 'MOLLY' (MDMA),"Have you ever, even once, used 'Ecstasy' or 'Molly,' also known as MDMA?",,6
HALLUCINOGENS,77,39,LS01I,KETMINESK,2,EVER USED KETAMINE,"Have you ever, even once, used Ketamine, also called 'Special K' or 'Super K'?",,5
HALLUCINOGENS,77,39,LS01J,DMTAMTFXY,2,"EVER USED DMT, AMT, FOXY","Have you ever, even once, used any of the following: DMT, also called dimethyltryptamine, AMT, also called alpha-methyltryptamine, or Foxy, also called 5-MeO-DIPT?",,6
HALLUCINOGENS,77,39,LS01K,SALVIADIV,2,EVER USED SALVIA DIVINORUM,"Have you ever, even once, used Salvia divinorum?","NOTE: HALLUCOTH was assigned a code of 5 (see documentation below) when either of the following occurred: (a) the only hallucinogens that were used in the respondent's lifetime were LSD, PCP, Ecstasy, ketamine, DMT/AMT/Foxy, or Salvia divinorum but the respondent reported more recent use of any hallucinogen than was reported for these six hallucinogens; or (b) the only hallucinogens that were used in the respondent's lifetime were LSD, PCP, Ecstasy but the respondent reported earlier initiation of any hallucinogen than was reported for these three hallucinogens. Have you ever, even once used any other hallucinogens besides the ones that have been listed?",5
HALLUCINOGENS,78,40,LS01H,HALLUCOTH,2,EVER USED OTHER HALLUCINOGEN,,,6
HALLUCINOGENS,79,41,LS01SC1,HALLUCOT1,4,OTHER HALLUCINOGEN - SPECIFY 1,,,120
HALLUCINOGENS,81,43,LS01SC2,HALLUCOT2,4,OTHER HALLUCINOGEN - SPECIFY 2,,,67
HALLUCINOGENS,82,44,LS01SC3,HALLUCOT3,4,OTHER HALLUCINOGEN - SPECIFY 3,,,31
HALLUCINOGENS,82,44,LS01SC4,HALLUCOT4,4,OTHER HALLUCINOGEN - SPECIFY 4,,,17
HALLUCINOGENS,83,45,LS01SC5,HALLUCOT5,4,OTHER HALLUCINOGEN - SPECIFY 5,,,14
HALLUCINOGENS,83,45,LS02,HALLUCAGE,3,AGE WHEN FIRST USED HALLUCINOGENS,How old were you the first time you used [LSFILL]?,,6
HALLUCINOGENS,83,45,"DMTAMTFXY, ECSTMOLLY, HALLUCOTH, KETMINESK, LSD, MESC, PCP, PEYOTE, PSILCY, SALVIADIV",HALLUCEVR,2,EVER USED HALLUCINOGENS,,,4
HALLUCINOGENS,83,45,"LS03A, LS03B, LS03C",HALLUCYFU,4,YEAR OF FIRST HALLUCINOGEN USE - RECODE,Did you first use [LSFILL] in [CURRENT YEAR - 1] or [CURRENT YEAR]? Did you first use [LSFILL] in [CURRENT YEAR - 2] or [CURRENT YEAR - 1]? In what month in [CURRENT YEAR] did you first use [LSFILL]?,,8
HALLUCINOGENS,84,46,"LS03C, LS03D",HALLUCMFU,2,MONTH OF FIRST HALLUCINOGEN USE - RECODE,In what month in [CURRENT YEAR] did you first use [LSFILL]? In what month in [YEAR FROM LS03a or LS03b] did you first use [LSFILL]?,,19
HALLUCINOGENS,84,46,"LSLAST, LSRECDK, LSRECRE",HALLUCREC,2,TIME SINCE LAST USED HALLUCINOGENS,How long has it been since you last used [LSFILL]?,,11
HALLUCINOGENS,84,46,TOTHALL,HALLUCYFQ,3,TOTAL # OF DAYS USED HALLUCINOGENS IN PAST 12 MOS,,,7
HALLUCINOGENS,84,46,,HALTOTFG,2,TRIMMING INDICATOR FOR HALLUCYFQ,,,2
HALLUCINOGENS,84,46,,HALFQFLG,2,TRIMMED HALLUCYFQ IF R USED < 12 MOS,,,2
HALLUCINOGENS,85,47,"LSFRAME3, LSFRAME4, LSFRAME5, LSFRAME6",HALLEASWY,2,EASIEST WAY TO TELL US # DAYS USED HALLUCINOGEN,"Now think about the past 12 months, from [DATEFILL] through today. We want to know how many days you've used [LSFILL] during the past 12 months. What would be the easiest way for you to tell us how many days you've used it?",,11
HALLUCINOGENS,85,47,"LSYRAV2, LSYRAV3, LSYRAV4, LSYRAVE",HALLDYSYR,3,# DAYS USED HALLUCINOGEN PAST 12 MONTHS,On how many days in the past 12 months did you use [LSFILL]?,,8
HALLUCINOGENS,85,47,"LSMONAV2, LSMONAV3, LSMONAV4, LSMONAVE",HALLDYPMO,2,# DAYS PER MONTH USED HALLUCINOGEN PAST 12 MONTHS,"On average, how many days did you use [LSFILL] each month during the past 12 months?",,8
HALLUCINOGENS,85,47,"LSWKAV2, LSWKAV3, LSWKAV4, LSWKAVE",HALLDYPWK,2,# DAYS PER WEEK USED HALLUCINOGEN PAST 12 MONTHS,"On average, how many days did you use [LSFILL] each week during the past 12 months?",,8
HALLUCINOGENS,86,48,"LS04, LS30, LS31, LS32",HALLUC30N,2,# DAYS USED HALLUCINOGEN PAST 30 DAYS,"Think specifically about the past 30 days, from [DATEFILL] up to and including today. During the past 30 days, on how many days did you use [LSFILL]?",,7
HALLUCINOGENS,86,48,"LS04DKRE, LS30DKRE, LS31DKRE, LS32DKRE",HALLUC30E,2,BEST EST. # DAYS USED HALLUCINOGENS PAST 30 DAYS,What is your best estimate of the number of days you used [LSFILL] during the past 30 days?,,7
HALLUCINOGENS,86,48,LS05,LSDAGE,3,AGE WHEN FIRST USED LSD,Now think only about LSD. How old were you the first time you used LSD?,,6
HALLUCINOGENS,86,48,"LS06, LS07, LS08",LSDYFU,4,YEAR OF FIRST LSD USE - RECODE,Did you first use LSD in [CURRENT YEAR - 1] or [CURRENT YEAR]? Did you first use LSD in [CURRENT YEAR - 2] OR [CURRENT YEAR - 1]? In what month in [CURRENT YEAR] did you first use LSD?,,8
HALLUCINOGENS,87,49,"LS08, LS09",LSDMFU,2,MONTH OF FIRST LSD USE - RECODE,In what month in [CURRENT YEAR] did you first use LSD? In what month in [YEAR FROM LS06 or LS07] did you first use LSD?,,19
HALLUCINOGENS,87,49,LS10,LSDREC,2,TIME SINCE LAST USED LSD,How long has it been since you last used LSD?,,9
HALLUCINOGENS,87,49,LS11,PCPAGE,3,AGE WHEN FIRST USED PCP,Now think only about PCP. How old were you the first time you used PCP?,,6
HALLUCINOGENS,88,50,"LS12, LS13, LS14",PCPYFU,4,YEAR OF FIRST PCP USE - RECODE,Did you first use PCP in [CURRENT YEAR - 1] or [CURRENT YEAR]? Did you first use PCP in [CURRENT YEAR - 2] OR [CURRENT YEAR - 1]? In what month in [CURRENT YEAR] did you first use PCP?,,8
HALLUCINOGENS,88,50,"LS14, LS15",PCPMFU,2,MONTH OF FIRST PCP USE - RECODE,In what month in [CURRENT YEAR] did you first use PCP? In what month in [YEAR FROM LS12 or LS13] did you first use PCP?,,17
HALLUCINOGENS,88,50,LS16,PCPREC,2,TIME SINCE LAST USED PCP,How long has it been since you last used PCP?,,8
HALLUCINOGENS,88,50,LS17,ECSTMOAGE,3,AGE WHEN FIRST USED ECSTASY OR MOLLY,"Now think only about 'Ecstasy or 'Molly.' How old were you the first time you used 'Ecstasy' or 'Molly,' also known as MDMA?",,6
HALLUCINOGENS,89,51,"LS18, LS19, LS20",ECSTMOYFU,4,YEAR OF FIRST ECSTASY OR MOLLY USE - RECODE,Did you first use 'Ecstasy' or 'Molly' in [CURRENT YEAR - 1] or [CURRENT YEAR]? Did you first use 'Ecstasy' or 'Molly' in [CURRENT YEAR - 2] or [CURRENT YEAR - 1]? In what month in [CURRENT YEAR] did you first use 'Ecstasy' or 'Molly'?,,8
HALLUCINOGENS,89,51,"LS20, LS21",ECSTMOMFU,2,MONTH OF FIRST ECSTASY OR MOLLY USE - RECODE,In what month in [CURRENT YEAR] did you first use 'Ecstasy' or 'Molly'? In what month in [YEAR FROM LS18 or LS19] did you first use 'Ecstasy' or 'Molly'?,,19
HALLUCINOGENS,89,51,LS22,ECSTMOREC,2,TIME SINCE LAST USED ECSTASY OR MOLLY,"How long has it been since you last used 'Ecstasy' or 'Molly,' also known as MDMA?",,8
HALLUCINOGENS,90,52,LS33,KETMINREC,2,TIME SINCE LAST USED KETAMINE,How long has it been since you last used Ketamine?,,9
HALLUCINOGENS,90,52,LS34,DAMTFXREC,2,TIME SINCE LAST USED DMT/AMT/FOXY,"How long has it been since you last used DMT, AMT or Foxy?",,8
HALLUCINOGENS,90,52,LS35,SALVIAREC,2,TIME SINCE LAST USED SALVIA DIVINORUM,How long has it been since you last used Salvia divinorum?,,8
INHALANTS,91,53,IN01A,AMYLNIT,2,"EVER INHALED AMYL NITRITE, 'POPPERS,' RUSH, ETC.","These next questions are about liquids, sprays, and gases that people sniff or inhale to get high or to make them feel good. We are not interested in times when you inhaled a substance accidentally — such as when painting, cleaning an oven, or filling a car with gasoline. The questions use the word ‘inhalant’ to include all the things listed below, as well as any other substances that people sniff or inhale for kicks or to get high. Take a moment to look at the substances listed below so you know what kinds of liquids, sprays, and gases these questions are about. Amyl nitrite, 'poppers,' locker room odorizers, or 'rush' Correction fluid, degreaser, or cleaning fluid Gasoline or lighter fluid Glue, shoe polish, or toluene Halothane, ether, or other anesthetics Lacquer thinner, or other paint solvents Lighter gases, such as butane or propane Nitrous oxide or 'whippits' Felt-tip pens, felt-tip markers, or magic markers Spray paints Computer keyboard cleaner, also known as air duster Other aerosol sprays Have you ever, even once, inhaled amyl nitrite, 'poppers,' locker room odorizers, or 'rush' for kicks or to get high?",,6
INHALANTS,91,53,IN01B,CLEFLU,2,"EVER INHALED CORRECTION FLUID, DEGREASER, ETC.","Have you ever, even once, inhaled correction fluid, degreaser, or cleaning fluid for kicks or to get high?",,6
INHALANTS,91,53,IN01C,GAS,2,EVER INHALED GASOLINE OR LIGHTER FLUID,"Have you ever, even once, inhaled gasoline or lighter fluid for kicks or to get high?",,5
INHALANTS,91,53,IN01D,GLUE,2,"EVER INHALED GLUE, SHOE POLISH, OR TOLUENE","Have you ever, even once, inhaled glue, shoe polish, or toluene for kicks or to get high?",,6
INHALANTS,92,54,IN01E,ETHER,2,"EVER INHALED HALOTHANE, ETHER, OR OTHER ANESTHETIC","Have you ever, even once, inhaled halothane, ether, or other anesthetics for kicks or to get high?",,6
INHALANTS,92,54,IN01F,SOLVENT,2,"EVER INHALED LACQUER THINNER, OTHER PAINT SOLVENTS","Have you ever, even once, inhaled lacquer thinner or other paint solvents for kicks or to get high?",,5
INHALANTS,92,54,IN01G,LGAS,2,"EVER INHALED LIGHTER GASES (BUTANE, PROPANE)","Have you ever, even once, inhaled lighter gases, such as butane or propane for kicks or to get high?",,6
INHALANTS,92,54,IN01H,NITOXID,2,EVER INHALED NITROUS OXIDE OR 'WHIPPITS',"Have you ever, even once, inhaled nitrous oxide or 'whippits' for kicks or to get high?",,6
INHALANTS,92,54,IN01H1,FELTMARKR,2,EVER INHALED FELT-TIP PENS/MARKERS,"Have you ever, even once, inhaled felt-tip pens, felt-tip markers, or magic markers for kicks or to get high?",,6
INHALANTS,93,55,IN01I,SPPAINT,2,EVER INHALED SPRAY PAINTS,"Have you ever, even once, inhaled spray paints for kicks or to get high?",,5
INHALANTS,93,55,IN01II,AIRDUSTER,2,EVER INHALED COMPUTER KEYBOARD CLEANER/AIR DUSTER,"Have you ever, even once, inhaled computer keyboard cleaner, also known as air duster, for kicks or to get high?",,6
INHALANTS,93,55,IN01J,OTHAEROS,2,EVER INHALED OTHER AEROSOL SPRAYS,"Have you ever, even once, inhaled some other aerosol spray for kicks or to get high?",,6
INHALANTS,93,55,IN01L,INHALOTH,2,EVER USED OTHER INHALANTS,"Have you ever, even once used any other inhalants for kicks or to get high besides the ones that have been listed?",,5
INHALANTS,94,56,IN01SC1,INHALOT1,4,OTHER INHALANT - SPECIFY 1,,,63
INHALANTS,95,57,IN01SC2,INHALOT2,4,OTHER INHALANT - SPECIFY 2,,,32
INHALANTS,95,57,IN01SC3,INHALOT3,4,OTHER INHALANT - SPECIFY 3,,,10
INHALANTS,95,57,IN01SC4,INHALOT4,4,OTHER INHALANT - SPECIFY 4,,,5
INHALANTS,95,57,IN01SC5,INHALOT5,4,OTHER INHALANT - SPECIFY 5,,,4
INHALANTS,96,58,,INHALEVER,2,EVER USED INHALANTS,"The answers that people give us about their use of inhalants are important to this study's success. We know that this information is personal, but remember your answers will be kept confidential. Please think again about answering this question: Have you ever, even once, used any type of inhalant for kicks or to get high? NOTE: This variable was coded as 1 if respondents answered yes to the above question and 91 if respondents answered the above question as no (see below). This variable also was coded as 1 if the questions corresponding to any of the following variables were answered as yes: AMYLNIT, CLEFLU, GAS, GLUE, ETHER, SOLVENT, LGAS, NITOXID, FELTMARKR, SPPAINT, AIRDUSTER, OTHAEROS, or INHALOTH. This variable also was coded as 91 if all of the above variables were coded as 91. (AIRDUSTER, AMYLNIT, CLEFLU, ETHER, FELTMARKR, GAS, GLUE, INHALOTH, INREF, LGAS, NITOXID, OTHAEROS, SOLVENT, SPPAINT)",,3
INHALANTS,96,58,IN02,INHALAGE,3,AGE WHEN FIRST USED INHALANTS,How old were you the first time you used any inhalant for kicks or to get high?,,6
INHALANTS,96,58,"IN03A, IN03B, IN03C",INHALYFU,4,YEAR OF FIRST INHALANT USE - RECODE,Did you first use an inhalant of any kind for kicks or to get high in [CURRENT YEAR - 1] or [CURRENT YEAR]? Did you first use an inhalant of any kind for kicks or to get high in [CURRENT YEAR - 2] or [CURRENT YEAR - 1]? In what month in [CURRENT YEAR] did you first use an inhalant of any kind for kicks or to get high?,,8
INHALANTS,97,59,"IN03C, IN03D",INHALMFU,2,MONTH OF FIRST INHALANT USE - RECODE,In what month in [CURRENT YEAR] did you first use an inhalant of any kind for kicks or to get high? In what month in [YEAR FROM IN03a or IN03b] did you first use an inhalant of any kind for kicks or to get high?,,19
INHALANTS,97,59,"INLAST, INRECDK, INRECRE",INHALREC,2,TIME SINCE LAST USED INHALANTS,How long has it been since you last used any inhalant for kicks or to get high?,,7
INHALANTS,97,59,TOTINHAL,INHALYFQ,3,TOTAL # OF DAYS USED INHALANT PAST 12 MONTHS,,,7
INHALANTS,97,59,,INHTOTFG,2,TRIMMING INDICATOR FOR INHALYFQ,,,2
INHALANTS,97,59,,INHFQFLG,2,TRIMMED INHALYFQ IF R USED < 12 MOS,,,2
INHALANTS,98,60,INFRAME3,INHEASWY,2,EASIEST WAY TO TELL US # DAYS USED INHALANTS,"Now think about the past 12 months, from [DATEFILL] through today. We want to know how many days you've used an inhalant of any kind for kicks or to get high during the past 12 months. What would be the easiest way for you to tell us how many days you've done this?",,12
INHALANTS,98,60,INYRAVE,INHDYSYR,3,# DAYS USED INHALANT PAST 12 MONTHS,On how many days in the past 12 months did you use an inhalant of any kind for kicks or to get high?,,9
INHALANTS,98,60,INMONAVE,INHDYPMO,2,# DAYS PER MONTH USED INHALANT PAST 12 MONTHS,"On average, how many days did you use an inhalant of any kind for kicks or to get high each month during the past 12 months?",,9
INHALANTS,98,60,INWKAVE,INHDYPWK,2,# DAYS PER WEEK USED INHALANT PAST 12 MONTHS,"On average, how many days did you use an inhalant of any kind for kicks or to get high each week during the past 12 months?",,8
INHALANTS,99,61,IN06,INHAL30N,2,# DAYS USED INHALANT PAST 30 DAYS,"Think specifically about the past 30 days, from [DATEFILL] up to and including today. During the past 30 days, on how many days did you use any inhalant for kicks or to get high?",,7
INHALANTS,99,61,IN06DKRE,INHAL30ES,2,BEST ESTIMATE # DAYS USED INHALANTS PAST 30 DAYS,What is your best estimate of the number of days you used any inhalant for kicks or to get high during the past 30 days?,,9
METHAMPHETAMINE,100,62,"ME01, MEREF",METHAMEVR,2,EVER USED METHAMPHETAMINE,"Methamphetamine, also known as crank, ice, crystal meth, speed, glass, and many other names, is a stimulant that usually comes in crystal or powder forms. It can be smoked, “snorted,” swallowed or injected. Have you ever, even once, used methamphetamine?",,4
METHAMPHETAMINE,100,62,ME02,METHAMAGE,3,AGE 1ST USED METHAMPHETAMINE,How old were you the first time you used methamphetamine?,,6
METHAMPHETAMINE,100,62,"ME03A, ME03B, ME03C",METHAMYFU,4,YEAR 1ST USED METHAMPHETAMINE,Did you first use methamphetamine in [CURRENT YEAR - 1] or [CURRENT YEAR]? Did you first use methamphetamine in [CURRENT YEAR - 2] or [CURRENT YEAR - 1]? In what month in [CURRENT YEAR] did you first use methamphetamine?,,8
METHAMPHETAMINE,101,63,"ME03C, ME03D",METHAMMFU,2,MONTH 1ST USED METHAMPHETAMINE,In what month in [CURRENT YEAR] did you first use methamphetamine? In what month in [YEAR FROM ME03a or ME03b] did you first use methamphetamine?,,19
METHAMPHETAMINE,101,63,"MELAST3, MERECDK, MERECRE",METHAMREC,2,TIME SINCE LAST USED METHAMPHETAMINE,How long has it been since you last used methamphetamine?,,8
METHAMPHETAMINE,101,63,TOTME,METHAMYFQ,3,TOTAL # DAYS USED METHAMPHETAMINE PAST 12 MONTHS,,,7
METHAMPHETAMINE,101,63,,METOTFG,2,TRIMMING INDICATOR FOR METHAMYFQ,,,2
METHAMPHETAMINE,101,63,,MEFQFLG,2,TRIMMED METHAMYFQ IF R USED < 12 MOS,,,2
METHAMPHETAMINE,102,64,MEFRAME3,METHEASWY,2,EASIEST WAY TO TELL # DAYS USED METHAMPHETAMINE,"Now think about the past 12 months, from [DATEFILL] through today. We want to know how many days you've used methamphetamine during the past 12 months. What would be the easiest way for you to tell us how many days you've used it?",,10
METHAMPHETAMINE,102,64,MEYRAVE,METHDYSYR,3,# DAYS USED METHAMPHETAMINE PAST 12 MONTHS,On how many days in the past 12 months did you use methamphetamine?,,8
METHAMPHETAMINE,102,64,MEMONAVE,METHDYPMO,2,# DAYS PER MO USED METHAMPHETAMINE PAST 12 MONTHS,"On average, how many days did you use methamphetamine each month during the past 12 months?",,8
METHAMPHETAMINE,102,64,MEWKAVE,METHDYPWK,2,# DAYS PER WK USED METHAMPHETAMINE PAST 12 MONTHS,"On average, how many days did you use methamphetamine each week during the past 12 months?",,8
METHAMPHETAMINE,103,65,ME06,METHAM30N,2,# DAYS USED METHAMPHETAMINE PAST 30 DAYS,"Think specifically about the past 30 days, from [DATEFILL] up to and including today. During the past 30 days, on how many days did you use methamphetamine?",,7
METHAMPHETAMINE,103,65,ME06DKRE,METHAM30E,2,BEST ESTIMATE # DAYS USED METH PAST 30 DAYS,What is your best estimate of the number of days you used methamphetamine during the past 30 days?,,6
PAIN RELIEVERS SCREENER,104,66,PR021,OXCNANYYR,2,ANY OXYCONTIN USE PAST 12 MOS,"Please look at the names and pictures of the pain relievers shown below. In the past 12 months, which, if any, of these pain relievers have you used?",,10
PAIN RELIEVERS SCREENER,104,66,PRLANY,PNRANYLIF,2,ANY PAIN RELIEVER USE IN LIFETIME,"Have you ever, even once, used any prescription pain reliever? Remember, do not report your use of ""over-the-counter"" pain relievers such as aspirin, Tylenol, Advil, or Aleve.",NOTE: PNRANYREC was created from responses of any use in the past 12 months for specific pain relievers and from PNRANYLIF for any lifetime use of pain relievers.,6
PAIN RELIEVERS SCREENER,104,66,,PNRANYREC,2,RC - MOST RECENT ANY PAIN RELIEVER USE (RECODE),,,6
PAIN RELIEVERS SCREENER,104,66,,FENTANYYR,1,RC-FENTANYL PRODUCTS - ANY PAST YEAR USE,"The following variable for any past year use of Fentanyl Products, FENTPDAPYU, was assigned a positive response if a respondent indicated any past year use of Actiq, Duragesic, Fentora, or generic fentanyl, or past year misuse of other pain relievers that contain fentanyl.",,3
TRANQUILIZERS SCREENER,105,67,TRLANY,TRQANYLIF,2,ANY TRANQUILIZER USE IN LIFETIME,"Have you ever, even once, used any prescription tranquilizer?",NOTE: TRQANYREC was created from responses of any use in the past 12 months for specific tranquilizers and from TRQANYLIF for any lifetime use of tranquilizers.,6
TRANQUILIZERS SCREENER,105,67,,TRQANYREC,2,RC - MOST RECENT ANY TRANQUILIZER USE (RECODE),,,6
TRANQUILIZERS SCREENER,105,67,,TRBZOANYYR,1,RC - BENZODIAZEPINES TRANQUILIZERS - ANY PAST YEAR USE,"The following variable for any past year use of Any Benzodiazepines Tranquilizers, TRBZOANYYR, was assigned a positive response if a respondent indicated any past year use of Benzodiazepine Tranquilizers or past year misuse of Benzodiazepine Tranquilizers that were specified as other Tranquilizers.",,3
STIMULANTS SCREENER,106,68,STLANY,STMANYLIF,2,ANY STIMULANT USE IN LIFETIME,"Have you ever, even once, used any prescription stimulant? Remember, do not include ""over-the-counter"" stimulants such as Dexatrim, No-Doz, Hydroxycut, or 5-Hour Energy.",NOTE: STMANYREC was created from responses of any use in the past 12 months for specific stimulants and from STMANYLIF for any lifetime use of stimulants.,6
STIMULANTS SCREENER,106,68,,STMANYREC,2,RC - MOST RECENT ANY STIMULANT USE (RECODE),,,6
SEDATIVES SCREENER,107,69,SVLANY,SEDANYLIF,2,ANY SEDATIVE USE IN LIFETIME,"Have you ever, even once, used any prescription sedative? Remember, do not include ""over-the-counter"" sedatives such as Sominex, Unisom, Nytol, or Benadryl.",NOTE: SEDANYREC was created from responses of any use in the past 12 months for specific sedatives and from SEDANYLIF for any lifetime use of sedatives.,6
SEDATIVES SCREENER,107,69,,SEDANYREC,2,RC - MOST RECENT ANY SEDATIVE USE (RECODE),,,6
SEDATIVES SCREENER,107,69,,SVBZOANYYR,1,RC - BENZODIAZEPINES SEDATIVES - ANY PAST YEAR USE,"The following variable for any past year use of Any Benzodiazepines Sedatives, SVBZOANYYR, was assigned a positive response if a respondent indicated any past year use of Benzodiazepine Sedatives or past year misuse of Benzodiazepine Sedatives that were specified as other Sedatives.",,3
PAIN RELIEVERS,108,70,"PRL01, PRL02",PNRNMLIF,2,EVER USED PAIN RELIEVER NOT DIRECTED BY DR,"The next question asks about using prescription pain relievers in any way a doctor did not direct you to use them. When you answer these questions, please think only about your use of the drug in any way a doctor did not direct you to use it, including: • Using it without a prescription of your own • Using it in greater amounts, more often, or longer than you were told to take it • Using it in any other way a doctor did not direct you to use it Have you ever, even once, used any prescription pain reliever in any way a doctor did not direct you to use it?",,8
PAIN RELIEVERS,108,70,PRY06,OXCNNMYR,2,USED OXYCONTIN NOT DIRECTED BY DR PAST 12 MOS,"In the past 12 months, did you use OxyContin in any way a doctor did not direct you to use it?",,9
PAIN RELIEVERS,108,70,PRY06A,OXCNNMAGE,3,AGE 1ST USED OXYCONTIN NOT DIRECTED BY DR,Please think about the first time you ever used OxyContin in a way a doctor did not direct you to use it. How old were you when you first used OxyContin in a way a doctor did not direct you to use it?,,7
PAIN RELIEVERS,108,70,"PRY06B, PRY06C, PRY06D",OXCNNMYFU,4,YEAR 1ST USED OXYCONTIN NOT DIRECTED BY DR,Did you first use OxyContin in a way a doctor did not direct you to use it in [CURRENT YEAR - 1] or [CURRENT YEAR]? Did you first use OxyContin in a way a doctor did not direct you to use it in [CURRENT YEAR - 2] or [CURRENT YEAR - 1]?,,7
PAIN RELIEVERS,109,71,PRY06D,OXCNNMMFU,2,MONTH 1ST USED OXYCONTIN NOT DIRECTED BY DR,"Earlier, you reported that you first used OxyContin in a way a doctor did not direct you to use it when you were [FILL] years old. Based on your date of birth, you turned [FILL] in [FILL]. In what month in [FILL] did you first use OxyContin in a way a doctor did not direct you to use it?","NOTE: The variable PNRNMREC is a recoded variable that was created from PNRNMLIF, the 12-month misuse variables of specific pain relievers, and PNRLVNM30DY.",18
PAIN RELIEVERS,109,71,,PNRNMREC,2,RC - MOST RECENT PAIN RELIEVER MISUSE (RECODE),,"NOTE: PNRNMINIT is ""reverse coded"" from the answers in PRL03. PRL03=1 (yes) was recoded to 2 in PNRNMINIT because this answer means that the respondent misused pain relievers before the past 12 months (and therefore is not a past year initiate for misuse of pain relievers). PRL03=2 (no) was recoded to 1 in PNRNMINIT because this answer means that the respondent did not misuse pain relievers before the past 12 months (and therefore is a past year initiate for misuse of pain relievers). Earlier questions were about the past 12 months. This question is about any time before then, that is, any time in your life before [DATEFILL]. At any time before [DATEFILL], did you ever use any prescription pain reliever in a way a doctor did not direct you to use it?",8
PAIN RELIEVERS,109,71,PRL03,PNRNMINIT,2,PAST YEAR INITIATE FOR ANY PAIN RELIEVER MISUSE,,"NOTE: The variables PNRNMAGE, PNRNMYFU, and PNRNMMFU show the age, year, and month of first misuse, respectively, for respondents who initiated misuse of pain relievers in the 12 months prior to being interviewed (PNRNMINIT=1).",9
PAIN RELIEVERS,110,72,,PNRNMAGE,3,RC - AGE AT 1ST MISUSE FOR PAST YR PNRLV INITIATES,,,5
PAIN RELIEVERS,110,72,,PNRNMYFU,4,RC - YR 1ST MISUSED FOR PAST YR PAIN RLVR INITIATES,,,5
PAIN RELIEVERS,110,72,,PNRNMMFU,2,RC - MO 1ST MISUSED FOR PAST YR PAIN RLVR INITIATES,,,16
PAIN RELIEVERS,110,72,PRM01,PNRNM30D,2,USED PAIN RLVR NOT DIRECTED BY DR PAST 30 DAYS,"In the past 30 days, that is, from [DATEFILL] up to and including today, did you use [PRNAMEFILL] in any way a doctor did not direct you to use [PRNUMFILL]?",,10
PAIN RELIEVERS,110,72,PRM02,PNRNM30FQ,2,# DAYS USED PAIN RLVR NOT DIRECTD BY DR PST 30 DYS,"During the past 30 days, on how many days did you use [PRNAMEFILL] in any way a doctor did not direct you to use [PRNUMFILL]?",,8
PAIN RELIEVERS,111,73,PRM02DKRE,PNRNM30ES,2,EST # DAYS USED PAIN RLVR NOT DIRECTED PST 30 DYS,What is your best estimate of the number of days you used [PRNAMEFILL] in any way a doctor did not direct you to use [PRNUMFILL] during the past 30 days?,"NOTE: Responses of ""yes"" in PNRNM30AL were assigned a code of 11 when respondents reported that they misused pain relievers with alcohol in the past 30 days but there was some question from the edited alcohol data about whether they used alcohol in the past 30 days. Analysts are encouraged to check the value of the final imputed alcohol recency IRALCRC when PNRNM30AL=11 to determine whether IRALCRC was assigned a value to indicate that the most recent use of alcohol was within the past 30 days or was more than 30 days ago but within the past 12 months. During the past 30 days, did you use [PRNAMEFILL] in any way a doctor did not direct you to use [PRNUMFILL] while you were drinking alcohol or within a couple of hours of drinking?",8
PAIN RELIEVERS,111,73,PRM03,PNRNM30AL,2,USED PAIN RLVR NOT DIRECTED BY DR W/ALC PST 30 DYS,,,7
PAIN RELIEVERS,111,73,PRYWAYS1,PNRWYNORX,2,USED PAIN RLVR W/O OWN RX PAST 12 MONTHS,"Which of these statements describe your use of it/them at any time in the past 12 months? To select more than one statement, press the space bar between the numbers. When you have finished, press [ENTER].",,9
PAIN RELIEVERS,111,73,PRYWAYS2,PNRWYGAMT,2,USED PAIN RLVR IN GREATER AMTS THAN RX PST 12 MOS,,,8
PAIN RELIEVERS,112,74,PRYWAYS3,PNRWYOFTN,2,USED PAIN RLVR MORE OFTEN THAN RX PAST 12 MONTHS,,,8
PAIN RELIEVERS,112,74,PRYWAYS4,PNRWYLNGR,2,USED PAIN RLVR LONGER THAN RX PAST 12 MONTHS,,,8
PAIN RELIEVERS,112,74,PRYWAYS5,PNRWYOTWY,2,USED PAIN RLVR OTHER WAY NOT DIRECTED PST 12 MOS,,,9
PAIN RELIEVERS,113,75,RPRYLAST,PNRNMLAS1,2,LAST PAIN RLVR USED NOT DIRECTED BY DR PST 12 MOS,"Now think about the last time you used a prescription pain reliever in any way a doctor did not direct you to use it. Which of these pain relievers did you use the last time? If you used more than one pain reliever the last time, please choose one pain reliever as your best answer.",,41
PAIN RELIEVERS,113,75,PRYMOTV1,PNRRSPAIN,2,USED LAST PAIN RLVR (NOT DIRECTED) TO RLV PAIN,Now think about the last time you used [PRLASTFILL2] in any way a doctor did not direct you to use it/them. What were the reasons you used [PRLASTFILL2] the last time?,,10
PAIN RELIEVERS,114,76,PRYMOTV2,PNRRSRELX,2,USED LAST PAIN RLVR (NOT DIRECTED) TO RELAX,,,9
PAIN RELIEVERS,114,76,PRYMOTV3,PNRRSEXPT,2,USED LAST PAIN RLVR (NOT DIRECTED) TO EXPERIMENT,,,8
PAIN RELIEVERS,114,76,PRYMOTV4,PNRRSHIGH,2,USED LAST PAIN RLVR (NOT DIRECTED) TO GET HIGH,,,9
PAIN RELIEVERS,114,76,PRYMOTV5,PNRRSSLEP,2,USED LAST PAIN RLVR (NOT DIRECTED) FOR SLEEP,,,9
PAIN RELIEVERS,114,76,PRYMOTV6,PNRRSEMOT,2,USED LAST PAIN RLVR (NOT DIRECTED) FOR EMOTIONS,,,10
PAIN RELIEVERS,115,77,PRYMOTV7,PNRRSDGFX,2,USED LAST PAIN RLVR (NOT DIRECTED) OTH DRUG EFFECT,,,8
PAIN RELIEVERS,115,77,PRYMOTV8,PNRRSHOOK,2,USED LAST PAIN RLVR (NOT DIRECTED) BECAUSE HOOKED,,,8
PAIN RELIEVERS,115,77,PRYMOTV9,PNRRSSOR,2,USED LAST PAIN RLVR (NOT DIRECTED) OTHER REASON,,,9
PAIN RELIEVERS,115,77,PRMOTOTSC,PNRRSOTRS2,3,REASON USED LAST PAIN RLVR (NOT DIRECTED),"Please type in the other reason you used [PRLASTFILL2] the last time. When you have finished typing your answer, press [ENTER] to go to the next question.",,17
PAIN RELIEVERS,116,78,RPRYMOT1,PNRRSMAIN,2,MAIN REASON USED LAST PAIN RLVR (NOT DIRECTED),Which was the main reason you used [PRLASTFILL2] the last time?,,17
PAIN RELIEVERS,116,78,,FENTNMYR,1,RC-FENTANYL PRODUCTS - PAST YEAR MISUSE,"The following variable for past year misuse of Fentanyl Products, FENTPDPYMU, was assigned a positive response if a respondent indicated past year misuse of Actiq, Duragesic, Fentora, generic fentanyl, or other pain relievers that contain fentanyl.",NOTE: PNRNORXFG is set to 1 when respondents reported that the only way they misused pain relievers in the past year was without a prescription. These respondents also reported that the last pain reliever they misused was obtained through a prescription (a) from one doctor or (b) from more than one doctor.,3
PAIN RELIEVERS,116,78,,PNRNORXFG,2,ONLY PST YR MISUSE W/O RX BUT RX FOR LAST PNR,,,2
TRANQUILIZERS,117,79,"TRL01, TRL02",TRQNMLIF,2,EVER USED TRANQUILIZER NOT DIRECTED BY DR,"The next question asks about using prescription tranquilizers in any way a doctor did not direct you to use them. When you answer these questions, please think only about your use of the drug in any way a doctor did not direct you to use it, including: • Using it without a prescription of your own • Using it in greater amounts, more often, or longer than you were told to take it • Using it in any other way a doctor did not direct you to use it Have you ever, even once, used any prescription tranquilizer in any way a doctor did not direct you to use it?","NOTE: The variable TRQNMREC is a recoded variable that was created from TRQNMLIF, the 12-month misuse variables of specific tranquilizers, and TRANQNM30DY.",8
TRANQUILIZERS,117,79,,TRQNMREC,2,RC - MOST RECENT TRANQUILIZER MISUSE (RECODE),,"NOTE: TRQNMINIT is ""reverse coded"" from the answers in TRL03. TRL03=1 (yes) was recoded to 2 in TRQNMINIT because this answer means that the respondent misused tranquilizers before the past 12 months (and therefore is not a past year initiate for misuse of tranquilizers). TRL03=2 (no) was recoded to 1 in TRQNMINIT because this answer means that the respondent did not misuse tranquilizers before the past 12 months (and therefore is a past year initiate for misuse of tranquilizers). Earlier questions were about the past 12 months. This question is about any time before then, that is, any time in your life before [DATEFILL]. At any time before [DATEFILL], did you ever use any prescription tranquilizer in a way a doctor did not direct you to use it?",8
TRANQUILIZERS,117,79,TRL03,TRQNMINIT,2,PAST YEAR INITIATE FOR ANY TRANQUILIZER MISUSE,,"NOTE: The variables TRQNMAGE, TRQNMYFU, and TRQNMMFU show the age, year, and month of first misuse, respectively, for respondents who initiated misuse of tranquilizers in the 12 months prior to being interviewed (TRQNMINIT=1).",8
TRANQUILIZERS,117,79,,TRQNMAGE,3,RC - AGE AT 1ST MISUSE FOR PAST YR TRANQ INITIATES,,,5
TRANQUILIZERS,118,80,,TRQNMYFU,4,RC - YR 1ST MISUSED FOR PAST YR TRANQ INITIATES,,,5
TRANQUILIZERS,118,80,,TRQNMMFU,2,RC - MO 1ST MISUSED FOR PAST YR TRANQ INITIATES,,,16
TRANQUILIZERS,118,80,TRM01,TRQNM30D,2,USED TRANQ NOT DIRECTED BY DR PAST 30 DAYS,"In the past 30 days, that is, from [DATEFILL] up to and including today, did you use [TRNAMEFILL] in any way a doctor did not direct you to use [TRNUMFILL]?",,10
TRANQUILIZERS,118,80,TRM02,TRQNM30FQ,2,# DAYS USED TRANQ NOT DIRECTD BY DR PST 30 DYS,"During the past 30 days, on how many days did you use [TRNAMEFILL] in any way a doctor did not direct you to use [TRNUMFILL]?",,5
TRANQUILIZERS,118,80,TRM02DKRE,TRQNM30ES,2,EST # DAYS USED TRANQ NOT DIRECTED PST 30 DYS,What is your best estimate of the number of days you used [TRNAMEFILL] in any way a doctor did not direct you to use [TRNUMFILL] during the past 30 days?,"NOTE: Responses of ""yes"" in TRQNM30AL were assigned a code of 11 when respondents reported that they misused tranquilizers with alcohol in the past 30 days but there was some question from the edited alcohol data about whether they used alcohol in the past 30 days. Analysts are encouraged to check the value of the final imputed alcohol recency IRALCRC when TRQNM30AL=11 to determine whether IRALCRC was assigned a value to indicate that the most recent use of alcohol was within the past 30 days or was more than 30 days ago but within the past 12 months. During the past 30 days, did you use [TRNAMEFILL] in any way a doctor did not direct you to use [TRNUMFILL] while you were drinking alcohol or within a couple of hours of drinking?",5
TRANQUILIZERS,119,81,TRM03,TRQNM30AL,2,USED TRANQ NOT DIRECTED BY DR W/ALC PST 30 DYS,,,6
TRANQUILIZERS,119,81,TRYWAYS1,TRQWYNORX,2,USED TRANQ W/O OWN RX PAST 12 MONTHS,Which of these statements describe your use of [TRNAMEFILL] at any time in the past 12 months?,,9
TRANQUILIZERS,119,81,TRYWAYS2,TRQWYGAMT,2,USED TRANQ IN GREATER AMTS THAN RX PST 12 MOS,,,9
TRANQUILIZERS,119,81,TRYWAYS3,TRQWYOFTN,2,USED TRANQ MORE OFTEN THAN RX PAST 12 MONTHS,,,9
TRANQUILIZERS,120,82,TRYWAYS4,TRQWYLNGR,2,USED TRANQ LONGER THAN RX PAST 12 MONTHS,,,9
TRANQUILIZERS,120,82,TRYWAYS5,TRQWYOTWY,2,USED TRANQ OTHER WAY NOT DIRECTED PST 12 MOS,,,9
TRANQUILIZERS,120,82,RTRYLAST,TRQNMLAS1,2,LAST TRANQ USED NOT DIRECTED BY DR PST 12 MOS,"Now think about the last time you used a prescription tranquilizer in any way a doctor did not direct you to use it. Which of these tranquilizers did you use the last time? If you used more than one tranquilizer the last time, please choose one tranquilizer as your best answer.",,20
TRANQUILIZERS,121,83,TRYMOTIV1,TRQRSRELX,2,USED LAST TRANQ (NOT DIRECTED) TO RELAX,Now think about the last time you used [TRLASTFILL2] in any way a doctor did not direct you to use it/them. What were the reasons you used [TRLASTFILL2] the last time?,,10
TRANQUILIZERS,121,83,TRYMOTIV2,TRQRSEXPT,2,USED LAST TRANQ (NOT DIRECTED) TO EXPERIMENT,,,10
TRANQUILIZERS,121,83,TRYMOTIV3,TRQRSHIGH,2,USED LAST TRANQ (NOT DIRECTED) TO GET HIGH,,,10
TRANQUILIZERS,121,83,TRYMOTIV4,TRQRSSLEP,2,USED LAST TRANQ (NOT DIRECTED) FOR SLEEP,,,10
TRANQUILIZERS,122,84,TRYMOTIV5,TRQRSEMOT,2,USED LAST TRANQ (NOT DIRECTED) FOR EMOTIONS,,,10
TRANQUILIZERS,122,84,TRYMOTIV6,TRQRSDGFX,2,USED LAST TRANQ (NOT DIRECTED) OTH DRUG EFFECT,,,9
TRANQUILIZERS,122,84,TRYMOTIV7,TRQRSHOOK,2,USED LAST TRANQ (NOT DIRECTED) BECAUSE HOOKED,,,9
TRANQUILIZERS,122,84,TRYMOTIV8,TRQRSSOR,2,USED LAST TRANQ (NOT DIRECTED) OTHER REASON,,,9
TRANQUILIZERS,123,85,TRMOTOT,TRQRSOTRS2,3,REASON USED LAST TRANQ (NOT DIRECTED),"Please type in the other reason you used [TRLASTFILL2] the last time. When you have finished typing your answer, press [ENTER] to go to the next question.",,16
TRANQUILIZERS,123,85,RTRYMOT1,TRQRSMAIN,2,MAIN REASON USED LAST TRANQ (NOT DIRECTED),Which was the main reason you used [TRLASTFILL2] the last time?,,16
TRANQUILIZERS,123,85,,TRBZONMYR,1,RC - BENZODIAZEPINES TRANQUILIZERS - PAST YEAR MISUSE,"The following variable for any past year use of Any Benzodiazepines Tranquilizers, TRBZNMYR, was assigned a positive response if a respondent indicated any past year use of Benzodiazepine Tranquilizers or past year misuse of Benzodiazepine Tranquilizers that were specified as other Tranquilizers.",NOTE: TRQNORXFG is set to 1 when respondents reported that the only way they misused tranquilizers in the past year was without a prescription. These respondents also reported that the last tranquilizer they misused was obtained through a prescription (a) from one doctor or (b) from more than one doctor.,3
TRANQUILIZERS,123,85,,TRQNORXFG,2,ONLY PST YR MISUSE W/O RX BUT RX FOR LAST TRANQ,,,2
STIMULANTS,124,86,"STL01, STL02",STMNMLIF,2,EVER USED STIMULANT NOT DIRECTED BY DR,"The next question asks about using prescription stimulants in any way a doctor did not direct you to use them. When you answer these questions, please think only about your use of the drug in any way a doctor did not direct you to use it, including: • Using it without a prescription of your own • Using it in greater amounts, more often, or longer than you were told to take it • Using it in any other way a doctor did not direct you to use it Have you ever, even once, used any prescription stimulant in any way a doctor did not direct you to use it?","NOTE: The variable STMNMREC is a recoded variable that was created from STMNMLIF, the 12-month misuse variables of specific stimulants, and STIMNM30DY.",8
STIMULANTS,124,86,,STMNMREC,2,RC - MOST RECENT STIMULANT MISUSE (RECODE),,"NOTE: STMNMINIT is ""reverse coded"" from the answers in STL03. STL03=1 (yes) was recoded to 2 in STMNMINIT because this answer means that the respondent misused stimulants before the past 12 months (and therefore is not a past year initiate for misuse of stimulants). STL03=2 (no) was recoded to 1 in STMNMINIT because this answer means that the respondent did not misuse stimulants before the past 12 months (and therefore is a past year initiate for misuse of stimulants). Earlier questions were about the past 12 months. This question is about any time before then, that is, any time in your life before [DATEFILL]. At any time before [DATEFILL], did you ever use any prescription stimulant in a way a doctor did not direct you to use it?",8
STIMULANTS,124,86,STL03,STMNMINIT,2,PAST YEAR INITIATE FOR ANY STIMULANT MISUSE,,"NOTE: The variables STMNMAGE, STMNMYFU, and STMNMMFU show the age, year, and month of first misuse, respectively, for respondents who initiated misuse of stimulants in the 12 months prior to being interviewed (STMNMINIT=1).",8
STIMULANTS,124,86,,STMNMAGE,3,RC - AGE 1ST MISUSED FOR PAST YR STIM INITIATES,,,5
STIMULANTS,125,87,,STMNMYFU,4,RC - YR 1ST MISUSED FOR PAST YR STIM INITIATES,,,5
STIMULANTS,125,87,,STMNMMFU,2,RC - MONTH 1ST MISUSED FOR PAST YR STIM INITIATES,,,16
STIMULANTS,125,87,STM01,STMNM30D,2,USED STIMULANT NOT DIRECTED BY DR PAST 30 DAYS,"In the past 30 days, that is, from [DATEFILL] up to and including today, did you use [STNAMEFILL] in any way a doctor did not direct you to use [STNUMFILL]?",,9
STIMULANTS,125,87,STM02,STMNM30FQ,2,# DAYS USED STIMULANT NOT DIRECTD BY DR PST 30 DYS,"During the past 30 days, on how many days did you use [STNAMEFILL] in any way a doctor did not direct you to use [STNUMFILL]?",,8
STIMULANTS,126,88,STM02DKRE,STMNM30ES,2,EST # DAYS USED STIMULANT NOT DIRECTED PST 30 DYS,What is your best estimate of the number of days you used [STNAMEFILL] in any way a doctor did not direct you to use [STNUMFILL] during the past 30 days?,,8
STIMULANTS,126,88,STM03,STMNM30AL,2,USED STIMULANT NOT DIRECTED BY DR W/ALC PST 30 DYS,"During the past 30 days, did you use [STNAMEFILL] in any way a doctor did not direct you to use [STNUMFILL] while you were drinking alcohol or within a couple of hours of drinking?",,7
STIMULANTS,126,88,STYWAYS1,STMWYNORX,2,USED STIMULANT W/O OWN RX PAST 12 MONTHS,"Which of these statements describe your use of it/them at any time in the past 12 months? To select more than one statement, press the space bar between the numbers. When you have finished, press [ENTER].",,9
STIMULANTS,126,88,STYWAYS2,STMWYGAMT,2,USED STIMULANT IN GREATER AMTS THAN RX PST 12 MOS,,,8
STIMULANTS,126,88,STYWAYS3,STMWYOFTN,2,USED STIMULANT MORE OFTEN THAN RX PAST 12 MONTHS,,,8
STIMULANTS,127,89,STYWAYS4,STMWYLNGR,2,USED STIMULANT LONGER THAN RX PAST 12 MONTHS,,,8
STIMULANTS,127,89,STYWAYS5,STMWYOTWY,2,USED STIMULANT OTHER WAY NOT DIRECTED PST 12 MOS,,,8
STIMULANTS,127,89,STYNDL,STMNDLYR,2,USED STIMULANT WITH A NEEDLE PAST 12 MONTHS,"At any time in the past 12 months, did you ever use a needle to inject [STNAMEFILL] ?",,7
STIMULANTS,127,89,STNDL30,STMNDLREC,2,TIME SINCE LAST USED NEEDLE TO INJECT STIMULANT,,,8
STIMULANTS,128,90,RSTYLAST,STMNMLAS1,2,LAST STIMULANT USED NOT DIRECTED BY DR PST 12 MOS,"Now think about the last time you used a prescription stimulant in any way a doctor did not direct you to use it. Which of these stimulants did you use the last time? If you used more than one stimulant the last time, please choose one stimulant as your best answer.",,31
STIMULANTS,128,90,STYMOTIV1,STMRSWGHT,2,USED LAST STIMULANT (NOT DIRECTED) TO LOSE WEIGHT,Now think about the last time you used [STLASTFILL2] in any way a doctor did not direct you to use it/them. What were the reasons you used [STLASTFILL2] the last time?,,9
STIMULANTS,128,90,STYMOTIV2,STMRSCONC,2,USED LAST STIMULANT (NOT DIRECTED) TO CONCENTRATE,,,9
STIMULANTS,129,91,STYMOTIV3,STMRSALRT,2,USED LAST STIMULANT (NOT DIRECTED) TO BE ALERT,,,8
STIMULANTS,129,91,STYMOTIV4,STMRSSTDY,2,USED LAST STIMULANT (NOT DIRECTED) TO STUDY,,,8
STIMULANTS,129,91,STYMOTIV5,STMRSEXPT,2,USED LAST STIMULANT (NOT DIRECTED) TO EXPERIMENT,,,9
STIMULANTS,129,91,STYMOTIV6,STMRSHIGH,2,USED LAST STIMULANT (NOT DIRECTED) TO GET HIGH,,,9
STIMULANTS,129,91,STYMOTIV7,STMRSDGFX,2,USED LAST STIMULANT (NOT DIRECTED) OTH DRUG EFFECT,,,9
STIMULANTS,130,92,STYMOTIV8,STMRSHOOK,2,USED LAST STIMULANT (NOT DIRECTED) BECAUSE HOOKED,,,8
STIMULANTS,130,92,STYMOTIV9,STMRSSOR,2,USED LAST STIMULANT (NOT DIRECTED) OTHER REASON,,,8
STIMULANTS,130,92,STMOTOT,STMRSOTRS2,3,REASON USED LAST STIMULANT (NOT DIRECTED),"Please type in the other reason you used [STLASTFILL2] the last time. When you have finished typing your answer, press [ENTER] to go to the next question.",,18
STIMULANTS,130,92,RSTYMOT1,STMRSMAIN,2,MAIN REASON USED LAST STIMULANT (NOT DIRECTED),Which was the main reason you used [STLASTFILL2] the last time?,NOTE: STMNORXFG is set to 1 when respondents reported that the only way they misused stimulants in the past year was without a prescription. These respondents also reported that the last stimulant they misused was obtained through a prescription (a) from one doctor or (b) from more than one doctor.,15
STIMULANTS,131,93,,STMNORXFG,2,ONLY PST YR MISUSE W/O RX BUT RX FOR LAST STIM,,,2
SEDATIVES,132,94,"SVL01, SVL02",SEDNMLIF,2,EVER USED SEDATIVE NOT DIRECTED BY DR,"The next question asks about using prescription sedatives in any way a doctor did not direct you to use them. When you answer these questions, please think only about your use of the drug in any way a doctor did not direct you to use it, including: • Using it without a prescription of your own • Using it in greater amounts, more often, or longer than you were told to take it • Using it in any other way a doctor did not direct you to use it Have you ever, even once, used any prescription sedative in any way a doctor did not direct you to use it?","NOTE: The variable SEDNMREC is a recoded variable that was created from SEDNMLIF, the 12-month misuse variables of specific sedatives, and SEDTVNM30DY.",8
SEDATIVES,132,94,,SEDNMREC,2,RC - MOST RECENT SEDATIVE MISUSE (RECODE),,"NOTE: SEDNMINIT is ""reverse coded"" from the answers in SVL03. SVL03=1 (yes) was recoded to 2 in SEDNMINIT because this answer means that the respondent misused sedatives before the past 12 months (and therefore is not a past year initiate for misuse of sedatives). SVL03=2 (no) was recoded to 1 in SEDNMINIT because this answer means that the respondent did not misuse sedatives before the past 12 months (and therefore is a past year initiate for misuse of sedatives). Earlier questions were about the past 12 months. This question is about any time before then, that is, any time in your life before [DATEFILL]. At any time before [DATEFILL], did you ever use any prescription sedative in a way a doctor did not direct you to use it?",8
SEDATIVES,132,94,SVL03,SEDNMINIT,2,PAST YEAR INITIATE FOR ANY SEDATIVE MISUSE,,"NOTE: The variables SEDNMAGE, SEDNMYFU, and SEDNMMFU show the age, year, and month of first misuse, respectively, for respondents who initiated misuse of sedatives in the 12 months prior to being interviewed (SEDNMINIT=1).",7
SEDATIVES,132,94,,SEDNMAGE,3,RC - AGE AT 1ST MISUSE FOR PAST YR SED INITIATES,,,5
SEDATIVES,133,95,,SEDNMYFU,4,RC - YR 1ST MISUSED FOR PAST YR SED INITIATES,,,5
SEDATIVES,133,95,,SEDNMMFU,2,RC - MO 1ST MISUSED FOR PAST YR SED INITIATES,,,16
SEDATIVES,133,95,SVM01,SEDNM30D,2,USED SEDATIVE NOT DIRECTED BY DR PAST 30 DAYS,"In the past 30 days, that is, from [DATEFILL] up to and including today, did you use [SVNAMEFILL] in any way a doctor did not direct you to use [SVNUMFILL]?",,9
SEDATIVES,133,95,SVM02,SEDNM30FQ,2,# DAYS USED SEDATIVE NOT DIRECTD BY DR PST 30 DYS,"During the past 30 days, on how many days did you use [SVNAMEFILL] in any way a doctor did not direct you to use [SVNUMFILL]?",,8
SEDATIVES,133,95,SVM02DKRE,SEDNM30ES,2,EST # DAYS USED SEDATIVE NOT DIRECTED PST 30 DYS,What is your best estimate of the number of days you used [SVNAMEFILL] in any way a doctor did not direct you to use [SVNUMFILL] during the past 30 days?,,6
SEDATIVES,134,96,SVM03,SEDNM30AL,2,USED SEDATIVE NOT DIRECTED BY DR W/ALC PST 30 DYS,"During the past 30 days, did you use [SVNAMEFILL] in any way a doctor did not direct you to use [SVNUMFILL] while you were drinking alcohol or within a couple of hours of drinking?",,8
SEDATIVES,134,96,SVYWAYS1,SEDWYNORX,2,USED SEDATIVE W/O OWN RX PAST 12 MONTHS,Which of these statements describe your use of [SVNAMEFILL] at any time in the past 12 months?,,9
SEDATIVES,134,96,SVYWAYS2,SEDWYGAMT,2,USED SEDATIVE IN GREATER AMTS THAN RX PST 12 MOS,,,9
SEDATIVES,134,96,SVYWAYS3,SEDWYOFTN,2,USED SEDATIVE MORE OFTEN THAN RX PAST 12 MONTHS,,,8
SEDATIVES,134,96,SVYWAYS4,SEDWYLNGR,2,USED SEDATIVE LONGER THAN RX PAST 12 MONTHS,,,8
SEDATIVES,135,97,SVYWAYS5,SEDWYOTWY,2,USED SEDATIVE OTHER WAY NOT DIRECTED PST 12 MOS,,,8
SEDATIVES,135,97,RSVYLAST,SEDNMLAST,2,LAST SEDATIVE USED NOT DIRECTED BY DR PST 12 MOS,"Now think about the last time you used a prescription sedative in any way a doctor did not direct you to use it. Which of these sedatives did you use the last time? If you used more than one sedative the last time, please choose one sedative as your best answer.",,21
SEDATIVES,135,97,SVYMOTV1,SEDRSRELX,2,USED LAST SEDATIVE (NOT DIRECTED) TO RELAX,Now think about the last time you used [SVLASTFILL2] in any way a doctor did not direct you to use it/them. What were the reasons you used [SVLASTFILL2] the last time?,,8
SEDATIVES,135,97,SVYMOTV2,SEDRSEXPT,2,USED LAST SEDATIVE (NOT DIRECTED) TO EXPERIMENT,,,9
SEDATIVES,136,98,SVYMOTV3,SEDRSHIGH,2,USED LAST SEDATIVE (NOT DIRECTED) TO GET HIGH,,,8
SEDATIVES,136,98,SVYMOTV4,SEDRSSLEP,2,USED LAST SEDATIVE (NOT DIRECTED) FOR SLEEP,,,9
SEDATIVES,136,98,SVYMOTV5,SEDRSEMOT,2,USED LAST SEDATIVE (NOT DIRECTED) FOR EMOTIONS,,,8
SEDATIVES,136,98,SVYMOTV6,SEDRSDGFX,2,USED LAST SEDATIVE (NOT DIRECTED) OTH DRUG EFFECT,,,8
SEDATIVES,136,98,SVYMOTV7,SEDRSHOOK,2,USED LAST SEDATIVE (NOT DIRECTED) BECAUSE HOOKED,,,8
SEDATIVES,137,99,SVYMOTV8,SEDRSSOR,2,USED LAST SEDATIVE (NOT DIRECTED) OTHER REASON,,,8
SEDATIVES,137,99,SVMOTOT,SEDRSOTRS2,3,REASON USED LAST SEDATIVE (NOT DIRECTED),"Please type in the other reason you used [SVLASTFILL2] the last time. When you have finished typing your answer, press [ENTER] to go to the next question.",,10
SEDATIVES,137,99,RSVYMOT1,SEDRSMAIN,2,MAIN REASON USED LAST SEDATIVE (NOT DIRECTED),Which was the main reason you used [SVLASTFILL2] the last time?,,13
SEDATIVES,137,99,,SVBZONMYR,1,RC - BENZODIAZEPINES SEDATIVES - PAST YEAR MISUSE,"The following variable for past year misuse of Any Benzodiazepines Sedatives, SVBZONMYR, was assigned a positive response if a respondent indicated any past year misuse of Benzodiazepine Sedatives or past year misuse of Benzodiazepine Sedatives that were specified as other Sedatives.",NOTE: STMNORXFG is set to 1 when respondents reported that the only way they misused sedatives in the past year was without a prescription. These respondents also reported that the last sedative they misused was obtained through a prescription (a) from one doctor or (b) from more than one doctor.,3
SEDATIVES,137,99,,SEDNORXFG,2,ONLY PST YR MISUSE W/O RX BUT RX FOR LAST SED,,,2
RECENCY OF DRUG USE,138,100,CIGREC,IRCIGRC,1,CIGARETTE RECENCY - IMPUTATION REVISED,IMPUTED SUBSTANCE USE,,5
RECENCY OF DRUG USE,138,100,CIGREC,IICIGRC,1,CIGARETTE RECENCY - IMPUTATION INDICATOR,,,3
RECENCY OF DRUG USE,138,100,CIGREC,II2CIGRC,1,CIGARETTE RECENCY - DETAILED IMPUTATION INDICATOR,,,8
RECENCY OF DRUG USE,138,100,CIGARREC,IRCGRRC,1,CIGAR RECENCY - IMPUTATION REVISED,,,5
RECENCY OF DRUG USE,138,100,CIGARREC,IICGRRC,1,CIGAR RECENCY - IMPUTATION INDICATOR,,,2
RECENCY OF DRUG USE,138,100,CIGARREC,II2CGRRC,1,CIGAR RECENCY - DETAILED IMPUTATION INDICATOR,,,8
RECENCY OF DRUG USE,138,100,PIPEVER,IRPIPLF,1,LIFETIME PIPE USE - IMPUTATION REVISED,,,2
RECENCY OF DRUG USE,139,101,PIPEVER,IIPIPLF,1,LIFETIME PIPE USE - IMPUTATION INDICATOR,,,2
RECENCY OF DRUG USE,139,101,PIPE30DY,IRPIPMN,1,PAST MONTH PIPE USE - IMPUTATION REVISED,,,3
RECENCY OF DRUG USE,139,101,PIPE30DY,IIPIPMN,1,PAST MONTH PIPE USE - IMPUTATION INDICATOR,,,3
RECENCY OF DRUG USE,139,101,SMKLSSREC,IRSMKLSSREC,1,SMOKELESS TOBACCO RECENCY - IMPUTATION REVISED,,,5
RECENCY OF DRUG USE,139,101,SMKLSSREC,IISMKLSSREC,1,SMOKELESS TOBACCO RECENCY - IMPUTATION INDICATOR,,,7
RECENCY OF DRUG USE,139,101,ALCREC,IRALCRC,1,ALCOHOL RECENCY - IMPUTATION REVISED,,,4
RECENCY OF DRUG USE,139,101,ALCREC,IIALCRC,1,ALCOHOL RECENCY - IMPUTATION INDICATOR,,,3
RECENCY OF DRUG USE,139,101,ALCREC,II2ALCRC,1,ALCOHOL RECENCY - DETAILED IMPUTATION INDICATOR,,,5
RECENCY OF DRUG USE,140,102,MJREC,IRMJRC,1,MARIJUANA RECENCY - IMPUTATION REVISED,,,4
RECENCY OF DRUG USE,140,102,MJREC,IIMJRC,1,MARIJUANA RECENCY - IMPUTATION INDICATOR,,,3
RECENCY OF DRUG USE,140,102,MJREC,II2MJRC,1,MARIJUANA RECENCY - DETAILED IMPUTATION INDICATOR,,,5
RECENCY OF DRUG USE,140,102,COCREC,IRCOCRC,1,COCAINE RECENCY - IMPUTATION REVISED,,,4
RECENCY OF DRUG USE,140,102,COCREC,IICOCRC,1,COCAINE RECENCY - IMPUTATION INDICATOR,,,3
RECENCY OF DRUG USE,140,102,COCREC,II2COCRC,1,COCAINE RECENCY - DETAILED IMPUTATION INDICATOR,,,5
RECENCY OF DRUG USE,140,102,CRAKREC,IRCRKRC,1,CRACK RECENCY - IMPUTATION REVISED,,,4
RECENCY OF DRUG USE,140,102,CRAKREC,IICRKRC,1,CRACK RECENCY - IMPUTATION INDICATOR,,,2
RECENCY OF DRUG USE,141,103,CRAKREC,II2CRKRC,1,CRACK RECENCY - DETAILED IMPUTATION INDICATOR,,,4
RECENCY OF DRUG USE,141,103,HERREC,IRHERRC,1,HEROIN RECENCY - IMPUTATION REVISED,,,4
RECENCY OF DRUG USE,141,103,HERREC,IIHERRC,1,HEROIN RECENCY - IMPUTATION INDICATOR,,,2
RECENCY OF DRUG USE,141,103,HERREC,II2HERRC,1,HEROIN RECENCY - DETAILED IMPUTATION INDICATOR,,,4
RECENCY OF DRUG USE,141,103,HALLUCREC,IRHALLUCREC,1,HALLUCINOGEN RECENCY - IMPUTATION REVISED,,,4
RECENCY OF DRUG USE,141,103,HALLUCREC,IIHALLUCREC,1,HALLUCINOGEN RECENCY - IMPUTATION INDICATOR,,,5
RECENCY OF DRUG USE,141,103,LSDREC,IRLSDRC,1,LSD RECENCY - IMPUTATION REVISED,,,4
RECENCY OF DRUG USE,141,103,LSDREC,IILSDRC,1,LSD RECENCY - IMPUTATION INDICATOR,,,3
RECENCY OF DRUG USE,142,104,LSDREC,II2LSDRC,1,LSD RECENCY - DETAILED IMPUTATION INDICATOR,,,5
RECENCY OF DRUG USE,142,104,PCPREC,IRPCPRC,1,PCP RECENCY - IMPUTATION REVISED,,,4
RECENCY OF DRUG USE,142,104,PCPREC,IIPCPRC,1,PCP RECENCY - IMPUTATION INDICATOR,,,2
RECENCY OF DRUG USE,142,104,PCPREC,II2PCPRC,1,PCP RECENCY - DETAILED IMPUTATION INDICATOR,,,4
RECENCY OF DRUG USE,142,104,ECSTMOREC,IRECSTMOREC,1,ECSTASY RECENCY - IMPUTATION REVISED,,,4
RECENCY OF DRUG USE,142,104,ECSTMOREC,IIECSTMOREC,1,ECSTASY RECENCY - IMPUTATION INDICATOR,,,4
RECENCY OF DRUG USE,142,104,KETMINREC,IRKETMINREC,1,KETAMINE RECENCY - IMPUTATION REVISED,,,4
RECENCY OF DRUG USE,142,104,KETMINREC,IIKETMINREC,1,KETAMINE RECENCY - IMPUTATION INDICATOR,,,5
RECENCY OF DRUG USE,143,105,DAMTFXREC,IRDAMTFXREC,1,DMT/AMT/FOXY RECENCY - IMPUTATION REVISED,,,4
RECENCY OF DRUG USE,143,105,DAMTFXREC,IIDAMTFXREC,1,DMT/AMT/FOXY RECENCY - IMPUTATION INDICATOR,,,4
RECENCY OF DRUG USE,143,105,SALVIAREC,IRSALVIAREC,1,SALVIA RECENCY - IMPUTATION REVISED,,,4
RECENCY OF DRUG USE,143,105,SALVIAREC,IISALVIAREC,1,SALVIA RECENCY - IMPUTATION INDICATOR,,,4
RECENCY OF DRUG USE,143,105,INHALREC,IRINHALREC,1,INHALANT RECENCY - IMPUTATION REVISED,,,4
RECENCY OF DRUG USE,143,105,INHALREC,IIINHALREC,1,INHALANT RECENCY - IMPUTATION INDICATOR,,,4
RECENCY OF DRUG USE,143,105,METHAMREC,IRMETHAMREC,1,METHAMPHETAMINE RECENCY - IMPUTATION REVISED,,,4
RECENCY OF DRUG USE,143,105,METHAMREC,IIMETHAMREC,1,METHAMPHETAMINE USE RECENCY - IMPUTATION INDICATOR,,"NOTE: The following 14 variables refer to any use of prescription drugs. Any Use of prescription drugs is defined as either the use of one's own prescription medication as directed by a doctor or the misuse of prescription drugs. Misuse of prescription drugs is defined as use in any way not directed by a doctor, including use without a prescription of one's own medication; use in greater amounts, more often, or longer than told to take a drug; or use in any other way not directed by a doctor. Due to potential underreporting of lifetime prescription drug use, users are cautioned against using the levels ‘More than 12 months ago’ and ‘NEVER USED XXX’ in analysis for the following variables: IRPNRANYREC, IRTRQANYREC, IRSTMANYREC, and IRSEDANYREC.",4
RECENCY OF DRUG USE,144,106,PNRANYREC,IRPNRANYREC,1,ANY PAIN RELIEVER RECENCY - IMPUTATION REVISED,,,3
RECENCY OF DRUG USE,144,106,PNRANYREC,IIPNRANYREC,1,ANY PAIN RELIEVER RECENCY - IMPUTATION INDICATOR,,,3
RECENCY OF DRUG USE,144,106,OXCNANYYR,IROXCNANYYR,1,ANY OXYCONTIN RECENCY - IMPUTATION REVISED,,,2
RECENCY OF DRUG USE,144,106,OXCNANYYR,IIOXCNANYYR,1,ANY OXYCONTIN RECENCY - IMPUTATION INDICATOR,,,3
RECENCY OF DRUG USE,144,106,FENTANYYR,IRFENTANYYR,1,FENTANYL PRODUCTS - ANY PAST YEAR USE - IMP REV,,,2
RECENCY OF DRUG USE,144,106,FENTANYYR,IIFENTANYYR,1,FENTANYL PRODUCTS - ANY PAST YEAR USE - IMP IND,,,3
RECENCY OF DRUG USE,144,106,TRQANYREC,IRTRQANYREC,1,ANY TRANQUILIZERS RECENCY - IMPUTATION REVISED,,,3
RECENCY OF DRUG USE,144,106,TRQANYREC,IITRQANYREC,1,ANY TRANQUILIZERS RECENCY - IMPUTATION INDICATOR,,,3
RECENCY OF DRUG USE,145,107,STMANYREC,IRSTMANYREC,1,ANY STIMULANTS RECENCY - IMPUTATION REVISED,,,3
RECENCY OF DRUG USE,145,107,STMANYREC,IISTMANYREC,1,ANY STIMULANTS RECENCY - IMPUTATION INDICATOR,,,3
RECENCY OF DRUG USE,145,107,SEDANYREC,IRSEDANYREC,1,ANY SEDATIVES RECENCY - IMPUTATION REVISED,,,3
RECENCY OF DRUG USE,145,107,SEDANYREC,IISEDANYREC,1,ANY SEDATIVES RECENCY - IMPUTATION INDICATOR,,,3
RECENCY OF DRUG USE,145,107,BZOANYYR,IRBZOANYYR,1,ANY BENZODIAZEPINES - PAST YEAR USE - IMPUTATION REVISED,,,2
RECENCY OF DRUG USE,145,107,BZOANYYR,IIBZOANYYR,1,ANY BENZODIAZEPINES - PAST YEAR USE - IMPUTATION INDICATOR,,"NOTE: The following 14 variables refer to the misuse of prescription drugs. Misuse of prescription drugs is defined as use in any way not directed by a doctor, including use without a prescription of one's own medication; use in greater amounts, more often, or longer than told to take a drug; or use in any other way not directed by a doctor. Due to potential underreporting of lifetime prescription drug use, users are cautioned against using the levels ‘More than 12 months ago’ and ‘NEVER MISUSED XXX’ in analysis for the following variables: IRPNRNMREC, IRTRQNMREC, IRSTMNMREC, and IRSEDNMREC.",2
RECENCY OF DRUG USE,145,107,PNRNMREC,IRPNRNMREC,1,PAIN RELIEVER MISUSE RECENCY - IMPUTATION REVISED,,,4
RECENCY OF DRUG USE,145,107,PNRNMREC,IIPNRNMREC,1,PAIN RELIEVER MISUSE RECENCY - IMPUTATION INDICATOR,,,6
RECENCY OF DRUG USE,146,108,OXCNNMYR,IROXCNNMYR,1,OXYCONTIN PAST YEAR MISUSE - IMPUTATION REVISED,,,2
RECENCY OF DRUG USE,146,108,OXCNNMYR,IIOXCNNMYR,1,OXYCONTIN PAST YEAR MISUSE - IMPUTATION INDICATOR,,,3
RECENCY OF DRUG USE,146,108,FENTNMYR,IRFENTNMYR,1,FENTANYL PRODUCTS - PAST YEAR MISUSE - IMP REV,,,2
RECENCY OF DRUG USE,146,108,FENTNMYR,IIFENTNMYR,1,FENTANYL PRODUCTS - PAST YEAR MISUSE - IMP IND,,,2
RECENCY OF DRUG USE,146,108,TRQNMREC,IRTRQNMREC,1,TRANQUILIZER MISUSE RECENCY - IMPUTATION REVISED,,,4
RECENCY OF DRUG USE,146,108,TRQNMREC,IITRQNMREC,1,TRANQUILIZER MISUSE RECENCY - IMPUTATION INDICATOR,,,6
RECENCY OF DRUG USE,146,108,STMNMREC,IRSTMNMREC,1,STIMULANT MISUSE RECENCY - IMPUTATION REVISED,,,4
RECENCY OF DRUG USE,146,108,STMNMREC,IISTMNMREC,1,STIMULANT MISUSE RECENCY - IMPUTATION INDICATOR,,,6
RECENCY OF DRUG USE,147,109,SEDNMREC,IRSEDNMREC,1,SEDATIVE MISUSE RECENCY - IMPUTATION REVISED,,,4
RECENCY OF DRUG USE,147,109,SEDNMREC,IISEDNMREC,1,SEDATIVE MISUSE RECENCY - IMPUTATION INDICATOR,,,6
RECENCY OF DRUG USE,147,109,BZONMYR,IRBZONMYR,1,ANY BENZODIAZEPINES - PAST YEAR MISUSE - IMPUTATION REVISED,,,2
RECENCY OF DRUG USE,147,109,BZONMYR,IIBZONMYR,1,ANY BENZODIAZEPINES - PAST YEAR MISUSE - IMP IND,,,2
PAST YEAR FREQUENCY OF USE,148,110,ALCYRTOT,IRALCFY,3,ALCOHOL FREQUENCY PAST YEAR - IMPUTATION REVISED,"NOTE: The term ""Past Year Frequency"" is interchangeable with the term ""12-Month Frequency"".",,3
PAST YEAR FREQUENCY OF USE,148,110,ALCYRTOT,IIALCFY,1,ALCOHOL FREQUENCY PAST YEAR - IMPUTATION INDICATOR,,,4
PAST YEAR FREQUENCY OF USE,148,110,ALCYRTOT,II2ALCFY,1,ALCOHOL FREQ PAST YEAR - DETAILED IMPUTATION INDICATOR,,,5
PAST YEAR FREQUENCY OF USE,148,110,MJYRTOT,IRMJFY,3,MARIJUANA FREQUENCY PAST YEAR - IMPUTATION REVISED,,,3
PAST YEAR FREQUENCY OF USE,148,110,MJYRTOT,IIMJFY,1,MARIJUANA FREQUENCY PAST YEAR - IMPUTATION INDICATOR,,,4
PAST YEAR FREQUENCY OF USE,148,110,MJYRTOT,II2MJFY,1,MARIJUANA FREQ PAST YEAR - DETAILED IMPUTATION INDICATOR,,,5
PAST YEAR FREQUENCY OF USE,148,110,COCYRTOT,IRCOCFY,3,COCAINE FREQUENCY PAST YEAR - IMPUTATION REVISED,,,3
PAST YEAR FREQUENCY OF USE,148,110,COCYRTOT,IICOCFY,1,COCAINE FREQUENCY PAST YEAR - IMPUTATION INDICATOR,,,4
PAST YEAR FREQUENCY OF USE,149,111,COCYRTOT,II2COCFY,1,COCAINE FREQ PAST YEAR - DETAILED IMPUTATION INDICATOR,,,5
PAST YEAR FREQUENCY OF USE,149,111,CRKYRTOT,IRCRKFY,3,CRACK FREQUENCY PAST YEAR - IMPUTATION REVISED,,,3
PAST YEAR FREQUENCY OF USE,149,111,CRKYRTOT,IICRKFY,1,CRACK FREQUENCY PAST YEAR - IMPUTATION INDICATOR,,,4
PAST YEAR FREQUENCY OF USE,149,111,CRKYRTOT,II2CRKFY,1,CRACK FREQ PAST YEAR - DETAILED IMPUTATION INDICATOR,,,5
PAST YEAR FREQUENCY OF USE,149,111,HERYRTOT,IRHERFY,3,HEROIN FREQUENCY PAST YEAR - IMPUTATION REVISED,,,3
PAST YEAR FREQUENCY OF USE,149,111,HERYRTOT,IIHERFY,1,HEROIN FREQUENCY PAST YEAR - IMPUTATION INDICATOR,,,4
PAST YEAR FREQUENCY OF USE,149,111,HERYRTOT,II2HERFY,1,HEROIN FREQ PAST YEAR - DETAILED IMPUTATION INDICATOR,,,5
PAST YEAR FREQUENCY OF USE,149,111,HALLUCYFQ,IRHALLUCYFQ,3,HALL FREQUENCY PAST YEAR - IMPUTATION REVISED,,,3
PAST YEAR FREQUENCY OF USE,150,112,HALLUCYFQ,IIHALLUCYFQ,1,HALL FREQ PAST YEAR - IMPUTATION INDICATOR,,,5
PAST YEAR FREQUENCY OF USE,150,112,INHALYFQ,IRINHALYFQ,3,INHALANT FREQUENCY PAST YEAR - IMPUTATION REVISED,,,3
PAST YEAR FREQUENCY OF USE,150,112,INHALYFQ,IIINHALYFQ,1,INHALANT FREQ PAST YEAR - IMPUTATION INDICATOR,,,5
PAST YEAR FREQUENCY OF USE,150,112,METHAMYFQ,IRMETHAMYFQ,3,METH FREQUENCY PAST YEAR - IMPUTATION REVISED,,,3
PAST YEAR FREQUENCY OF USE,150,112,METHAMYFQ,IIMETHAMYFQ,1,METH FREQ PAST YEAR - IMPUTATION INDICATOR,,,5
PAST MONTH FREQUENCY OF USE,151,113,"CG30EST, CIG30USE",IRCIGFM,2,CIG FREQUENCY PAST MONTH - IMPUTATION REVISED,"NOTE: The term ""Past Month Frequency"" is interchangeable with the term ""30-Day Frequency"".",,3
PAST MONTH FREQUENCY OF USE,151,113,"CG30EST, CIG30USE",IICIGFM,1,CIG FREQUENCY PAST MONTH - IMPUTATION INDICATOR,,,4
PAST MONTH FREQUENCY OF USE,151,113,"CG30EST, CIG30USE",II2CIGFM,1,CIG FREQUENCY PAST MONTH - DETAILED IMPUTATION INDICATOR,,,4
PAST MONTH FREQUENCY OF USE,151,113,"CGR30USE, CI30EST",IRCGRFM,2,CIGAR FREQUENCY PAST MONTH - IMPUTATION REVISED,,,3
PAST MONTH FREQUENCY OF USE,151,113,"CGR30USE, CI30EST",IICGRFM,1,CIGAR FREQUENCY PAST MONTH - IMPUTATION INDICATOR,,,4
PAST MONTH FREQUENCY OF USE,151,113,"CGR30USE, CI30EST",II2CGRFM,1,CIGAR FREQUENCY PAST MONTH - DETAILED IMPUTATION INDICATOR,,,5
PAST MONTH FREQUENCY OF USE,151,113,"SMKLSS30E, SMKLSS30N",IRSMKLSS30N,2,SMOKELESS TOBACCO FREQUENCY PAST MONTH - IMPUTATION REVISED,,,3
PAST MONTH FREQUENCY OF USE,151,113,"SMKLSS30E, SMKLSS30N",IISMKLSS30N,1,SMOKELESS TOBACCO FREQUENCY PST MONTH - IMPUTATION INDICATOR,,,5
PAST MONTH FREQUENCY OF USE,152,114,"AL30EST, ALCDAYS",IRALCFM,2,ALCOHOL FREQUENCY PAST MONTH - IMPUTATION REVISED,,,3
PAST MONTH FREQUENCY OF USE,152,114,"AL30EST, ALCDAYS",IIALCFM,1,ALCOHOL FREQUENCY PAST MONTH - IMPUTATION INDICATOR,,,4
PAST MONTH FREQUENCY OF USE,152,114,"AL30EST, ALCDAYS",II2ALCFM,1,ALCOHOL FREQUENCY PAST MONTH - DETAILED IMPUTATION INDICATOR,,,5
PAST MONTH FREQUENCY OF USE,152,114,ALCBNG30D,IRALCBNG30D,2,BINGE ALCOHOL FREQUENCY PAST MONTH - IMPUTATION REVISED,"""Binge"" Alcohol Frequency, IRALCBNG30D, is defined as the number of days in the past month on which the respondent reported drinking five or more drinks on the same occasion for males or four or more drinks on the same occasion for females. For this variable, ""occasion"" means at the same time or within a couple hours of each other. Prior to 2015, “binge” alcohol frequency was defined as the number of days in the past month on which the respondent reported drinking five or more drinks on the same occasion for everyone, regardless of sex. Therefore, IRALCBNG30D is comparable to the version of this variable created from 2002-2014, IRALCD5, among males but not overall or among females.",,3
PAST MONTH FREQUENCY OF USE,152,114,ALCBNG30D,IIALCBNG30D,1,BINGE ALCOHOL FREQUENCY PAST MONTH - IMPUTATION INDICATOR,,,5
PAST MONTH FREQUENCY OF USE,152,114,"MJDAY30A, MR30EST",IRMJFM,2,MARIJUANA FREQUENCY PAST MONTH - IMPUTATION REVISED,,,3
PAST MONTH FREQUENCY OF USE,152,114,"MJDAY30A, MR30EST",IIMJFM,1,MARIJUANA FREQUENCY PAST MONTH - IMPUTATION INDICATOR,,,4
PAST MONTH FREQUENCY OF USE,153,115,"MJDAY30A, MR30EST",II2MJFM,1,MARIJUANA FREQ PAST MONTH - DETAILED IMPUTATION INDICATOR,,,5
PAST MONTH FREQUENCY OF USE,153,115,"CC30EST, COCUS30A",IRCOCFM,2,COCAINE FREQUENCY PAST MONTH - IMPUTATION REVISED,,,3
PAST MONTH FREQUENCY OF USE,153,115,"CC30EST, COCUS30A",IICOCFM,1,COCAINE FREQUENCY PAST MONTH - IMPUTATION INDICATOR,,,4
PAST MONTH FREQUENCY OF USE,153,115,"CC30EST, COCUS30A",II2COCFM,1,COCAINE FREQUENCY PAST MONTH - DETAILED IMPUTATION INDICATOR,,,5
PAST MONTH FREQUENCY OF USE,153,115,"CR30EST, CRKUS30A",IRCRKFM,2,CRACK FREQUENCY PAST MONTH - IMPUTATION REVISED,,,3
PAST MONTH FREQUENCY OF USE,153,115,"CR30EST, CRKUS30A",IICRKFM,1,CRACK FREQUENCY PAST MONTH - IMPUTATION INDICATOR,,,4
PAST MONTH FREQUENCY OF USE,153,115,"CR30EST, CRKUS30A",II2CRKFM,1,CRACK FREQUENCY PAST MONTH - DETAILED IMPUTATION INDICATOR,,,5
PAST MONTH FREQUENCY OF USE,153,115,"HER30USE, HR30EST",IRHERFM,2,HEROIN FREQUENCY PAST MONTH - IMPUTATION REVISED,,,3
PAST MONTH FREQUENCY OF USE,154,116,"HER30USE, HR30EST",IIHERFM,1,HEROIN FREQUENCY PAST MONTH - IMPUTATION INDICATOR,,,4
PAST MONTH FREQUENCY OF USE,154,116,"HER30USE, HR30EST",II2HERFM,1,HEROIN FREQ PAST MONTH - DETAILED IMPUTATION INDICATOR,,,5
PAST MONTH FREQUENCY OF USE,154,116,"HALLUC30E, HALLUC30N",IRHALLUC30N,2,HALLUCINOGEN FREQUENCY PAST MONTH - IMPUTATION REVISED,,,3
PAST MONTH FREQUENCY OF USE,154,116,"HALLUC30E, HALLUC30N",IIHALLUC30N,1,HALLUCINOGEN FREQUENCY PAST MONTH - IMPUTATION INDICATOR,,,5
PAST MONTH FREQUENCY OF USE,154,116,"INHAL30ES, INHAL30N",IRINHAL30N,2,INHALANT FREQUENCY PAST MONTH - IMPUTATION REVISED,,,3
PAST MONTH FREQUENCY OF USE,154,116,"INHAL30ES, INHAL30N",IIINHAL30N,1,INHALANT FREQUENCY PAST MONTH - IMPUTATION INDICATOR,,,5
PAST MONTH FREQUENCY OF USE,154,116,"METHAM30E, METHAM30N",IRMETHAM30N,2,METHAMPHETAMINE FREQUENCY PAST MONTH - IMPUTATION REVISED,,,3
PAST MONTH FREQUENCY OF USE,154,116,"METHAM30E, METHAM30N",IIMETHAM30N,1,METHAMPHETAMINE FREQUENCY PAST MONTH - IMPUTATION INDICATOR,,,5
PAST MONTH FREQUENCY OF USE,155,117,"PNRNM30ES, PNRNM30FQ",IRPNRNM30FQ,2,PAIN RELIEVERS MISUSE FREQ PAST MONTH - IMPUTATION REVISED,,,3
PAST MONTH FREQUENCY OF USE,155,117,"PNRNM30ES, PNRNM30FQ",IIPNRNM30FQ,1,PAIN RELIEVERS MISUSE FREQ PAST MONTH - IMPUTATION INDICATOR,,,5
PAST MONTH FREQUENCY OF USE,155,117,"TRQNM30ES, TRQNM30FQ",IRTRQNM30FQ,2,TRANQUILIZERS MISUSE FREQ PAST MONTH - IMPUTATION REVISED,,,3
PAST MONTH FREQUENCY OF USE,155,117,"TRQNM30ES, TRQNM30FQ",IITRQNM30FQ,1,TRANQUILIZERS MISUSE FREQ PAST MONTH - IMPUTATION INDICATOR,,,4
PAST MONTH FREQUENCY OF USE,155,117,"STMNM30ES, STMNM30FQ",IRSTMNM30FQ,2,STIMULANTS MISUSE FREQUENCY PAST MONTH - IMPUTATION REVISED,,,3
PAST MONTH FREQUENCY OF USE,155,117,"STMNM30ES, STMNM30FQ",IISTMNM30FQ,1,STIMULANTS MISUSE FREQ PAST MONTH - IMPUTATION INDICATOR,,,5
PAST MONTH FREQUENCY OF USE,155,117,"SEDNM30ES, SEDNM30FQ",IRSEDNM30FQ,2,SEDATIVES MISUSE FREQUENCY PAST MONTH - IMPUTATION REVISED,,,3
PAST MONTH FREQUENCY OF USE,155,117,"SEDNM30ES, SEDNM30FQ",IISEDNM30FQ,1,SEDATIVES MISUSE FREQUENCY PAST MONTH - IMPUTATION INDICATOR,,,5
AGE/DATE OF FIRST DRUG USE,156,118,CIGTRY,IRCIGAGE,3,CIGARETTE AGE OF FIRST USE - IMPUTATION REVISED,,,2
AGE/DATE OF FIRST DRUG USE,156,118,CIGTRY,IICIGAGE,1,CIGARETTE AGE OF FIRST USE - IMPUTATION INDICATOR,,,4
AGE/DATE OF FIRST DRUG USE,156,118,"CIGYFU, IRCIGAGE",IRCIGYFU,4,CIGARETTE YEAR OF FIRST USE - IMPUTATION REVISED,,,2
AGE/DATE OF FIRST DRUG USE,156,118,"CIGYFU, IRCIGAGE",IICIGYFU,1,CIGARETTE YEAR OF FIRST USE - IMPUTATION INDICATOR,,,4
AGE/DATE OF FIRST DRUG USE,156,118,CIGAGE,IRCDUAGE,3,DAILY CIGARETTE AGE OF FIRST USE - IMPUTATION REVISED,,,3
AGE/DATE OF FIRST DRUG USE,156,118,CIGAGE,IICDUAGE,1,DAILY CIGARETTE AGE OF FIRST USE - IMPUTATION INDICATOR,,,4
AGE/DATE OF FIRST DRUG USE,156,118,"CIGDLYFU, IRCDUAGE",IRCD2YFU,4,DAILY CIGARETTE YFU - USING CIGDLYFU - IMPUTATION REVISED,,,3
AGE/DATE OF FIRST DRUG USE,156,118,"CIGDLYFU, IRCDUAGE",IICD2YFU,1,DAILY CIGARETTE YEAR OF FIRST USE - IMPUTATION INDICATOR,,,4
AGE/DATE OF FIRST DRUG USE,156,118,CIGARTRY,IRCGRAGE,3,CIGAR AGE OF FIRST USE - IMPUTATION REVISED,,,2
AGE/DATE OF FIRST DRUG USE,157,119,CIGARTRY,IICGRAGE,1,CIGAR AGE OF FIRST USE - IMPUTATION INDICATOR,,,3
AGE/DATE OF FIRST DRUG USE,157,119,"CIGARYFU, IRCGRAGE",IRCGRYFU,4,CIGAR YEAR OF FIRST USE - IMPUTATION REVISED,,,2
AGE/DATE OF FIRST DRUG USE,157,119,"CIGARYFU, IRCGRAGE",IICGRYFU,1,CIGAR YEAR OF FIRST USE - IMPUTATION INDICATOR,,,3
AGE/DATE OF FIRST DRUG USE,157,119,SMKLSSTRY,IRSMKLSSTRY,3,SMOKELESS TOBACCO AGE OF FIRST USE - IMPUTATION REVISED,,,2
AGE/DATE OF FIRST DRUG USE,157,119,SMKLSSTRY,IISMKLSSTRY,1,SMOKELESS TOBACCO AGE OF FIRST USE - IMPUTATION INDICATOR,,,3
AGE/DATE OF FIRST DRUG USE,157,119,"IRSMKLSSTRY, SMKLSSYFU",IRSMKLSSYFU,4,SMOKELESS TOBACCO YEAR OF FIRST USE - IMPUTATION REVISED,,,2
AGE/DATE OF FIRST DRUG USE,157,119,"IRSMKLSSTRY, SMKLSSYFU",IISMKLSSYFU,1,SMOKELESS TOBACCO YEAR OF FIRST USE - IMPUTATION INDICATOR,,,3
AGE/DATE OF FIRST DRUG USE,157,119,ALCTRY,IRALCAGE,3,ALCOHOL AGE OF FIRST USE - IMPUTATION REVISED,,,2
AGE/DATE OF FIRST DRUG USE,157,119,ALCTRY,IIALCAGE,1,ALCOHOL AGE OF FIRST USE - IMPUTATION INDICATOR,,,3
AGE/DATE OF FIRST DRUG USE,157,119,"ALCYFU, IRALCAGE",IRALCYFU,4,ALCOHOL YEAR OF FIRST USE - IMPUTATION REVISED,,,2
AGE/DATE OF FIRST DRUG USE,158,120,"ALCYFU, IRALCAGE",IIALCYFU,1,ALCOHOL YEAR OF FIRST USE - IMPUTATION INDICATOR,,,3
AGE/DATE OF FIRST DRUG USE,158,120,MJAGE,IRMJAGE,3,MARIJUANA AGE OF FIRST USE - IMPUTATION REVISED,,,2
AGE/DATE OF FIRST DRUG USE,158,120,MJAGE,IIMJAGE,1,MARIJUANA AGE OF FIRST USE - IMPUTATION INDICATOR,,,3
AGE/DATE OF FIRST DRUG USE,158,120,"IRMJAGE, MJYFU",IRMJYFU,4,MARIJUANA YEAR OF FIRST USE - IMPUTATION REVISED,,,2
AGE/DATE OF FIRST DRUG USE,158,120,"IRMJAGE, MJYFU",IIMJYFU,1,MARIJUANA YEAR OF FIRST USE - IMPUTATION INDICATOR,,,3
AGE/DATE OF FIRST DRUG USE,158,120,COCAGE,IRCOCAGE,3,COCAINE AGE OF FIRST USE - IMPUTATION REVISED,,,2
AGE/DATE OF FIRST DRUG USE,158,120,COCAGE,IICOCAGE,1,COCAINE AGE OF FIRST USE - IMPUTATION INDICATOR,,,4
AGE/DATE OF FIRST DRUG USE,158,120,"COCYFU, IRCOCAGE",IRCOCYFU,4,COCAINE YEAR OF FIRST USE - IMPUTATION REVISED,,,2
AGE/DATE OF FIRST DRUG USE,158,120,"COCYFU, IRCOCAGE",IICOCYFU,1,COCAINE YEAR OF FIRST USE - IMPUTATION INDICATOR,,,4
AGE/DATE OF FIRST DRUG USE,159,121,CRKAGE,IRCRKAGE,3,CRACK AGE OF FIRST USE - IMPUTATION REVISED,,,2
AGE/DATE OF FIRST DRUG USE,159,121,CRKAGE,IICRKAGE,1,CRACK AGE OF FIRST USE - IMPUTATION INDICATOR,,,3
AGE/DATE OF FIRST DRUG USE,159,121,"CRKYFU, IRCRKAGE",IRCRKYFU,4,CRACK YEAR OF FIRST USE - IMPUTATION REVISED,,,2
AGE/DATE OF FIRST DRUG USE,159,121,"CRKYFU, IRCRKAGE",IICRKYFU,1,CRACK YEAR OF FIRST USE - IMPUTATION INDICATOR,,,3
AGE/DATE OF FIRST DRUG USE,159,121,HERAGE,IRHERAGE,3,HEROIN AGE OF FIRST USE - IMPUTATION REVISED,,,2
AGE/DATE OF FIRST DRUG USE,159,121,HERAGE,IIHERAGE,1,HEROIN AGE OF FIRST USE - IMPUTATION INDICATOR,,,3
AGE/DATE OF FIRST DRUG USE,159,121,"HERYFU, IRHERAGE",IRHERYFU,4,HEROIN YEAR OF FIRST USE - IMPUTATION REVISED,,,2
AGE/DATE OF FIRST DRUG USE,159,121,"HERYFU, IRHERAGE",IIHERYFU,1,HEROIN YEAR OF FIRST USE - IMPUTATION INDICATOR,,,3
AGE/DATE OF FIRST DRUG USE,159,121,HALLUCAGE,IRHALLUCAGE,3,HALLUCINOGEN AGE OF FIRST USE - IMPUTATION REVISED,,,2
AGE/DATE OF FIRST DRUG USE,160,122,HALLUCAGE,IIHALLUCAGE,1,HALLUCINOGEN AGE OF FIRST USE - IMPUTATION INDICATOR,,,4
AGE/DATE OF FIRST DRUG USE,160,122,"HALLUCYFU, IRHALLUCAGE",IRHALLUCYFU,4,HALLUCINOGEN YEAR OF FIRST USE - IMPUTATION REVISED,,,2
AGE/DATE OF FIRST DRUG USE,160,122,"HALLUCYFU, IRHALLUCAGE",IIHALLUCYFU,1,HALLUCINOGEN YEAR OF FIRST USE - IMPUTATION INDICATOR,,,4
AGE/DATE OF FIRST DRUG USE,160,122,LSDAGE,IRLSDAGE,3,LSD AGE OF FIRST USE - IMPUTATION REVISED,,,2
AGE/DATE OF FIRST DRUG USE,160,122,LSDAGE,IILSDAGE,1,LSD AGE OF FIRST USE - IMPUTATION INDICATOR,,,4
AGE/DATE OF FIRST DRUG USE,160,122,"IRLSDAGE, LSDYFU",IRLSDYFU,4,LSD YEAR OF FIRST USE - IMPUTATION REVISED,,,2
AGE/DATE OF FIRST DRUG USE,160,122,"IRLSDAGE, LSDYFU",IILSDYFU,1,LSD YEAR OF FIRST USE - IMPUTATION INDICATOR,,,3
AGE/DATE OF FIRST DRUG USE,160,122,PCPAGE,IRPCPAGE,3,PCP AGE OF FIRST USE - IMPUTATION REVISED,,,2
AGE/DATE OF FIRST DRUG USE,160,122,PCPAGE,IIPCPAGE,1,PCP AGE OF FIRST USE - IMPUTATION INDICATOR,,,3
AGE/DATE OF FIRST DRUG USE,161,123,"IRPCPAGE, PCPYFU",IRPCPYFU,4,PCP YEAR OF FIRST USE - IMPUTATION REVISED,,,2
AGE/DATE OF FIRST DRUG USE,161,123,"IRPCPAGE, PCPYFU",IIPCPYFU,1,PCP YEAR OF FIRST USE - IMPUTATION INDICATOR,,,3
AGE/DATE OF FIRST DRUG USE,161,123,ECSTMOAGE,IRECSTMOAGE,3,ECSTASY AGE OF FIRST USE - IMPUTATION REVISED,,,2
AGE/DATE OF FIRST DRUG USE,161,123,ECSTMOAGE,IIECSTMOAGE,1,ECSTASY AGE OF FIRST USE - IMPUTATION INDICATOR,,,4
AGE/DATE OF FIRST DRUG USE,161,123,"ECSTMOYFU, IRECSTMOAGE",IRECSTMOYFU,4,ECSTASY YEAR OF FIRST USE - IMPUTATION REVISED,,,2
AGE/DATE OF FIRST DRUG USE,161,123,"ECSTMOYFU, IRECSTMOAGE",IIECSTMOYFU,1,ECSTASY YEAR OF FIRST USE - IMPUTATION INDICATOR,,,3
AGE/DATE OF FIRST DRUG USE,161,123,INHALAGE,IRINHALAGE,3,INHALANTS AGE OF FIRST USE - IMPUTATION REVISED,,,2
AGE/DATE OF FIRST DRUG USE,161,123,INHALAGE,IIINHALAGE,1,INHALANTS AGE OF FIRST USE - IMPUTATION INDICATOR,,,3
AGE/DATE OF FIRST DRUG USE,161,123,"INHALYFU, IRINHALAGE",IRINHALYFU,4,INHALANTS YEAR OF FIRST USE - IMPUTATION REVISED,,,2
AGE/DATE OF FIRST DRUG USE,162,124,"INHALYFU, IRINHALAGE",IIINHALYFU,1,INHALANTS YEAR OF FIRST USE - IMPUTATION INDICATOR,,,3
AGE/DATE OF FIRST DRUG USE,162,124,METHAMAGE,IRMETHAMAGE,3,METHAMPHETAMINE AGE OF FIRST USE - IMPUTATION REVISED,,,2
AGE/DATE OF FIRST DRUG USE,162,124,METHAMAGE,IIMETHAMAGE,1,METHAMPHETAMINE AGE OF FIRST USE - IMPUTATION INDICATOR,,,3
AGE/DATE OF FIRST DRUG USE,162,124,"IRMETHAMAGE, METHAMYFU",IRMETHAMYFU,4,METHAMPHETAMINE YEAR OF FIRST USE - IMPUTATION REVISED,,,2
AGE/DATE OF FIRST DRUG USE,162,124,"IRMETHAMAGE, METHAMYFU",IIMETHAMYFU,1,METHAMPHETAMINE YEAR OF FIRST USE - IMPUTATION INDICATOR,,,3
AGE/DATE OF FIRST DRUG USE,162,124,PNRNMINIT,IRPNRNMINIT,2,PAST YR INITIATE PAIN RELIEVERS MISUSE - IMPUTATION REVISED,The following eight variables pertain to past year initiation of prescription drugs. Past year initiation of prescription drugs is defined as the misuse of the drug for the first time in the 12 months prior to the date of the interview.,,4
AGE/DATE OF FIRST DRUG USE,162,124,PNRNMINIT,IIPNRNMINIT,1,PAST YR INITIATE PAIN RELIEVER MISUSE - IMPUTATION INDICATOR,,,3
AGE/DATE OF FIRST DRUG USE,162,124,TRQNMINIT,IRTRQNMINIT,2,PAST YR INITIATE TRANQUILIZER MISUSE - IMPUTATION REVISED,,,4
AGE/DATE OF FIRST DRUG USE,162,124,TRQNMINIT,IITRQNMINIT,1,PAST YR INITIATE TRANQUILIZER MISUSE - IMPUTATION INDICATOR,,,3
AGE/DATE OF FIRST DRUG USE,163,125,STMNMINIT,IRSTMNMINIT,2,PAST YR INITIATE STIMULANT MISUSE - IMPUTATION REVISED,,,4
AGE/DATE OF FIRST DRUG USE,163,125,STMNMINIT,IISTMNMINIT,1,PAST YR INITIATE STIMULANT MISUSE - IMPUTATION INDICATOR,,,3
AGE/DATE OF FIRST DRUG USE,163,125,SEDNMINIT,IRSEDNMINIT,2,PAST YR INITIATE SEDATIVE MISUSE - IMPUTATION REVISED,,,4
AGE/DATE OF FIRST DRUG USE,163,125,SEDNMINIT,IISEDNMINIT,1,PAST YR INITIATE SEDATIVE MISUSE - IMPUTATION INDICATOR,,"NOTE: The following four variables pertain to the age and date of first misuse of pain relievers. Respondents who were past year initiates (IRPNRNMINIT=1), that is respondents who misused pain relievers for the first time in the 12 months prior to the date of the interview, are included in the domain. Respondents who are not past year initiates (IRPNRNMINIT ne 1) receive an appropriate skip code.",2
AGE/DATE OF FIRST DRUG USE,163,125,"PNRNMAGE, PNRNMYFU",IRPNRNMYFU,4,PAIN RELIEVER YEAR OF FIRST MISUSE - IMPUTATION REVISED,,,3
AGE/DATE OF FIRST DRUG USE,163,125,"PNRNMAGE, PNRNMYFU",IIPNRNMYFU,1,PAIN RELIEVER YEAR OF FIRST MISUSE - IMPUTATION INDICATOR,,,4
AGE/DATE OF FIRST DRUG USE,163,125,"IRPNRNMYFU, PNRNMAGE",IRPNRNMAGE,3,PAIN RELIEVER AGE OF FIRST MISUSE - IMPUTATION REVISED,,,3
AGE/DATE OF FIRST DRUG USE,163,125,"IRPNRNMYFU, PNRNMAGE",IIPNRNMAGE,1,PAIN RELIEVER AGE OF FIRST MISUSE - IMPUTATION INDICATOR,,"NOTE: The following four variables pertain to the age and date of first misuse of tranquilizers. Respondents who were past year initiates (IRTRQNMINIT=1), that is respondents who misused tranquilizers for the first time in the 12 months prior to the date of the interview, are included in the domain. Respondents who are not past year initiates (IRTRQNMINIT ne 1) receive an appropriate skip code.",4
AGE/DATE OF FIRST DRUG USE,164,126,"TRQNMAGE, TRQNMYFU",IRTRQNMYFU,4,TRANQUILIZER YEAR OF FIRST MISUSE - IMPUTATION REVISED,,,3
AGE/DATE OF FIRST DRUG USE,164,126,"TRQNMAGE, TRQNMYFU",IITRQNMYFU,1,TRANQUILIZER YEAR OF FIRST MISUSE - IMPUTATION INDICATOR,,,4
AGE/DATE OF FIRST DRUG USE,164,126,"IRTRQNMYFU, TRQNMAGE",IRTRQNMAGE,3,TRANQUILIZER AGE OF FIRST MISUSE - IMPUTATION REVISED,,,3
AGE/DATE OF FIRST DRUG USE,164,126,"IRTRQNMYFU, TRQNMAGE",IITRQNMAGE,1,TRANQUILIZER AGE OF FIRST MISUSE - IMPUTATION INDICATOR,,"NOTE: The following four variables pertain to the age and date of first misuse of stimulants. Respondents who were past year initiates (IRSTMNMINIT=1), that is respondents who misused stimulants for the first time in the 12 months prior to the date of the interview, are included in the domain. Respondents who are not past year initiates (IRSTMNMINIT ne 1) receive an appropriate skip code.",4
AGE/DATE OF FIRST DRUG USE,164,126,"STMNMAGE, STMNMYFU",IRSTMNMYFU,4,STIMULANTS YEAR OF FIRST MISUSE - IMPUTATION REVISED,,,3
AGE/DATE OF FIRST DRUG USE,164,126,"STMNMAGE, STMNMYFU",IISTMNMYFU,1,STIMULANTS YEAR OF FIRST MISUSE - IMPUTATION INDICATOR,,,4
AGE/DATE OF FIRST DRUG USE,164,126,"IRSTMNMYFU, STMNMAGE",IRSTMNMAGE,3,STIMULANTS AGE OF FIRST MISUSE - IMPUTATION REVISED,,,3
AGE/DATE OF FIRST DRUG USE,165,127,"IRSTMNMYFU, STMNMAGE",IISTMNMAGE,1,STIMULANTS AGE OF FIRST MISUSE - IMPUTATION INDICATOR,,"NOTE: The following four variables pertain to the age and date of first misuse of sedatives. Respondents who were past year initiates (IRSEDNMINIT=1), that is respondents who misused sedatives for the first time in the 12 months prior to the date of the interview, are included in the domain. Respondents who are not past year initiates (IRSEDNMINIT ne 1) receive an appropriate skip code.",4
AGE/DATE OF FIRST DRUG USE,165,127,"SEDNMAGE, SEDNMYFU",IRSEDNMYFU,4,SEDATIVES YEAR OF FIRST MISUSE - IMPUTATION REVISED,,,3
AGE/DATE OF FIRST DRUG USE,165,127,"SEDNMAGE, SEDNMYFU",IISEDNMYFU,1,SEDATIVES YEAR OF FIRST MISUSE - IMPUTATION INDICATOR,,,4
AGE/DATE OF FIRST DRUG USE,165,127,"IRSEDNMYFU, SEDNMAGE",IRSEDNMAGE,3,SEDATIVES AGE OF FIRST MISUSE - IMPUTATION REVISED,,,3
AGE/DATE OF FIRST DRUG USE,165,127,"IRSEDNMYFU, SEDNMAGE",IISEDNMAGE,1,SEDATIVES AGE OF FIRST MISUSE - IMPUTATION INDICATOR,,,4
RECODED DRUG USE,166,128,IRCIGRC,CIGFLAG,1,RC-CIGARETTES - EVER USED,"NOTE: Certain source variables that were used to create recoded variables have valid values that might not have been reported or assigned for the current survey year. However, these values have been included in the general specifications in the codebook on how the recoded variables were created. See additional details about this issue in the Organization of the Data File section of this codebook introduction.",,2
RECODED DRUG USE,166,128,IRCIGRC,CIGYR,1,RC-CIGARETTES - PAST YEAR USE,,,2
RECODED DRUG USE,166,128,IRCIGRC,CIGMON,1,RC-CIGARETTES - PAST MONTH USE,,,2
RECODED DRUG USE,166,128,IRCGRRC,CGRFLAG,1,RC-CIGARS - EVER USED,,,2
RECODED DRUG USE,166,128,IRCGRRC,CGRYR,1,RC-CIGARS - PAST YEAR USE,,,2
RECODED DRUG USE,166,128,IRCGRRC,CGRMON,1,RC-CIGARS - PAST MONTH USE,,,2
RECODED DRUG USE,166,128,IRPIPLF,PIPFLAG,1,RC-PIPES - EVER USED,,,2
RECODED DRUG USE,166,128,IRPIPMN,PIPMON,1,RC-PIPES - PAST MONTH USE,,,2
RECODED DRUG USE,166,128,IRSMKLSSREC,SMKLSSFLAG,1,RC-SMOKELESS TOBACCO - EVER USED,,,2
RECODED DRUG USE,167,129,IRSMKLSSREC,SMKLSSYR,1,RC-SMOKELESS TOBACCO - PAST YEAR USE,,,2
RECODED DRUG USE,167,129,IRSMKLSSREC,SMKLSSMON,1,RC-SMOKELESS TOBACCO - PAST MONTH USE,,,2
RECODED DRUG USE,167,129,"CGRMON, CIGMON, PIPMON, SMKLSSMON",TOBCIGONL,1,RC-CIGARETTE/NONCIGARETTE TOBACCO ONLY - PAST MONTH USE,"Respondents were classified as having smoked cigarettes as the only form of tobacco used in the past month (TOBCIGONL=1) if they smoked cigarettes in the past month (CIGMON=1) and did not use cigars, pipes, or smokeless tobacco in the past month (CGRMON=0 and PIPMON=0 and SMKLSSMON=0). Respondents were classified as having used both cigarettes and another tobacco product in the past month (TOBCIGONL=2) if they smoked cigarettes in the past month (CIGMON=1) and used any of cigars, pipes, or smokeless tobacco in the past month (CGRMON=1 or PIPMON=1 or SMKLSSMON=1). Respondents were classified as having used a tobacco product but not cigarettes in the past month (TOBCIGONL=3) if they did not smoke cigarettes in the past month (CIGMON=0) and used any of cigars, pipes, or smokeless tobacco in the past month (CGRMON=1 or PIPMON=1 or SMKLSSMON=1).",,4
RECODED DRUG USE,167,129,"CGRFLAG, CIGFLAG, PIPFLAG, SMKLSSFLAG",TOBFLAG,1,RC-ANY TOBACCO - EVER USED,,,2
RECODED DRUG USE,167,129,"CGRYR, CIGYR, PIPMON, SMKLSSYR",TOBYR,1,RC-ANY TOBACCO - PAST YEAR USE,,,2
RECODED DRUG USE,167,129,"CGRMON, CIGMON, PIPMON, SMKLSSMON",TOBMON,1,RC-ANY TOBACCO - PAST MONTH USE,,,2
RECODED DRUG USE,167,129,IRALCRC,ALCFLAG,1,RC-ALCOHOL - EVER USED,,,2
RECODED DRUG USE,167,129,IRALCRC,ALCYR,1,RC-ALCOHOL - PAST YEAR USE,,,2
RECODED DRUG USE,167,129,IRALCRC,ALCMON,1,RC-ALCOHOL - PAST MONTH USE,,,2
RECODED DRUG USE,168,130,IRMJRC,MRJFLAG,1,RC-MARIJUANA - EVER USED,,,2
RECODED DRUG USE,168,130,IRMJRC,MRJYR,1,RC-MARIJUANA - PAST YEAR USE,,,2
RECODED DRUG USE,168,130,IRMJRC,MRJMON,1,RC-MARIJUANA - PAST MONTH USE,,,2
RECODED DRUG USE,168,130,IRCOCRC,COCFLAG,1,RC-COCAINE - EVER USED,,,2
RECODED DRUG USE,168,130,IRCOCRC,COCYR,1,RC-COCAINE - PAST YEAR USE,,,2
RECODED DRUG USE,168,130,IRCOCRC,COCMON,1,RC-COCAINE - PAST MONTH USE,,,2
RECODED DRUG USE,168,130,IRCRKRC,CRKFLAG,1,"RC-""CRACK"" - EVER USED",,,2
RECODED DRUG USE,168,130,IRCRKRC,CRKYR,1,"RC-""CRACK"" - PAST YEAR USE",,,2
RECODED DRUG USE,168,130,IRCRKRC,CRKMON,1,"RC-""CRACK"" - PAST MONTH USE",,,2
RECODED DRUG USE,168,130,IRHERRC,HERFLAG,1,RC-HEROIN - EVER USED,,,2
RECODED DRUG USE,169,131,IRHERRC,HERYR,1,RC-HEROIN - PAST YEAR USE,,,2
RECODED DRUG USE,169,131,IRHERRC,HERMON,1,RC-HEROIN - PAST MONTH USE,,,2
RECODED DRUG USE,169,131,IRHALLUCREC,HALLUCFLAG,1,RC-HALLUCINOGENS - EVER USED,,,2
RECODED DRUG USE,169,131,IRHALLUCREC,HALLUCYR,1,RC-HALLUCINOGENS - PAST YEAR USE,,,2
RECODED DRUG USE,169,131,IRHALLUCREC,HALLUCMON,1,RC-HALLUCINOGENS - PAST MONTH USE,,,2
RECODED DRUG USE,169,131,IRLSDRC,LSDFLAG,1,RC-LSD - EVER USED,,,2
RECODED DRUG USE,169,131,IRLSDRC,LSDYR,1,RC-LSD - PAST YEAR USE,,,2
RECODED DRUG USE,169,131,IRLSDRC,LSDMON,1,RC-LSD - PAST MONTH USE,,,2
RECODED DRUG USE,169,131,IRPCPRC,PCPFLAG,1,RC-PCP - EVER USED,,,2
RECODED DRUG USE,169,131,IRPCPRC,PCPYR,1,RC-PCP - PAST YEAR USE,,,2
RECODED DRUG USE,170,132,IRPCPRC,PCPMON,1,RC-PCP - PAST MONTH USE,,,2
RECODED DRUG USE,170,132,IRECSTMOREC,ECSTMOFLAG,1,RC-ECSTASY - EVER USED,,,2
RECODED DRUG USE,170,132,IRECSTMOREC,ECSTMOYR,1,RC-ECSTASY - PAST YEAR USE,,,2
RECODED DRUG USE,170,132,IRECSTMOREC,ECSTMOMON,1,RC-ECSTASY - PAST MONTH USE,,,2
RECODED DRUG USE,170,132,IRDAMTFXREC,DAMTFXFLAG,1,RC-DMT/AMT/FOXY - EVER USED,,,2
RECODED DRUG USE,170,132,IRDAMTFXREC,DAMTFXYR,1,RC-DMT/AMT/FOXY - PAST YEAR USE,,,2
RECODED DRUG USE,170,132,IRDAMTFXREC,DAMTFXMON,1,RC-DMT/AMT/FOXY - PAST MONTH USE,,,2
RECODED DRUG USE,170,132,IRKETMINREC,KETMINFLAG,1,RC-KETAMINE - EVER USED,,,2
RECODED DRUG USE,170,132,IRKETMINREC,KETMINYR,1,RC-KETAMINE - PAST YEAR USE,,,2
RECODED DRUG USE,170,132,IRKETMINREC,KETMINMON,1,RC-KETAMINE - PAST MONTH USE,,,2
RECODED DRUG USE,171,133,IRSALVIAREC,SALVIAFLAG,1,RC-SALVIA - EVER USED,,,2
RECODED DRUG USE,171,133,IRSALVIAREC,SALVIAYR,1,RC-SALVIA - PAST YEAR USE,,,2
RECODED DRUG USE,171,133,IRSALVIAREC,SALVIAMON,1,RC-SALVIA - PAST MONTH USE,,,2
RECODED DRUG USE,171,133,IRINHALREC,INHALFLAG,1,RC-INHALANTS - EVER USED,,,2
RECODED DRUG USE,171,133,IRINHALREC,INHALYR,1,RC-INHALANTS - PAST YEAR USE,,,2
RECODED DRUG USE,171,133,IRINHALREC,INHALMON,1,RC-INHALANTS - PAST MONTH USE,,,2
RECODED DRUG USE,171,133,IRMETHAMREC,METHAMFLAG,1,RC-METHAMPHETAMINE - EVER USED,,,2
RECODED DRUG USE,171,133,IRMETHAMREC,METHAMYR,1,RC-METHAMPHETAMINE - PAST YEAR USE,,,2
RECODED DRUG USE,171,133,IRMETHAMREC,METHAMMON,1,RC-METHAMPHETAMINE - PAST MONTH USE,,"NOTE: The following 16 variables refer to any use of prescription drugs. Any Use of prescription drugs is defined as either the use of one's own prescription medication as directed by a doctor or the misuse of prescription drugs. Misuse of prescription drugs is defined as use in any way not directed by a doctor, including use without a prescription of one's own medication; use in greater amounts, more often, or longer than told to take a drug; or use in any other way not directed by a doctor. Due to potential underreporting of lifetime prescription drug use, users are cautioned against using the lifetime use or misuse of prescription pain relievers (ever used/ever misused) in analysis.",2
RECODED DRUG USE,172,134,IRPNRANYREC,PNRANYFLAG,1,RC-ANY PAIN RELIEVER - EVER USED,,,2
RECODED DRUG USE,172,134,IRPNRANYREC,PNRANYYR,1,RC-ANY PAIN RELIEVER - PAST YEAR USE,,,2
RECODED DRUG USE,172,134,IROXCNANYYR,OXYCNANYYR,1,RC-OXYCONTIN - PAST YEAR USE,,,2
RECODED DRUG USE,172,134,IRTRQANYREC,TRQANYFLAG,1,RC-ANY TRANQUILIZERS - EVER USED,"Due to potential underreporting of lifetime prescription drug use, users are cautioned against using the lifetime use or misuse of prescription tranquilizers (ever used/ever misused) in analysis.",,2
RECODED DRUG USE,172,134,IRTRQANYREC,TRQANYYR,1,RC-ANY TRANQUILIZERS - PAST YEAR USE,,,2
RECODED DRUG USE,172,134,IRSTMANYREC,STMANYFLAG,1,RC-ANY STIMULANTS - EVER USED,"Due to potential underreporting of lifetime prescription drug use, users are cautioned against using the lifetime use or misuse of prescription stimulants (ever used/ever misused) in analysis.",,2
RECODED DRUG USE,172,134,IRSTMANYREC,STMANYYR,1,RC-ANY STIMULANTS - PAST YEAR USE,,,2
RECODED DRUG USE,172,134,IRSEDANYREC,SEDANYFLAG,1,RC-ANY SEDATIVES - EVER USED,"Due to potential underreporting of lifetime prescription drug use, users are cautioned against using the lifetime use or misuse of prescription sedatives (ever used/ever misused) in analysis.",,2
RECODED DRUG USE,173,135,IRSEDANYREC,SEDANYYR,1,RC-ANY SEDATIVES - PAST YEAR USE,,,2
RECODED DRUG USE,173,135,"SEDANYFLAG, TRQANYFLAG",TQSDANYFLG,1,RC-ANY TRANQUILIZERS OR SEDATIVES - EVER USED,"Due to potential underreporting of lifetime prescription drug use, users are cautioned against using the lifetime any use of tranquilizers or sedatives in analysis.",,2
RECODED DRUG USE,173,135,"SEDANYYR, TRQANYYR",TQSDANYYR,1,RC-ANY TRANQUILIZERS OR SEDATIVES - PAST YEAR USE,,,2
RECODED DRUG USE,173,135,"SEDANYYR, SVBZOANYYR, TRBZOANYYR, TRQANYYR",BZOANYYR,1,RC - ANY BENZODIAZEPINES - PAST YEAR USE,"The following variable for any past year use of Any Benzodiazepines, BZOANYYR, was assigned a positive response if a respondent indicated any past year use of Benzodiazepine Tranquilizers (TRBZOANYYR=1), any past year use of Benzodiazepine Sedatives (SVBZOANYYR=1), past year misuse of Benzodiazepine Tranquilizers that were specified as other Sedatives, or past year misuse of Benzodiazepine Sedatives that were specified as other Tranquilizers. This is the base variable for past year use of any Benzodiazepines imputation, IRBZOANYYR.",,3
RECODED DRUG USE,173,135,"PNRANYFLAG, SEDANYFLAG, STMANYFLAG, TRQANYFLAG",PSYANYFLAG,1,RC-ANY PSYCHOTHERAPEUTICS - EVER USED,"Due to potential underreporting of lifetime prescription drug use, users are cautioned against using the lifetime use or misuse of any prescription psychotherapeutics (ever used/ever misused) in analysis.",,2
RECODED DRUG USE,173,135,"PNRANYYR, SEDANYYR, STMANYYR, TRQANYYR",PSYANYYR,1,RC-ANY PSYCHOTHERAPEUTICS - PAST YEAR USE,,,2
RECODED DRUG USE,173,135,"HERYR, PNRANYYR",OPIANYYR,1,RC-ANY OPIOIDS - PAST YEAR USE,,,2
RECODED DRUG USE,173,135,"COCYR, METHAMYR, STMANYYR",CNSANYYR,1,RC-ANY CENTRAL NERVOUS SYSTEM STIMULANTS - PAST YEAR USE,,"NOTE: The following 25 variables refer to the misuse of prescription drugs. Misuse of prescription drugs is defined as use in any way not directed by a doctor, including use without a prescription of one's own medication; use in greater amounts, more often, or longer than told to take a drug; or use in any other way not directed by a doctor. Due to potential underreporting of lifetime prescription drug use, users are cautioned against using the lifetime misuse of prescription pain relievers (ever misused) in analysis.",2
RECODED DRUG USE,174,136,IRPNRNMREC,PNRNMFLAG,1,RC-PAIN RELIEVERS - EVER MISUSED,,,2
RECODED DRUG USE,174,136,IRPNRNMREC,PNRNMYR,1,RC-PAIN RELIEVERS - PAST YEAR MISUSE,,,2
RECODED DRUG USE,174,136,IRPNRNMREC,PNRNMMON,1,RC-PAIN RELIEVERS - PAST MONTH MISUSE,,,2
RECODED DRUG USE,174,136,IROXCNNMYR,OXYCNNMYR,1,RC-OXYCONTIN - PAST YEAR MISUSE,,,2
RECODED DRUG USE,174,136,IRTRQNMREC,TRQNMFLAG,1,RC-TRANQUILIZERS - EVER MISUSED,"Due to potential underreporting of lifetime prescription drug use, users are cautioned against using the lifetime misuse of prescription tranquilizers (ever misused) in analysis.",,2
RECODED DRUG USE,174,136,IRTRQNMREC,TRQNMYR,1,RC-TRANQUILIZERS - PAST YEAR MISUSE,,,2
RECODED DRUG USE,174,136,IRTRQNMREC,TRQNMMON,1,RC-TRANQUILIZERS - PAST MONTH MISUSE,,,2
RECODED DRUG USE,174,136,IRSTMNMREC,STMNMFLAG,1,RC-STIMULANTS - EVER MISUSED,"Due to potential underreporting of lifetime prescription drug use, users are cautioned against using the lifetime misuse of prescription stimulants (ever misused) in analysis.",,2
RECODED DRUG USE,175,137,IRSTMNMREC,STMNMYR,1,RC-STIMULANTS - PAST YEAR MISUSE,,,2
RECODED DRUG USE,175,137,IRSTMNMREC,STMNMMON,1,RC-STIMULANTS - PAST MONTH MISUSE,,,2
RECODED DRUG USE,175,137,IRSEDNMREC,SEDNMFLAG,1,RC-SEDATIVES - EVER MISUSED,"Due to potential underreporting of lifetime prescription drug use, users are cautioned against using the lifetime misuse of prescription sedatives (ever misused) in analysis.",,2
RECODED DRUG USE,175,137,IRSEDNMREC,SEDNMYR,1,RC-SEDATIVES - PAST YEAR MISUSE,,,2
RECODED DRUG USE,175,137,IRSEDNMREC,SEDNMMON,1,RC-SEDATIVES - PAST MONTH MISUSE,,,2
RECODED DRUG USE,175,137,"SEDNMFLAG, TRQNMFLAG",TQSDNMFLAG,1,RC-TRANQUILIZERS OR SEDATIVES - EVER MISUSED,"Due to potential underreporting of lifetime prescription drug use, users are cautioned against using the lifetime misuse of tranquilizers or sedatives (ever misused) in analysis.",,2
RECODED DRUG USE,175,137,"SEDNMYR, TRQNMYR",TQSDNMYR,1,RC-TRANQUILIZERS OR SEDATIVES - PAST YEAR MISUSE,,,2
RECODED DRUG USE,175,137,"SEDNMMON, TRQNMMON",TQSDNMMON,1,RC-TRANQUILIZERS OR SEDATIVES - PAST MONTH MISUSE,,,2
RECODED DRUG USE,175,137,"SEDNMYR, SVBZONMYR, TRBZONMYR, TRQNMYR",BZONMYR,1,RC - ANY BENZODIAZEPINES - PAST YEAR MISUSE,"The following variable for any past year misuse of Any Benzodiazepines, BZONMYR, was assigned a positive response if a respondent indicated past year misuse of Benzodiazepine Tranquilizers (TRBZONMYR=1), past year misuse of Benzodiazepine Sedatives (SVBZONMYR=1), past year misuse of Benzodiazepine Tranquilizers that were specified as other Sedatives, or past year misuse of Benzodiazepine Sedatives that were specified as other Tranquilizers. This is the base variable for past year misuse of any Benzodiazepines imputation, IRBZONMYR.",,3
RECODED DRUG USE,176,138,"PNRNMFLAG, SEDNMFLAG, STMNMFLAG, TRQNMFLAG",PSYCHFLAG,1,RC-ANY PSYCHOTHERAPEUTICS - EVER MISUSED,"Due to potential underreporting of lifetime prescription drug use, users are cautioned against using the lifetime misuse of any prescription psychotherapeutics (ever misused) in analysis.",,2
RECODED DRUG USE,176,138,"PNRNMYR, SEDNMYR, STMNMYR, TRQNMYR",PSYCHYR,1,RC-ANY PSYCHOTHERAPEUTICS - PAST YEAR MISUSE,,,2
RECODED DRUG USE,176,138,"PNRNMMON, SEDNMMON, STMNMMON, TRQNMMON",PSYCHMON,1,RC-ANY PSYCHOTHERAPEUTICS - PAST MONTH MISUSE,,,2
RECODED DRUG USE,176,138,"HERYR, PNRNMYR",OPINMYR,1,RC-OPIOIDS - PAST YEAR MISUSE,,,2
RECODED DRUG USE,176,138,"HERMON, PNRNMMON",OPINMMON,1,RC-OPIOIDS - PAST MONTH MISUSE,,,2
RECODED DRUG USE,176,138,"HERYR, PNRNMYR",HERPNRYR,1,RC-HEROIN USE AND/OR PAIN RELIEVER MISUSE - PAST YEAR,,,4
RECODED DRUG USE,176,138,"COCYR, METHAMYR, STMNMYR",CNSNMYR,1,RC-CENTRAL NERVOUS SYSTEM STIMULANTS - PAST YEAR MISUSE,,,2
RECODED DRUG USE,176,138,"COCMON, METHAMMON, STMNMMON",CNSNMMON,1,RC-CENTRAL NERVOUS SYSTEM STIMULANTS - PAST MONTH MISUSE,,,2
RECODED DRUG USE,176,138,,ILLFLAG,1,RC-ANY ILLICIT DRUG - EVER USED,"(COCFLAG, HALLUCFLAG, HERFLAG, INHALFLAG, METHAMFLAG, MRJFLAG, PNRNMFLAG, SEDNMFLAG, STMNMFLAG, TRQNMFLAG)",,2
RECODED DRUG USE,177,139,"COCYR, HALLUCYR, HERYR, INHALYR, METHAMYR, MRJYR, PNRNMYR, SEDNMYR, STMNMYR, TRQNMYR",ILLYR,1,RC-ANY ILLICIT DRUG - PAST YEAR USE,,,2
RECODED DRUG USE,177,139,"COCMON, HALLUCMON, HERMON, INHALMON, METHAMMON, MRJMON, PNRNMMON, SEDNMMON, STMNMMON, TRQNMMON",ILLMON,1,RC-ANY ILLICIT DRUG - PAST MONTH USE,,,2
RECODED DRUG USE,177,139,,MJONLYFLAG,1,RC-MARIJUANA ONLY - EVER USED,"Due to potential underreporting of lifetime prescription drug use, users are cautioned against using the lifetime use of marijuana only variable in analysis. This variable may overestimate lifetime users of only marijuana. (COCFLAG, HALLUCFLAG, HERFLAG, INHALFLAG, METHAMFLAG, MRJFLAG, PNRNMFLAG, SEDNMFLAG, STMNMFLAG, TRQNMFLAG)",,2
RECODED DRUG USE,177,139,"COCYR, HALLUCYR, HERYR, INHALYR, METHAMYR, MRJYR, PNRNMYR, SEDNMYR, STMNMYR, TRQNMYR",MJONLYYR,1,RC-MARIJUANA ONLY - PAST YEAR USE,,,2
RECODED DRUG USE,177,139,"COCMON, HALLUCMON, HERMON, INHALMON, METHAMMON, MRJMON, PNRNMMON, SEDNMMON, STMNMMON, TRQNMMON",MJONLYMON,1,RC-MARIJUANA ONLY - PAST MONTH USE,,,2
RECODED DRUG USE,177,139,"COCFLAG, HALLUCFLAG, HERFLAG, INHALFLAG, METHAMFLAG, PSYCHFLAG",ILLEMFLAG,1,RC-ILLICIT DRUG OTHER THAN MARIJUANA - EVER USED,"Due to potential underreporting of lifetime prescription drug use, users are cautioned against using the lifetime use of illicit drugs other than marijuana variable in analysis. This caution does not apply to lifetime use of any illicit drug variable given it is dominated by lifetime marijuana use.",,2
RECODED DRUG USE,177,139,"COCYR, HALLUCYR, HERYR, INHALYR, METHAMYR, PSYCHYR",ILLEMYR,1,RC-ILLICIT DRUG OTHER THAN MARIJUANA - PAST YEAR,,,2
RECODED DRUG USE,177,139,"COCMON, HALLUCMON, HERMON, INHALMON, METHAMMON, PSYCHMON",ILLEMMON,1,RC-ILLICIT DRUG OTHER THAN MARIJUANA-PAST MONTH,,,2
RECODED DRUG USE,177,139,IRCDUAGE,CDUFLAG,1,RC-CIGARETTES DAILY - EVER USED,,,2
RECODED DRUG USE,178,140,IRCIGFM,DCIGMON,1,RC-PAST MONTH DAILY CIGARETTE USE,,,2
RECODED DRUG USE,178,140,"CDUFLAG, CIGMON",CDCGMO,1,RC-EVER USED CIG DAILY AND PAST MONTH CIG USE,,,2
RECODED DRUG USE,178,140,"CDUFLAG, CIGMON",CDNOCGMO,1,RC-EVER USED CIG DAILY AND NO PAST MONTH CIG USE,,,2
RECODED DRUG USE,178,140,IRALCBNG30D,BNGDRKMON,1,RC-BINGE ALCOHOL USE PAST 30 DAYS,"""Binge"" Alcohol Use, BNGDRKMON, is defined as drinking five or more drinks on the same occasion for males or four or more drinks on the same occasion for females on at least one day in the past 30 days. For this variable, ""occasion"" means at the same time or within a couple hours of each other.",,2
RECODED DRUG USE,178,140,IRALCBNG30D,HVYDRKMON,1,RC-HEAVY ALCOHOL USE PAST 30 DAYS,"Heavy Alcohol Use, HVYDRKMON, is defined as drinking five or more drinks on the same occasion for males or four or more drinks on the same occasion for females on each of 5 or more days in the past 30 days. For this variable, ""occasion"" means at the same time or within a couple hours of each other. All Heavy Alcohol Users are also ""Binge"" Alcohol Users.",,2
RECODED DRUG USE,178,140,"ALCFLAG, ILLFLAG, TOBFLAG",ILTOBALCFG,1,"RC-ILLICIT DRUG, TOBACCO PRD, OR ALCOHOL - EVER USED",,,2
RECODED DRUG USE,178,140,"ALCYR, ILLYR, TOBYR",ILTOBALCYR,1,"RC-ILLICIT DRUG, TOBACCO PRD, OR ALCOHOL - PAST YEAR USE",,,2
RECODED DRUG USE,178,140,"ALCMON, ILLMON, TOBMON",ILTOBALCMN,1,"RC-ILLICIT DRUG, TOBACCO PRD, OR ALC - PAST MONTH USE",,,2
RECODED DRUG USE,178,140,"ALCMON, ILLMON",ILLALCMON,1,RC-ILLICIT DRUG OR ALCOHOL - PAST MONTH USE,,,2
RECODED DRUG USE,179,141,"ALCFLAG, TOBFLAG",TOBALCFLG,1,RC-TOBACCO PRODUCT OR ALCOHOL - EVER USED,,,2
RECODED DRUG USE,179,141,"ALCYR, TOBYR",TOBALCYR,1,RC-TOBACCO PRODUCT OR ALCOHOL - PAST YEAR USE,,,2
RECODED DRUG USE,179,141,"ALCMON, TOBMON",TOBALCMN,1,RC-TOBACCO PRODUCT OR ALCOHOL - PAST MONTH USE,,,2
RECODED DRUG USE,179,141,"ALCYR, ILLYR",ILLANDALC,1,RC-ILLICIT DRUG AND ALCOHOL USE - PAST YEAR USE,,,2
RECODED DRUG USE,179,141,"ALCYR, ILLYR",ILLORALC,1,RC-ILLICIT DRUG OR ALCOHOL USE - PAST YEAR USE,,,2
RECODED DRUG USE,179,141,"ALCFLAG, ILLFLAG",ILLALCFLG,1,RC-ILLICIT DRUG OR ALCOHOL - EVER USED,,NOTE: The following 15 variables pertain to the use of specific hallucinogens and inhalants. These variables were revised starting with the 2021 NSDUH so that respondents with unknown lifetime use of the indicated hallucinogen or inhalant were coded as a system missing.,2
RECODED DRUG USE,179,141,"HALLUCFLAG, PEYOTE",PEYOTEEVER,1,RC-EVER USED PEYOTE,,,3
RECODED DRUG USE,179,141,"HALLUCFLAG, MESC",MESCEVER,1,RC-EVER USED MESCALINE,,,3
RECODED DRUG USE,179,141,"HALLUCFLAG, PSILCY",PSILCYEVER,1,RC-EVER USED PSILOCYBIN (MUSHROOMS),,,3
RECODED DRUG USE,180,142,"AMYLNIT, INHALFLAG",AMYLNIEVER,1,"RC-EVER INHALED AMYL NITRITE, ""POPPERS"", RUSH, ETC.",,,3
RECODED DRUG USE,180,142,"CLEFLU, INHALFLAG",CLEFLUEVER,1,"RC-EVER INHALED CORRECTION FLUID, DEGREASER, ETC.",,,3
RECODED DRUG USE,180,142,"GAS, INHALFLAG",GASEVER,1,RC-EVER INHALED GASOLINE OR LIGHTER FLUID,,,3
RECODED DRUG USE,180,142,"GLUE, INHALFLAG",GLUEEVER,1,"RC-EVER INHALED GLUE, SHOE POLISH, OR TOLUENE",,,3
RECODED DRUG USE,180,142,"ETHER, INHALFLAG",ETHEREVER,1,"RC-EVER INHALED HALOTHANE, ETHER, OR OTHER ANESTHETIC",,,3
RECODED DRUG USE,180,142,"INHALFLAG, SOLVENT",SOLVENEVER,1,"RC-EVER INHALED LACQUER THINNER, OTHER PAINT SOLVENTS",,,3
RECODED DRUG USE,180,142,"INHALFLAG, LGAS",LGASEVER,1,"RC-EVER INHALED LIGHTER GASES (BUTANE, PROPANE)",,,3
RECODED DRUG USE,180,142,"INHALFLAG, NITOXID",NITOXIEVER,1,"RC-EVER INHALED NITROUS OXIDE OR ""WHIPPITS""",,,3
RECODED DRUG USE,180,142,"FELTMARKR, INHALFLAG",FLTMRKEVER,1,RC-EVER USED FELT-TIP PENS/MARKERS TO GET HIGH,,,3
RECODED DRUG USE,181,143,"INHALFLAG, SPPAINT",SPAINTEVER,1,RC-EVER INHALED SPRAY PAINTS,,,3
RECODED DRUG USE,181,143,"AIRDUSTER, INHALFLAG",AIRDUSEVER,1,RC-EVER USED COMPUTER CLEANER/AIR DUSTER TO GET HIGH,,,3
RECODED DRUG USE,181,143,"INHALFLAG, OTHAEROS",OTHAEREVER,1,RC-EVER USED OTHER AEROSOL SPRAY,,"NOTE: The following 12 variables pertain to prescription pain reliever subtype use. These variables were revised starting with the 2021 NSDUH so that respondents with unknown past year use of the specific pain reliever subtype were coded as a system missing. The following variable for any past year use of Hydrocodone Products, RXHYDCANY, was assigned a positive response if a respondent indicated any past year use of Vicodin, Lortab, Norco, Zohydro ER, generic hydrocodone, or past year misuse of other pain relievers that contain hydrocodone. A negative response was assigned if a respondent was not a past year user of prescription pain relievers (PNRANYYR=0) or if a respondent indicated no past year use of Vicodin, Lortab, Norco, Zohydro ER, and generic hydrocodone.",3
RECODED DRUG USE,181,143,PNRANYYR,RXHYDCANY,1,RC-HYDROCODONE PRODUCTS - ANY PAST YEAR USE,,,3
RECODED DRUG USE,181,143,PNRANYYR,RXZOHYANY,1,RC-ZOHYDRO ER - ANY PAST YEAR USE,,,3
RECODED DRUG USE,181,143,"OXYCNANYYR, PNRANYYR",RXOXCOANY,1,RC-OXYCODONE PRODUCTS - ANY PAST YEAR USE,"The following variable for any past year use of Oxycodone Products, RXOXCOANY, was assigned a positive response if a respondent indicated any past year use of OxyContin (OXYCNANYYR=1), Percocet, Percodan, Roxicodone, or generic oxycodone, or past year misuse of other pain relievers that contain oxycodone. A negative response was assigned if a respondent was not a past year user of prescription pain relievers (PNRANYYR=0) or if a respondent indicated no past year use of OxyContin (OXYCNANYYR=0), Percocet, Percodan, Roxicodone, and generic oxycodone.",,3
RECODED DRUG USE,182,144,PNRANYYR,RXTRAMANY,1,RC-TRAMADOL PRODUCTS - ANY PAST YEAR USE,"The following variable for any past year use of Tramadol Products, RXTRAMANY, was assigned a positive response if a respondent indicated any past year use of Ultram, Ultram ER, Ultracet, generic tramadol, or generic extended-release tramadol, or past year misuse of other pain relievers that contain tramadol. A negative response was assigned if a respondent was not a past year user of prescription pain relievers (PNRANYYR=0) or if a respondent indicated no past year use of Ultram, Ultram ER, Ultracet, generic tramadol, and generic extended-release tramadol.",,3
RECODED DRUG USE,182,144,PNRANYYR,RXCODEANY,1,RC-CODEINE PRODUCTS - ANY PAST YEAR USE,"The following variable for any past year use of Codeine Products, RXCODEANY, was assigned a positive response if a respondent indicated any past year use of Codeine, Tylenol with Codeine 3 or 4, or past year misuse of other pain relievers that contain codeine. A negative response was assigned if a respondent was not a past year user of prescription pain relievers (PNRANYYR=0) or if a respondent indicated no past year use of Codeine and Tylenol with Codeine 3 or 4.",,3
RECODED DRUG USE,182,144,PNRANYYR,RXMORPANY,1,RC-MORPHINE PRODUCTS - ANY PAST YEAR USE,"The following variable for any past year use of Morphine Products, RXMORPANY, was assigned a positive response if a respondent indicated any past year use of Avinza, Kadian, MS Contin, generic morphine, or generic extended-release morphine, or past year misuse of other pain relievers that contain morphine. A negative response was assigned if a respondent was not a past year user of prescription pain relievers (PNRANYYR=0) or if a respondent indicated no past year use of Avinza, Kadian, MS Contin, generic morphine, and generic extended-release morphine.",,3
RECODED DRUG USE,182,144,PNRANYYR,RXBUPRANY,1,RC-BUPRENORPHINE PRODUCTS - ANY PAST YEAR USE,"The following variable for any past year use of Buprenorphine Products, RXBUPRANY, was assigned a positive response if a respondent indicated any past year use of Suboxone, or generic buprenorphine, or buprenorphine plus naloxone, or past year misuse of other pain relievers that contain buprenorphine. A negative response was assigned if a respondent was not a past year user of prescription pain relievers (PNRANYYR=0) or if a respondent indicated no past year use of Suboxone, or generic buprenorphine, and buprenorphine plus naloxone.",,3
RECODED DRUG USE,182,144,PNRANYYR,RXOXYMANY,1,RC-OXYMORPHONE PRODUCTS - ANY PAST YEAR USE,"The following variable for any past year use of Oxymorphone Products, RXOXYMANY, was assigned a positive response if a respondent indicated any past year use of Opana, Opana ER, generic oxymorphone, or generic extended-release oxymorphone, or past year misuse of other pain relievers that contain oxymorphone. A negative response was assigned if a respondent was not a past year user of prescription pain relievers (PNRANYYR=0) or if a respondent indicated no past year use of Opana, Opana ER, generic oxymorphone, and generic extended-release oxymorphone.",,3
RECODED DRUG USE,183,145,PNRANYYR,RXDEMEANY,1,RC-DEMEROL PRODUCTS - ANY PAST YEAR USE,"The following variable for any past year use of Demerol Products, RXDEMEANY, was assigned a positive response if a respondent indicated any past year use of Demerol, or past year misuse of other pain relievers that contain demerol. A negative response was assigned if a respondent was not a past year user of prescription pain relievers (PNRANYYR=0) or if a respondent indicated no past year use of Demerol.",,3
RECODED DRUG USE,183,145,PNRANYYR,RXHYDMANY,1,RC-HYDROMORPHONE PRODUCTS - ANY PAST YEAR USE,"The following variable for any past year use of Hydromorphone Products, RXHYDMANY, was assigned a positive response if a respondent indicated any past year use of Dilaudid or generic hydromorphone, or Exalgo or generic extended-release hydromorphone, or past year misuse of other pain relievers that contain hydromorphone. A negative response was assigned if a respondent was not a past year user of prescription pain relievers (PNRANYYR=0) or if a respondent indicated no past year use of Dilaudid or generic hydromorphone and Exalgo or generic extended- release hydromorphone.",,3
RECODED DRUG USE,183,145,PNRANYYR,RXMTDNANY,1,RC-METHADONE PRODUCTS - ANY PAST YEAR USE,"The following variable for any past year use of Methadone Products, RXMTDNANY, was assigned a positive response if a respondent indicated any past year use of Methadone, or past year misuse of other pain relievers that contain methadone. A negative response was assigned if a respondent was not a past year user of prescription pain relievers (PNRANYYR=0) or if a respondent indicated no past year use of Methadone.",,3
RECODED DRUG USE,183,145,PNRANYYR,OTHRPNRANY,1,RC-OTHER PAIN RELIEVER- ANY PAST YEAR USE,,"NOTE: The following nine variables pertain to prescription tranquilizer subtype use. These variables were revised starting with the 2021 NSDUH so that respondents with unknown past year use of the specific tranquilizer subtype were coded as a system missing. The following variable for any past year use of Benzodiazepine Tranquilizers, RXBZOTANY, was assigned a positive response if a respondent indicated any past year use of alprazolam products (Xanax, Xanax XR, generic alprazolam, generic extended-release alprazolam), lorazepam products, generic lorazepam), clonazepam products, generic clonazepam), diazepam products, or generic diazepam), or past year misuse of other benzodiazepine tranquilizers. A negative response was assigned if a respondent was not a past year user of prescription tranquilizers (TRQANYYR=0), if a respondent was not a past year user of any benzodiazepines (IRBZOANYYR=0), or if a respondent indicated no past year use of alprazolam products (Xanax, Xanax XR, generic alprazolam, and generic extended-release alprazolam), lorazepam products (Ativan, generic lorazepam), clonazepam products (Klonopin and generic clonazepam), and diazepam products (Valium and generic diazepam).",3
RECODED DRUG USE,183,145,"IRBZOANYYR, TRQANYYR",RXBZOTANY,1,RC-BENZODIAZEPINE TRANQUILIZERS - ANY PAST YEAR USE,,,3
RECODED DRUG USE,184,146,"IRBZOANYYR, TRQANYYR",RXALPRANY,1,RC-ALPRAZOLEM PRODUCTS - ANY PAST YEAR USE,"The following variable for any past year use of Alprazolam Products, RXALPRANY, was assigned a positive response if a respondent indicated any past year use of Xanax, Xanax XR, generic alprazolam, or generic extended-release alprazolam, or past year misuse of other tranquilizers that contain alprazolam. A negative response was assigned if a respondent was not a past year user of prescription tranquilizers (TRQANYYR=0), if a respondent was not a past year user of any benzodiazepines (IRBZOANYYR=0), or if a respondent indicated no past year use of Xanax, Xanax XR, generic alprazolam, and generic extended-release alprazolam.",,3
RECODED DRUG USE,184,146,"IRBZOANYYR, TRQANYYR",RXLORAANY,1,RC-LORAZEPAM PRODUCTS - ANY PAST YEAR USE,"The following variable for any past year use of Lorazepam Products, RXLORAANY, was assigned a positive response if a respondent indicated any past year use of Ativan, or generic lorazepam, or past year misuse of other tranquilizers that contain lorazepam. A negative response was assigned if a respondent was not a past year user of prescription tranquilizers (TRQANYYR=0), if a respondent was not a past year user of any benzodiazepines (IRBZOANYYR=0), or if a respondent indicated no past year use of Ativan and generic lorazepam.",,3
RECODED DRUG USE,184,146,"IRBZOANYYR, TRQANYYR",RXCLONANY,1,RC-CLONAZEP AM PRODUCTS - ANY PAST YEAR USE,"The following variable for any past year use of Clonazepam Products, RXCLONANY, was assigned a positive response if a respondent indicated any past year use of Klonopin, or generic clonazepam, or past year misuse of other tranquilizers that contain clonazepam. A negative response was assigned if a respondent was not a past year user of prescription tranquilizers (TRQANYYR=0), if a respondent was not a past year user of any benzodiazepines (IRBZOANYYR=0), or if a respondent indicated no past year use of Klonopin and generic clonazepam.",,3
RECODED DRUG USE,184,146,"IRBZOANYYR, TRQANYYR",RXDIAZANY,1,RC-DIAZEPAM PRODUCTS - ANY PAST YEAR USE,"The following variable for any past year use of Diazepam Products, RXDIAZANY, was assigned a positive response if a respondent indicated any past year use of Valium, or generic diazepam, or past year misuse of other tranquilizers that contain diazepam. A negative response was assigned if a respondent was not a past year user of prescription tranquilizers (TRQANYYR=0), if a respondent was not a past year user of any benzodiazepines (IRBZOANYYR=0), or if a respondent indicated no past year use of Valium and generic diazepam.",,3
RECODED DRUG USE,184,146,TRQANYYR,RXMRLXANY,1,RC-MUSCLE RELAXANTS - ANY PAST YEAR USE,"The following variable for any past year use of Muscle Relaxants, RXMRLXANY, was assigned a positive response if a respondent indicated any past year use of cyclobenzaprine [also known as Flexeril], Soma, or past year misuse of other muscle relaxants. A negative response was assigned if a respondent was not a past year user of prescription tranquilizers (TRQANYYR=0) or if a respondent indicated no past year use of cyclobenzaprine [also known as Flexeril] and Soma.",,3
RECODED DRUG USE,185,147,TRQANYYR,RXCYCLANY,1,RC-CYCLOBENZAPRINE PRODUCTS - ANY PAST YEAR USE,"The following variable for any past year use of Cyclobenzaprine Products, RXCYCLANY, was assigned a positive response if a respondent indicated any past year use of Flexeril, or past year misuse of other muscle relaxants that contain cyclobenzaprine. A negative response was assigned if a respondent was not a past year user of prescription tranquilizers (TRQANYYR=0) or if a respondent indicated no past year use of Flexeril.",,3
RECODED DRUG USE,185,147,TRQANYYR,RXSOMAANY,1,RC-SOMA PRODUCTS - ANY PAST YEAR USE,"The following variable for any past year use of Carisoprodol Products, RXSOMAANY, was assigned a positive response if a respondent indicated any past year use of Soma, or past year misuse of other muscle relaxants that contain carisoprodol. A negative response was assigned if a respondent was not a past year user of prescription tranquilizers (TRQANYYR=0) or if a respondent indicated no past year use of Soma.",,3
RECODED DRUG USE,185,147,TRQANYYR,OTHRTRQANY,1,RC-OTHER TRANQUILIZER- ANY PAST YEAR USE,,"NOTE: The following six variables pertain to prescription stimulant subtype use. These variables were revised starting with the 2021 NSDUH so that respondents with unknown past year use of the specific stimulant subtype were coded as a system missing. The following variable for any past year use of Amphetamine or Methylphenidate Products, RXAMMEANY, was assigned a positive response if a respondent indicated any past year use of Adderall, Adderall XR, Dexedrine, Vyvanse, generic dextroamphetamine, generic amphetamine- dextroamphetamine combinations, generic extended-release amphetamine-dextroamphetamine combinations, Ritalin, Ritalin LA, Concerta, Daytrana, Metadate CD, Metadate ER, Focalin, Focalin XR, generic methylphenidate, generic extended-release methylphenidate, generic dexmethylphenidate, or generic extended-release dexmethylphenidate, or past year misuse of other amphetamines that are prescribed for attention- deficit/hyperactivity disorder (ADHD) or other stimulants that contain methylphenidate. A negative response was assigned if a respondent was not a past year user of prescription stimulants (STMANYYR=0) or if a respondent indicated no past year use of Adderall, Adderall XR, Dexedrine, Vyvanse, generic dextroamphetamine, generic amphetamine-dextroamphetamine combinations, generic extended-release amphetamine- dextroamphetamine combinations, Ritalin, Ritalin LA, Concerta, Daytrana, Metadate CD, Metadate ER, Focalin, Focalin XR, generic methylphenidate, generic extended-release methylphenidate, generic dexmethylphenidate, and generic extended-release dexmethylphenidate. Amphetamine and methylphenidate products are primarily prescribed for the treatment of attention-deficit/hyperactivity disorder (ADHD). Vyvanse® is included with amphetamine products because its active ingredient (lisdexamfetamine) is metabolized to dextroamphetamine.",3
RECODED DRUG USE,185,147,STMANYYR,RXAMMEANY,1,RC-AMPHETAMINE OR METHYLPHENIDATE PRODS - ANY PAST YEAR USE,,,3
RECODED DRUG USE,186,148,STMANYYR,RXAMPHANY,1,RC-AMPHETAMINE - ANY PAST YEAR USE,"The following variable for any past year use of Amphetamine Products, RXAMPHANY, was assigned a positive response if a respondent indicated any past year use of Adderall, Adderall XR, Dexedrine, Vyvanse, generic dextroamphetamine, generic amphetamine-dextroamphetamine combinations, or generic extended-release amphetamine-dextroamphetamine combinations, or past year misuse of other amphetamines that are prescribed for attention-deficit/hyperactivity disorder (ADHD). A negative response was assigned if a respondent was not a past year user of prescription stimulants (STMANYYR=0) or if a respondent indicated no past year use of Adderall, Adderall XR, Dexedrine, Vyvanse, generic dextroamphetamine, generic amphetamine-dextroamphetamine combinations, and generic extended-release amphetamine-dextroamphetamine combinations. Amphetamines are primarily prescribed for the treatment of attention-deficit/hyperactivity disorder (ADHD). Vyvanse® is included with amphetamine products because its active ingredient (lisdexamfetamine) is metabolized to dextroamphetamine.",,3
RECODED DRUG USE,186,148,STMANYYR,RXMTHPANY,1,RC-METHYLPHENIDATE PRODUCTS - ANY PAST YEAR USE,"The following variable for any past year use of Methylphenidate Products, RXMTHPANY, was assigned a positive response if a respondent indicated any past year use of Ritalin, Ritalin LA, Concerta, Daytrana, Metadate CD, Metadate ER, Focalin, Focalin XR, generic methylphenidate, generic extended-release methylphenidate, generic dexmethylphenidate, or generic extended-release dexmethylphenidate, or past year misuse of other stimulants that contain methylphenidate. A negative response was assigned if a respondent was not a past year user of prescription stimulants (STMANYYR=0) or if a respondent indicated no past year use of Ritalin, Ritalin LA, Concerta, Daytrana, Metadate CD, Metadate ER, Focalin, Focalin XR, generic methylphenidate, generic extended-release methylphenidate, generic dexmethylphenidate, and generic extended-release dexmethylphenidate.",,3
RECODED DRUG USE,186,148,STMANYYR,RXANORANY,1,RC-ANORECTIC STIMULANTS - ANY PAST YEAR USE,"The following variable for any past year use of Anorectic, benzphetamine, Tenuate, diethylpropion, phendimetrazine, or phentermine, or past year misuse of other stimulants that are prescribed for weight loss. A negative response was assigned if a respondent was not a past year user of prescription stimulants (STMANYYR=0) or if a respondent indicated no past year use of Didrex, benzphetamine, Tenuate, diethylpropion, phendimetrazine, and phentermine.",,3
RECODED DRUG USE,186,148,STMANYYR,RXPROVANY,1,RC-PROVIGIL PRODUCTS- ANY PAST YEAR USE,"The following variable for any past year use of Provigil Products, RXPROVANY, was assigned a positive response if a respondent indicated any past year use of Provigil, or past year misuse of other stimulants that contain Provigil. A negative response was assigned if a respondent was not a past year user of prescription stimulants (STMANYYR=0) or if a respondent indicated no past year use of Provigil.",,3
RECODED DRUG USE,186,148,STMANYYR,OTHRSTMANY,1,RC-OTHER STIMULANT - ANY PAST YEAR USE,,"NOTE: The following nine variables pertain to prescription sedative subtype use. These variables were revised starting with the 2021 NSDUH so that respondents with unknown past year use of the specific sedative subtype were coded as a system missing. The following variable for any past year use of Zolpidem Products, RXZOLPANY, was assigned a positive response if a respondent indicated any past year use of Ambien, Ambien CR, generic zolpidem, or extended-release generic zolpidem, or past year misuse of other sedatives that contain zolpidem. A negative response was assigned if a respondent was not a past year user of prescription sedatives (SEDANYYR=0) or if a respondent indicated no past year use of Ambien, Ambien CR, generic zolpidem, and extended-release generic zolpidem.",3
RECODED DRUG USE,187,149,SEDANYYR,RXZOLPANY,1,RC-ZOLPIDEM PRODUCTS - ANY PAST YEAR USE,,,3
RECODED DRUG USE,187,149,SEDANYYR,RXESZOANY,1,RC-ESZOPICLONE PRODUCTS - ANY PAST YEAR USE,"The following variable for any past year use of Eszopiclone Products, RXESZOANY, was assigned a positive response if a respondent indicated any past year use of Lunesta or generic eszopiclone, or past year misuse of other sedatives that contain eszopiclone. A negative response was assigned if a respondent was not a past year user of prescription sedatives (SEDANYYR=0) or if a respondent indicated no past year use of Lunesta or generic eszopiclone.",,3
RECODED DRUG USE,187,149,SEDANYYR,RXZALEANY,1,RC-ZALEPLON PRODUCTS - ANY PAST YEAR USE,"The following variable for any past year use of Zaleplon Products, RXZALEANY, was assigned a positive response if a respondent indicated any past year use of Sonata or generic zaleplon, or past year misuse of other sedatives that contain zaleplon. A negative response was assigned if a respondent was not a past year user of prescription sedatives (SEDANYYR=0) or if a respondent indicated no past year use of Sonata or generic zaleplon.",,3
RECODED DRUG USE,187,149,"IRBZOANYYR, SEDANYYR",RXBZOSANY,1,RC-BENZODIAZEPINE SEDATIVES - ANY PAST YEAR USE,"The following variable for any past year use of Benzodiazepine Sedatives, RXBZOSANY, was assigned a positive response if a respondent indicated any past year use of flurazepam [also known as Dalmane], temazepam products [Restoril, or generic temazepam], or triazolam [Halcion or generic triazolam], or past year misuse of other benzodiazepine sedatives. A negative response was assigned if a respondent was not a past year user of prescription sedatives (SEDANYYR=0), if a respondent was not a past year user of any benzodiazepines (IRBZOANYYR=0), or if a respondent indicated no past year use of flurazepam [also known as Dalmane], temazepam products [Restoril, and generic temazepam], and triazolam [Halcion and generic triazolam].",,3
RECODED DRUG USE,187,149,"IRBZOANYYR, SEDANYYR",RXTRIAANY,1,RC-TRIAZOLAM PRODUCTS - ANY PAST YEAR USE,"The following variable for any past year use of Triazolam Products, RXTRIAANY, was assigned a positive response if a respondent indicated any past year use of Halcion, or generic triazolam, or past year misuse of other sedatives that contain tirazolam. A negative response was assigned if a respondent was not a past year user of prescription sedatives (SEDANYYR=0), if a respondent was not a past year user of any benzodiazepines (IRBZOANYYR=0), or if a respondent indicated no past year use of Halcion and generic triazolam.",,3
RECODED DRUG USE,188,150,"IRBZOANYYR, SEDANYYR",RXTEMAANY,1,RC-TEMAZEPAM PRODUCTS - ANY PAST YEAR USE,"The following variable for any past year use of Temazepam Products, RXTEMAANY, was assigned a positive response if a respondent indicated any past year use of Restoril, or generic temazepam, or past year misuse of other sedatives that contain temazepam. A negative response was assigned if a respondent was not a past year user of prescription sedatives (SEDANYYR=0), if a respondent was not a past year user of any benzodiazepines (IRBZOANYYR=0), or if a respondent indicated no past year use of Restoril and generic temazepam.",,3
RECODED DRUG USE,188,150,"IRBZOANYYR, SEDANYYR",RXFLURANY,1,RC-FLURAZEPAM PRODUCTS - ANY PAST YEAR USE,"The following variable for any past year use of Flurazepam, RXFLURANY, was assigned a positive response if a respondent indicated any past year use of flurazepam [also known as Dalmane], or past year misuse of other sedatives that contain flurazepam. A negative response was assigned if a respondent was not a past year user of prescription sedatives (SEDANYYR=0), if a respondent was not a past year user of any benzodiazepines (IRBZOANYYR=0), or if a respondent indicated no past year use of flurazepam [also known as Dalmane].",,3
RECODED DRUG USE,188,150,SEDANYYR,RXBARBANY,1,RC-BARBITUATES - ANY PAST YEAR USE,"The following variable for any past year use of Barbiturates, RXBARBANY, was assigned a positive response if a respondent indicated any past year use of Butisol, Seconal, or phenobarbital, or past year misuse of other barbiturates. A negative response was assigned if a respondent was not a past year user of prescription sedatives (SEDANYYR=0) or if a respondent indicated no past year use of Butisol, Seconal, and phenobarbita.",,3
RECODED DRUG USE,188,150,SEDANYYR,OTHRSEDANY,1,RC-OTHER SEDATIVE - ANY PAST YEAR USE,,"NOTE: The following 12 variables pertain to prescription pain reliever subtype misuse. These variables were revised starting with the 2021 NSDUH so that respondents with unknown past year misuse of the specific pain reliever subtype were coded as a system missing. The following variable for past year misuse of Hydrocodone Products, RXHYDCMIS, was assigned a positive response if a respondent indicated past year misuse of Vicodin, Lortab, Norco, Zohydro ER, generic hydrocodone, or other pain relievers that contain hydrocodone. A negative response was assigned if a respondent was not a past year misuser of prescription pain relievers (PNRNMYR=0) or if a respondent indicated no past year misuse of Vicodin, Lortab, Norco, Zohydro ER, and generic hydrocodone.",3
RECODED DRUG USE,188,150,PNRNMYR,RXHYDCMIS,1,RC-HYDROCODONE PRODUCTS - PAST YEAR MISUSE,,,3
RECODED DRUG USE,188,150,PNRNMYR,RXZOHYMIS,1,RC-ZOHYDRO ER - PAST YEAR MISUSE,,,3
RECODED DRUG USE,189,151,"OXYCNNMYR, PNRNMYR",RXOXCOMIS,1,RC-OXYCODONE PRODUCTS - PAST YEAR MISUSE,"The following variable for past year misuse of Oxycodone Products, RXOXCOMIS, was assigned a positive response if a respondent indicated past year misuse of OxyContin (OXYCNNMYR=1), Percocet, Percodan, Roxicodone, generic oxycodone, or other pain relievers that contain oxycodone. A negative response was assigned if a respondent was not a past year misuser of prescription pain relievers (PNRNMYR=0) or if a respondent indicated no past year misuse of OxyContin (OXYCNNMYR=0), Percocet, Percodan, Roxicodone, and generic oxycodone.",,3
RECODED DRUG USE,189,151,PNRNMYR,RXTRAMMIS,1,RC-TRAMADOL PRODUCTS - PAST YEAR MISUSE,"The following variable for past year misuse of Tramadol Products, RXTRAMMIS, was assigned a positive response if a respondent indicated past year misuse of Ultram, Ultram ER, Ultracet, generic tramadol, generic extended-release tramadol, or other pain relievers that contain tramadol. A negative response was assigned if a respondent was not a past year misuser of prescription pain relievers (PNRNMYR=0) or if a respondent indicated no past year misuse of Ultram, Ultram ER, Ultracet, generic tramadol, and generic extended-release tramadol.",,3
RECODED DRUG USE,189,151,PNRNMYR,RXCODEMIS,1,RC-CODEINE PRODUCTS - PAST YEAR MISUSE,"The following variable for past year misuse of Codeine Products, RXCODEMIS, was assigned a positive response if a respondent indicated past year misuse of Codeine, Tylenol with Codeine 3 or 4, or other pain relievers that contain codeine. A negative response was assigned if a respondent was not a past year misuser of prescription pain relievers (PNRNMYR=0) or if a respondent indicated no past year misuse of Codeine and Tylenol with Codeine 3 or 4.",,3
RECODED DRUG USE,189,151,PNRNMYR,RXMORPMIS,1,RC-MORPHINE PRODUCTS - PAST YEAR MISUSE,"The following variable for past year misuse of Morphine Products, RXMORPMIS, was assigned a positive response if a respondent indicated past year misuse of Avinza, Kadian, MS Contin, generic morphine, generic extended-release morphine, or other pain relievers that contain morphine. A negative response was assigned if a respondent was not a past year misuser of prescription pain relievers (PNRNMYR=0) or if a respondent indicated no past year misuse of Avinza, Kadian, MS Contin, generic morphine, and generic extended-release morphine.",,3
RECODED DRUG USE,189,151,PNRNMYR,RXBUPRMIS,1,RC-BUPRENORPHINE PRODUCTS - PAST YEAR MISUSE,"The following variable for past year misuse of Buprenorphine Products, RXBUPRMIS, was assigned a positive response if a respondent indicated past year misuse of Suboxone, generic buprenorphine, or buprenorphine plus naloxone, or other pain relievers that contain buprenorphine. A negative response was assigned if a respondent was not a past year misuser of prescription pain relievers (PNRNMYR=0) or if a respondent indicated no past year misuse of Suboxone, or generic buprenorphine, and buprenorphine plus naloxone.",,3
RECODED DRUG USE,190,152,PNRNMYR,RXOXYMMIS,1,RC-OXYMORPHONE PRODUCTS - PAST YEAR MISUSE,"The following variable for past year misuse of Oxymorphone Products, RXOXYMMIS, was assigned a positive response if a respondent indicated past year misuse of Opana, Opana ER, generic oxymorphone, generic extended-release oxymorphone, or other pain relievers that contain oxymorphone. A negative response was assigned if a respondent was not a past year misuser of prescription pain relievers (PNRNMYR=0) or if a respondent indicated no past year misuse of Opana, Opana ER, generic oxymorphone, and generic extended-release oxymorphone.",,3
RECODED DRUG USE,190,152,PNRNMYR,RXDEMEMIS,1,RC-DEMEROL PRODUCTS - PAST YEAR MISUSE,"The following variable for past year misuse of Demerol Products, RXDEMEMIS, was assigned a positive response if a respondent indicated past year misuse of Demerol, or other pain relievers that contain demerol. A negative response was assigned if a respondent was not a past year misuser of prescription pain relievers (PNRNMYR=0) or if a respondent indicated no past year misuse of Demerol.",,3
RECODED DRUG USE,190,152,PNRNMYR,RXHYDMMIS,1,RC-HYDROMORPHONE PRODUCTS - PAST YEAR MISUSE,"The following variable for past year misuse of Hydromorphone Products, RXHYDMMIS, was assigned a positive response if a respondent indicated past year misuse of Dilaudid or generic hydromorphone, Exalgo or generic extended-release hydromorphone, or other pain relievers that contain hydromorphone. A negative response was assigned if a respondent was not a past year misuser of prescription pain relievers (PNRNMYR=0) or if a respondent indicated no past year misuse of Dilaudid or generic hydromorphone and Exalgo or generic extended-release hydromorphone.ble for past year misuse of Hydromorphone Products, HYDMPDPYMU, was assigned a positive response if a respondent indicated past year misuse of Dilaudid or generic hydromorphone, Exalgo or generic extended-release hydromorphone, or other pain relievers that contain hydromorphone.",,3
RECODED DRUG USE,190,152,PNRNMYR,RXMTDNMIS,1,RC-METHADONE PRODUCTS - PAST YEAR MISUSE,"The following variable for past year misuse of Methadone Products, RXMTDNMIS, was assigned a positive response if a respondent indicated past year misuse of Methadone, or other pain relievers that contain methadone. A negative response was assigned if a respondent was not a past year misuser of prescription pain relievers (PNRNMYR=0) or if a respondent indicated no past year misuse of Methadone.",,3
RECODED DRUG USE,191,153,PNRNMYR,OTHRPNRMIS,1,RC-OTHER PAIN RELIEVER PRODUCTS - PAST YEAR MISUSE,"The following variable for the past year misuse of any other pain relievers, OTHRPNRMIS, was assigned a positive response if a respondent indicated past year misuse of any other pain relievers and the respondent did not report their only misuse of any other pain relievers in their write-in responses as containing the following: hydrocodone products, oxycodone products, tramadol products, codeine products, morphine products, fentanyl products, buprenorphine products, oxymorphone products, meperidine products, hydromorphone products, methadone products, or over- the-counter products. Codes for bad data, don’t know, refused, and blank are not considered valid values. OTHRPNRMIS was assigned a negative response if a respondent was not a past year misuser of prescription pain relievers (PNRNMYR=0), if a respondent did not indicate past year misuse of any other pain relievers, or a respondent indicated their only misuse of any other pain relievers in their write-in responses as containing the following: hydrocodone products, oxycodone products, tramadol products, codeine products, morphine products, fentanyl products, buprenorphine products, oxymorphone products, meperidine products, hydromorphone products, methadone products, or over-the-counter products. If a respondent had a least one valid write-in value, the respondent would still be assigned a negative response even if the remaining write-in responses are blank.","NOTE: The following nine variables pertain to prescription tranquilizer subtype misuse. These variables were revised starting with the 2021 NSDUH so that respondents with unknown past year misuse of the specific tranquilizer subtype were coded as a system missing. The following variable for past year misuse of Benzodiazepine Tranquilizers, RXBZOTMIS, was assigned a positive response if a respondent indicated past year misuse of alprazolam products (Xanax, Xanax XR, generic alprazolam, generic extended-release alprazolam), lorazepam products or generic lorazepam), clonazepam products, generic clonazepam), or diazepam products, generic diazepam), or other benzodiazepine tranquilizers. A negative response was assigned if a respondent was not a past year misuser of prescription tranquilizers (TRQNMYR=0), if a respondent was not a past year misuser of any benzodiazepines (IRBZONMYR=0), or if a respondent indicated no past year misuse of alprazolam products (Xanax and Xanax XR, generic alprazolam, generic extended-release alprazolam), lorazepam products (Ativanand generic lorazepam), clonazepam products (Klonopin and generic clonazepam), and diazepam products (Valium and generic diazepam).",3
RECODED DRUG USE,191,153,"IRBZONMYR, TRQNMYR",RXBZOTMIS,1,RC-BENZODIAZEPINE TRANQUILIZERS - PAST YEAR MISUSE,,,3
RECODED DRUG USE,191,153,"IRBZONMYR, TRQNMYR",RXALPRMIS,1,RC-ALPRAZOLEM PRODUCTS - PAST YEAR MISUSE,"The following variable for past year misuse of Alprazolam Products, RXALPRMIS, was assigned a positive response if a respondent indicated past year misuse of Xanax, Xanax XR, generic alprazolam, generic extended-release alprazolam, or other tranquilizers that contain alprazolam. A negative response was assigned if a respondent was not a past year misuser of prescription tranquilizers (TRQNMYR=0), if a respondent was not a past year misuser of any benzodiazepines (IRBZONMYR=0), or if a respondent indicated no past year misuse of Xanax, Xanax XR, generic alprazolam, and generic extended-release alprazolam.",,3
RECODED DRUG USE,191,153,"IRBZONMYR, TRQNMYR",RXLORAMIS,1,RC-LORAZEPAM PRODUCTS - PAST YEAR MISUSE,"The following variable for past year misuse of Lorazepam Products, RXLORAMIS, was assigned a positive response if a respondent indicated past year misuse of Ativan, generic lorazepam, or other tranquilizers that contain lorazepam. A negative response was assigned if a respondent was not a past year misuser of prescription tranquilizers (TRQNMYR=0), if a respondent was not a past year misuser of any benzodiazepines (IRBZONMYR=0), or if a respondent indicated no past year misuse of Ativan and generic lorazepam.",,3
RECODED DRUG USE,192,154,"IRBZONMYR, TRQNMYR",RXCLONMIS,1,RC-CLONAZEPAM PRODUCTS - PAST YEAR MISUSE,"The following variable for past year misuse of Clonazepam Products, RXCLONMIS, was assigned a positive response if a respondent indicated past year misuse of Klonopin, generic clonazepam, or other tranquilizers that contain clonazepam. A negative response was assigned if a respondent was not a past year misuser of prescription tranquilizers (TRQNMYR=0), if a respondent was not a past year misuser of any benzodiazepines (IRBZONMYR=0), or if a respondent indicated no past year misuse of Klonopin and generic clonazepam.",,3
RECODED DRUG USE,192,154,"IRBZONMYR, TRQNMYR",RXDIAZMIS,1,RC-DIAZEPAM PRODUCTS - PAST YEAR MISUSE,"The following variable for past year misuse of Diazepam Products, RXDIAZMIS, was assigned a positive response if a respondent indicated past year misuse of Valium, generic diazepam, or other tranquilizers that contain diazepam. A negative response was assigned if a respondent was not a past year user of prescription tranquilizers (TRQNMYR=0), if a respondent was not a past year misuser of any benzodiazepines (IRBZONMYR=0), or if a respondent indicated no past year use of Valium and generic diazepam.",,3
RECODED DRUG USE,192,154,TRQNMYR,RXMRLXMIS,1,RC-MUSCLE RELAXANTS - PAST YEAR MISUSE,"The following variable for past year misuse of Muscle Relaxants, RXMRLXMIS, was assigned a positive response if a respondent indicated past year misuse of cyclobenzaprine [also known as Flexeril], Soma, or other muscle relaxants. A negative response was assigned if a respondent was not a past year misuser of prescription tranquilizers (TRQNMYR=0) or if a respondent indicated no past year misuse of cyclobenzaprine [also known as Flexeril] and Soma.",,3
RECODED DRUG USE,192,154,TRQNMYR,RXCYCLMIS,1,RC-CYCLOBENZAPRINE PRODUCTS - PAST YEAR MISUSE,"The following variable for past year misuse of Cyclobenzaprine Products, RXCYCLMIS, was assigned a positive response if a respondent indicated past year misuse of Flexeril, or other muscle relaxants that contain cyclobenzaprine. A negative response was assigned if a respondent was not a past year misuser of prescription tranquilizers (TRQNMYR=0) or if a respondent indicated no past year misuse of Flexeril.",,3
RECODED DRUG USE,192,154,TRQNMYR,RXSOMAMIS,1,RC-SOMA PRODUCTS - PAST YEAR MISUSE,"The following variable for past year misuse of Carisoprodol Products, RXSOMAMIS, was assigned a positive response if a respondent indicated past year misuse of Soma, or other muscle relaxants that contain carisoprodol. A negative response was assigned if a respondent was not a past year misuser of prescription tranquilizers (TRQNMYR=0) or if a respondent indicated no past year misuse of Soma.",,3
RECODED DRUG USE,193,155,TRQNMYR,OTHRTRQMIS,1,RC-OTHER TRANQUILIZER PRODUCTS - PAST YEAR MISUSE,"The following variable for the past year misuse of any other tranquilizers, OTHRTRQMIS, was assigned a positive response if a respondent indicated past year misuse of any other tranquilizers and the respondent did not report their only misuse of any other tranquilizers in their write-in responses as containing the following: benzodiazepine tranquilizers, muscle relaxants, or over-the-counter products. Codes for bad data, don’t know, refused, and blank are not considered valid values. OTHRTRQMIS was assigned a negative response if a respondent was not a past year misuser of prescription tranquilizers (TRQNMYR=0), if a respondent did not indicate past year misuse of any other tranquilizers, or a respondent indicated their only misuse of any other pain relievers in their write-in responses as containing the following: benzodiazepine tranquilizers, muscle relaxants, or over-the-counter products. If a respondent had a least one valid write-in value, the respondent would still be assigned a negative response even if the remaining write-in responses are blank.","NOTE: The following six variables pertain to prescription stimulant subtype misuse. These variables were revised starting with the 2021 NSDUH so that respondents with unknown past year misuse of the specific stimulant subtype were coded as a system missing. The following variable for past year misuse of Amphetamine or Methylphenidate Products, RXAMMEMIS, was assigned a positive response if a respondent indicated past year misuse of Adderall, Adderall XR, Dexedrine, Vyvanse, generic dextroamphetamine, generic amphetamine- dextroamphetamine combinations, generic extended-release amphetamine-dextroamphetamine combinations, Ritalin, Ritalin LA, Concerta, Daytrana, Metadate CD, Metadate ER, Focalin, Focalin XR, generic methylphenidate, generic extended-release methylphenidate, generic dexmethylphenidate, or generic extended-release dexmethylphenidate, or other amphetamine that are prescribed for attention-deficit/hyperactivity disorder (ADHD) or other stimulants that contain methylphenidate. A negative response was assigned if a respondent was not a past year misuser of prescription stimulants (STMNMYR=0) or if a respondent indicated no past year misuse of Adderall, Adderall XR, Dexedrine, Vyvanse, generic dextroamphetamine, generic amphetamine-dextroamphetamine combinations, generic extended-release amphetamine-dextroamphetamine combinations, Ritalin, Ritalin LA, Concerta, Daytrana, Metadate CD, Metadate ER, Focalin, Focalin XR, generic methylphenidate, generic extended-release methylphenidate, generic dexmethylphenidate, and generic extended-release dexmethylphenidate. Amphetamine and methylphenidate products are primarily prescribed for the treatment of attention-deficit/hyperactivity disorder (ADHD). Vyvanse® is included with amphetamine products because its active ingredient (lisdexamfetamine) is metabolized to dextroamphetamine.",3
RECODED DRUG USE,193,155,STMNMYR,RXAMMEMIS,1,RC-AMPHETAMINE OR METHYLPHENIDATE PRODS - PAST YEAR MISUSE,,,3
RECODED DRUG USE,193,155,STMNMYR,RXAMPHMIS,1,RC-AMPHETAMINE - PAST YEAR MISUSE,"The following variable for past year misuse of Amphetamine Products, RXAMPHMIS, was assigned a positive response if a respondent indicated past year misuse of Adderall, Adderall XR, Dexedrine, Vyvanse, generic dextroamphetamine, generic amphetamine-dextroamphetamine combinations, generic extended-release amphetamine-dextroamphetamine combinations, or other amphetamines that are prescribed for attention- deficit/hyperactivity disorder (ADHD). A negative response was assigned if a respondent was not a past year misuser of prescription stimulants (STMNMYR=0) or if a respondent indicated no past year misuse of Adderall, Adderall XR, Dexedrine, Vyvanse, generic dextroamphetamine, generic amphetamine-dextroamphetamine combinations, and generic extended-release amphetamine-dextroamphetamine combinations. Amphetamines are primarily prescribed for the treatment of attention-deficit/hyperactivity disorder (ADHD). Vyvanse® is included with amphetamine products because its active ingredient (lisdexamfetamine) is metabolized to dextroamphetamine.",,3
RECODED DRUG USE,194,156,STMNMYR,RXMTHPMIS,1,RC-METHYLPHENIDATE PRODUCTS - PAST YEAR MISUSE,"The following variable for past year misuse of Methylphenidate Products, RXMTHPMIS, was assigned a positive response if a respondent indicated past year misuse of Ritalin, Ritalin LA, Concerta, Daytrana, Metadate CD, Metadate ER, Focalin, Focalin XR, generic methylphenidate, generic extended-release methylphenidate, generic dexmethylphenidate, generic extended-release dexmethylphenidate, or other stimulants that contain methylphenidate. A negative response was assigned if a respondent was not a past year misuser of prescription stimulants (STMNMYR=0) or if a respondent indicated no past year misuse of Ritalin, Ritalin LA, Concerta, Daytrana, Metadate CD, Metadate ER, Focalin, Focalin XR, generic methylphenidate, generic extended-release methylphenidate, generic dexmethylphenidate, and generic extended-release dexmethylphenidate.",,3
RECODED DRUG USE,194,156,STMNMYR,RXANORMIS,1,RC-ANORECTIC STIMULANTS - PAST YEAR MISUSE,"The following variable for past year misuse of Anorectic, benzphetamine, Tenuate, diethylpropion, phendimetrazine, phentermine, or other stimulants that are prescribed for weight loss. A negative response was assigned if a respondent was not a past year misuser of prescription stimulants (STMNMYR=0) or if a respondent indicated no past year misuse of Didrex, benzphetamine, Tenuate, diethylpropion, phendimetrazine, and phentermine.",,3
RECODED DRUG USE,194,156,STMNMYR,RXPROVMIS,1,RC-PROVIGIL PRODUCTS- PAST YEAR MISUSE,"The following variable for past year misuse of Provigil Products, RXPROVMIS, was assigned a positive response if a respondent indicated past year misuse of Provigil, or other stimulants that contain Provigil. A negative response was assigned if a respondent was not a past year misuser of prescription stimulants (STMNMYR=0) or if a respondent indicated no past year misuse of Provigil.",,3
RECODED DRUG USE,194,156,STMNMYR,OTHRSTMMIS,1,RC-OTHER STIMULANT PRODUCTS - PAST YEAR MISUSE,"The following variable for the past year misuse of any other stimulants, OTHRSTMMIS, was assigned a positive response if a respondent indicated past year misuse of any other stimulants and the respondent did not report their only misuse of any other stimulants in their write-in responses as containing the following: amphetamine or methylphenidate products, anorectic (weight-loss) stimulants, modafinil products, or over-the-counter products. Codes for bad data, don’t know, refused, and blank are not considered valid values. OTHRSTMMIS was assigned a negative response if a respondent was not a past year misuser of prescription stimulants (STMNMYR=0), if a respondent did not indicate past year misuse of any other stimulants, or a respondent indicated their only misuse of any other pain relievers in their write-in responses as containing the following: amphetamine or methylphenidate products, anorectic (weight-loss) stimulants, modafinil products, or over-the-counter products. If a respondent had a least one valid write-in value, the respondent would still be assigned a negative response even if the remaining write-in responses are blank.","NOTE: The following nine variables pertain to prescription sedative subtype misuse. These variables were revised starting with the 2021 NSDUH so that respondents with unknown past year misuse of the specific sedative subtype were coded as a system missing. The following variable for past year misuse of Zolpidem Products, RXZOLPMIS, was assigned a positive response if a respondent indicated past year misuse of Ambien, Ambien CR, generic zolpidem, extended-release generic zolpidem, or other sedatives that contain. A negative response was assigned if a respondent was not a past year misuser of prescription sedatives (SEDNMYR=0) or if a respondent indicated no past year misuse of Ambien, Ambien CR, generic zolpidem, and extended-release generic zolpidem.",3
RECODED DRUG USE,195,157,SEDNMYR,RXZOLPMIS,1,RC-ZOLPIDEM PRODUCTS - PAST YEAR MISUSE,,,3
RECODED DRUG USE,195,157,SEDNMYR,RXESZOMIS,1,RC-ESZOPICLONE PRODUCTS - PAST YEAR MISUSE,"The following variable for past year misuse of Eszopiclone Products, RXESZOMIS, was assigned a positive response if a respondent indicated past year misuse of Lunesta or generic eszopiclone, or other sedatives that contain eszopiclone. A negative response was assigned if a respondent was not a past year misuser of prescription sedatives (SEDNMYR=0) or if a respondent indicated no past year misuse of Lunesta or generic eszopiclone.","Note: The following variable for the past year misuse of any other sedatives, OTHRSEDMIS2, is based on the edited variable for the misuse of any other sedatives as well as the write-in data for the specific other sedatives that respondents specified that they misused in the past year. OTHRSEDMIS2 was assigned a positive response if a respondent indicated past year misuse of any other sedatives and the respondent did not report their only misuse of any other sedatives in their write-in responses as containing the following: zolpidem products, eszopiclone products, benzodiazepine sedatives, barbiturates, or over-the-counter products. OTHRSEDMIS2 was assigned a negative response if a respondent was not a past year misuser of prescription sedatives (SEDNMYR=0), if a respondent did not indicate past year misuse of any other sedatives, or a respondent indicated their only misuse of any other sedatives in their write-in responses as containing the following: zolpidem products, eszopiclone products, benzodiazepine sedatives, barbiturates, or over-the-counter products.",3
RECODED DRUG USE,195,157,SEDNMYR,OTHRSEDMIS2,1,RC-OTHER SEDATIVE PRODUCTS - PAST YEAR MISUSE,,,3
RECODED DRUG USE,195,157,"IRBZONMYR, SEDNMYR",RXBZOSMIS,1,RC-BENZODIAZEPINE SEDATIVES - PAST YEAR MISUSE,"The following variable for past year misuse of Benzodiazepine Sedatives, RXBZOSMIS, was assigned a positive response if a respondent indicated past year misuse of flurazepam [also known as Dalmane], temazepam products [Restoril or generic temazepam], or triazolam [Halcion, generic triazolam], or other benzodiazepine sedatives. A negative response was assigned if a respondent was not a past year user of prescription sedatives (SEDNMYR=0), if a respondent was not a past year user of any benzodiazepines (IRBZONMYR=0), or if a respondent indicated no past year use of flurazepam [also known as Dalmane], temazepam products [Restoril and generic temazepam ], and triazolam [Halcion and generic triazolam].",,3
RECODED DRUG USE,196,158,SEDNMYR,RXBARBMIS,1,RC-BARBITURATES - PAST YEAR MISUSE,"The following variable for past year misuse of Barbiturates, RXBARBMIS, was assigned a positive response if a respondent indicated past year misuse of Butisol, Seconal, phenobarbital, or other specific write-in barbiturates. A negative response was assigned if a respondent was not a past year misuser of prescription sedatives (SEDNMYR=0) or if a respondent indicated no past year misuse of Butisol, Seconal, and phenobarbital.",,3
RECODED DRUG USE,196,158,IRALCFY,ALCYDAYS,1,RC-# OF DAYS USED ALCOHOL IN PAST YEAR,,,6
RECODED DRUG USE,196,158,IRMJFY,MRJYDAYS,1,RC-# OF DAYS USED MARIJUANA IN PAST YEAR,,,6
RECODED DRUG USE,196,158,IRCOCFY,COCYDAYS,1,RC-# OF DAYS USED COCAINE IN PAST YEAR,,,6
RECODED DRUG USE,196,158,IRCRKFY,CRKYDAYS,1,RC-# OF DAYS USED CRACK IN PAST YEAR,,,6
RECODED DRUG USE,196,158,IRHERFY,HERYDAYS,1,RC-# OF DAYS USED HEROIN IN PAST YEAR,,,6
RECODED DRUG USE,197,159,IRHALLUCYFQ,HALLNDAYYR,1,RC-# OF DAYS USED HALLUCINOGENS IN PAST YEAR,,,6
RECODED DRUG USE,197,159,IRINHALYFQ,INHNDAYYR,1,RC-# OF DAYS USED INHALANTS IN PAST YEAR,,,6
RECODED DRUG USE,197,159,IRMETHAMYFQ,METHNDAYYR,1,RC-# OF DAYS USED METHAMPHETAMINE IN PAST YEAR,,,6
RECODED DRUG USE,197,159,IRCIGFM,CIGMDAYS,1,RC-# OF DAYS USED CIGARETTES IN PAST MONTH,,,6
RECODED DRUG USE,197,159,IRCGRFM,CGRMDAYS,1,RC-# OF DAYS USED CIGARS IN PAST MONTH,,,5
RECODED DRUG USE,197,159,IRSMKLSS30N,SMKLSMDAYS,1,RC-# OF DAYS USED SMOKELESS TOBACCO IN PAST MONTH,,,5
RECODED DRUG USE,197,159,IRALCFM,ALCMDAYS,1,RC-# OF DAYS USED ALCOHOL IN PAST MONTH,,,5
RECODED DRUG USE,198,160,IRMJFM,MRJMDAYS,1,RC-# OF DAYS USED MARIJUANA IN PAST MONTH,,,5
RECODED DRUG USE,198,160,IRCOCFM,COCMDAYS,1,RC-# OF DAYS USED COCAINE IN PAST MONTH,,,5
RECODED DRUG USE,198,160,IRCRKFM,CRKMDAYS,1,RC-# OF DAYS USED CRACK IN PAST MONTH,,,5
RECODED DRUG USE,198,160,IRHERFM,HERMDAYS,1,RC-# OF DAYS USED HEROIN IN PAST MONTH,,,5
RECODED DRUG USE,198,160,IRHALLUC30N,HALLNDAYPM,1,RC-# OF DAYS USED HALLUCINOGENS IN PAST MONTH,,,5
RECODED DRUG USE,198,160,IRINHAL30N,INHNDAYPM,1,RC-# OF DAYS USED INHALANTS IN PAST MONTH,,,5
RECODED DRUG USE,198,160,IRMETHAM30N,METHNDAYPM,1,RC-# OF DAYS USED METHAMPHETAMINE IN PAST MONTH,,,5
RECODED DRUG USE,199,161,IRPNRNM30FQ,PNRNDAYPM,1,RC-# OF DAYS MISUSED PAIN RELIEVERS IN PAST MONTH,,,5
RECODED DRUG USE,199,161,IRTRQNM30FQ,TRQNDAYPM,1,RC-# OF DAYS MISUSED TRANQUILIZERS IN PAST MONTH,,,5
RECODED DRUG USE,199,161,IRSTMNM30FQ,STMNDAYPM,1,RC-# OF DAYS MISUSED STIMULANTS IN PAST MONTH,,,5
RECODED DRUG USE,199,161,IRSEDNM30FQ,SEDNDAYPM,1,RC-# OF DAYS MISUSED SEDATIVES IN PAST MONTH,,,5
RECODED DRUG USE,199,161,IRALCBNG30D,BNGDRMDAYS,1,RC-# OF DAYS BINGE USED ALCOHOL IN PAST MONTH,,,5
RECODED DRUG USE,199,161,"CIG30AV, IRCIGFM",CIGPDAY,1,RC-# OF CIGARETTES SMOKED PER DAY AMONG DAILY SMOKERS,,,6
RECODED DRUG USE,199,161,CIGPDAY,CIG1PACK,1,RC-SMKED 1+ PCK OF CIGS PER DAY AMNG DLY SMKERS (1/0),,,3
RECODED DRUG USE,200,162,CIG30AV,CIGAVGD,4,RC-AVG NUMBER OF CIGARETTES SMOKED PER DAY,"The following variable, CIGAVGD, was defined as the midpoint of the range the respondent reported as the average number of cigarettes smoked per day on the days cigarettes were smoked in the past month (CIG30AV).",,8
RECODED DRUG USE,200,162,"CIGAVGD, IRCIGFM",CIGAVGM,6,RC-NUMBER OF CIGARETTES SMOKED PER USER IN PAST MONTH,"The following variable, CIGAVGM, was defined as the product of the number of days a user smoked cigarettes in the past month (IRCIGFM) and the average number of cigarettes smoked per day on the days cigarettes were smoked in the past month (CIGAVGD).",,2
RECODED DRUG USE,200,162,"ALCUS30D, IRALCFM",ALCNUMDKPM,4,RC-NUMBER OF ALC BEVS DRANK PER USER IN PAST MONTH,"The following variable, ALCNUMDKPM, was defined as the product of the number of days a user consumed alcohol in the past month (IRALCFM) and the average number of drinks consumed per day on the days alcohol was used in the past month (ALCUS30D). A value of missing was assigned whenever a respondent said that they had not used alcohol in the past month (IRALCFM=91, 93 or ALCUS30D=991, 993) or the average number of drinks consumed per day on the days alcohol was used in the past month was unknown (ALCUS30D=985, 994, 997, 998) or logically assigned to 5 or more (ALCUS30D=975).",,2
RECODED DRUG USE,200,162,IRCIGAGE,FUCIG18,1,RC-FIRST USED CIGARETTES PRIOR TO AGE 18,,,2
RECODED DRUG USE,200,162,IRCIGAGE,FUCIG21,1,RC-FIRST USED CIGARETTES PRIOR TO AGE 21,,,2
RECODED DRUG USE,200,162,IRCDUAGE,FUCD218,1,RC-FIRST USED CIGARETTES DAILY PRIOR TO AGE 18,,,2
RECODED DRUG USE,200,162,IRCDUAGE,FUCD221,1,RC-FIRST USED CIGARETTES DAILY PRIOR TO AGE 21,,,2
RECODED DRUG USE,200,162,IRCGRAGE,FUCGR18,1,RC-FIRST USED CIGARS PRIOR TO AGE 18,,,2
RECODED DRUG USE,201,163,IRCGRAGE,FUCGR21,1,RC-FIRST USED CIGARS PRIOR TO AGE 21,,,2
RECODED DRUG USE,201,163,IRSMKLSSTRY,FUSMKLSS18,1,RC-FIRST USED SMOKELESS TOBACCO PRIOR TO AGE 18,,,2
RECODED DRUG USE,201,163,IRSMKLSSTRY,FUSMKLSS21,1,RC-FIRST USED SMOKELESS TOBACCO PRIOR TO AGE 21,,,2
RECODED DRUG USE,201,163,IRALCAGE,FUALC18,1,RC-FIRST USED ALCOHOL PRIOR TO AGE 18,,,2
RECODED DRUG USE,201,163,IRALCAGE,FUALC21,1,RC-FIRST USED ALCOHOL PRIOR TO AGE 21,,,2
RECODED DRUG USE,201,163,IRMJAGE,FUMJ18,1,RC-FIRST USED MARIJUANA PRIOR TO AGE 18,,,2
RECODED DRUG USE,201,163,IRMJAGE,FUMJ21,1,RC-FIRST USED MARIJUANA PRIOR TO AGE 21,,,2
RECODED DRUG USE,201,163,IRCOCAGE,FUCOC18,1,RC-FIRST USED COCAINE PRIOR TO AGE 18,,,2
RECODED DRUG USE,201,163,IRCOCAGE,FUCOC21,1,RC-FIRST USED COCAINE PRIOR TO AGE 21,,,2
RECODED DRUG USE,201,163,IRCRKAGE,FUCRK18,1,RC-FIRST USED CRACK PRIOR TO AGE 18,,,2
RECODED DRUG USE,202,164,IRCRKAGE,FUCRK21,1,RC-FIRST USED CRACK PRIOR TO AGE 21,,,2
RECODED DRUG USE,202,164,IRHERAGE,FUHER18,1,RC-FIRST USED HEROIN PRIOR TO AGE 18,,,2
RECODED DRUG USE,202,164,IRHERAGE,FUHER21,1,RC-FIRST USED HEROIN PRIOR TO AGE 21,,,2
RECODED DRUG USE,202,164,IRHALLUCAGE,FUHALLUC18,1,RC-FIRST USED HALLUCINOGENS PRIOR TO AGE 18,,,2
RECODED DRUG USE,202,164,IRHALLUCAGE,FUHALLUC21,1,RC-FIRST USED HALLUCINOGENS PRIOR TO AGE 21,,,2
RECODED DRUG USE,202,164,IRLSDAGE,FULSD18,1,RC-FIRST USED LSD PRIOR TO AGE 18,,,2
RECODED DRUG USE,202,164,IRLSDAGE,FULSD21,1,RC-FIRST USED LSD PRIOR TO AGE 21,,,2
RECODED DRUG USE,202,164,IRPCPAGE,FUPCP18,1,RC-FIRST USED PCP PRIOR TO AGE 18,,,2
RECODED DRUG USE,202,164,IRPCPAGE,FUPCP21,1,RC-FIRST USED PCP PRIOR TO AGE 21,,,2
RECODED DRUG USE,202,164,IRECSTMOAGE,FUECSTMO18,1,RC-FIRST USED ECSTASY PRIOR TO AGE 18,,,2
RECODED DRUG USE,203,165,IRECSTMOAGE,FUECSTMO21,1,RC-FIRST USED ECSTASY PRIOR TO AGE 21,,,2
RECODED DRUG USE,203,165,IRINHALAGE,FUINHAL18,1,RC-FIRST USED INHALANTS PRIOR TO AGE 18,,,2
RECODED DRUG USE,203,165,IRINHALAGE,FUINHAL21,1,RC-FIRST USED INHALANTS PRIOR TO AGE 21,,,2
RECODED DRUG USE,203,165,IRMETHAMAGE,FUMETHAM18,1,RC-FIRST USED METHAMPHETAMINE PRIOR TO AGE 18,,,2
RECODED DRUG USE,203,165,IRMETHAMAGE,FUMETHAM21,1,RC-FIRST USED METHAMPHETAMINE PRIOR TO AGE 21,,,2
RECODED DRUG USE,203,165,IRPNRNMAGE,FUPNRNM18,1,RC-FIRST MISUSED PAIN RELIEVERS PRIOR TO AGE 18,,,2
RECODED DRUG USE,203,165,IRPNRNMAGE,FUPNRNM21,1,RC-FIRST MISUSED PAIN RELIEVERS PRIOR TO AGE 21,,,2
RECODED DRUG USE,203,165,IRTRQNMAGE,FUTRQNM18,1,RC-FIRST MISUSED TRANQUILIZERS PRIOR TO AGE 18,,,2
RECODED DRUG USE,203,165,IRTRQNMAGE,FUTRQNM21,1,RC-FIRST MISUSED TRANQUILIZERS PRIOR TO AGE 21,,,2
RECODED DRUG USE,203,165,IRSTMNMAGE,FUSTMNM18,1,RC-FIRST MISUSED STIMULANTS PRIOR TO AGE 18,,,2
RECODED DRUG USE,204,166,IRSTMNMAGE,FUSTMNM21,1,RC-FIRST MISUSED STIMULANTS PRIOR TO AGE 21,,,2
RECODED DRUG USE,204,166,IRSEDNMAGE,FUSEDNM18,1,RC-FIRST MISUSED SEDATIVES PRIOR TO AGE 18,,,2
RECODED DRUG USE,204,166,IRSEDNMAGE,FUSEDNM21,1,RC-FIRST MISUSED SEDATIVES PRIOR TO AGE 21,,,2
RECODED DRUG USE,205,167,,PNRMAINRSN,1,RC-MAIN REASON FOR MISUSING PAIN RELIEVERS LAST EPISODE,"The following main reason for misusing pain relievers, PNRMAINRSN, is defined based on answers to questions about respondents’ reasons for misusing pain relievers for their last misuse. Respondents could report more than one reason for misusing pain relievers the last time. If they reported more than one reason, then they were asked to report the main reason. If data existed for the main reason question, then that response was considered to be their main reason. If respondents reported only one reason for their last misuse, then that logically was the main reason (i.e., these respondents were not asked the question for their main reason). If respondents reported that some other reason was their main reason for their last misuse, then their response was logically assigned from the write in data. In the documentation below, values of 11-18 in PNRRSMAIN reflect situations where respondents reported more than one reason for their last misuse, their “other” reason for their last misuse was their main reason for their last misuse, but the other reason was the reason specified as one of the eight categories below. 1. Main reason is to relieve physical pain (PNRRSMAIN=1,11), reported only one reason which was to relieve physical pain (PNRRSMAIN=99 and PNRRSPAIN=1), or reported some other reason as their only reason but specified that this other reason was to relieve physical pain (PNRRSMAIN=99 and PNRRSPAIN=3). 2. Main reason is to relax or relieve tension (PNRRSMAIN=2,12), reported only one reason which was to relax or relieve tension (PNRRSMAIN=99 and PNRRSRELX=1), or reported some other reason as their only reason but specified that this other reason was to relax or relieve tension (PNRRSMAIN=99 and PNRRSRELX=3). 3. Main reason is to experiment or see what it’s like (PNRRSMAIN=3,13), reported only one reason which was to experiment or see what it’s like (PNRRSMAIN=99 and PNRRSEXPT=1), or reported some other reason as their only reason but specified that this other reason was to experiment or see what it's like (PNRRSMAIN=99 and PNRRSEXPT=3). 4. Main reason is to feel good or get high (PNRRSMAIN=4,14), reported only one reason which was to feel good or get high (PNRRSMAIN=99 and PNRRHIGH=1), or reported some other reason as their only reason but specified that this other reason was to feel good or get high (PNRRSMAIN=99 and PNRRSHIGH=3). 5. Main reason is to help with sleep (PNRRSMAIN=5,15), reported only one reason which was to help with sleep (PNRRSMAIN=99 and PNRRSSLEP=1), or reported some other reason as their only reason but specified that this other reason was to help with sleep (PNRRSMAIN=99 and PNRRSSLEP=3). 6. Main reason is to help with feelings or emotions (PNRRSMAIN=6,16), reported only one reason which was to help with feelings or emotions (PNRRSMAIN=99 and PNRRSEMOT=1), or reported some other reason as their only reason but specified that this other reason was to help with feelings or emotions (PNRRSMAIN=99 and PNRRSEMOT=3). 7. Main reason is to increase/decrease effects of other drugs (PNRRSMAIN=7,17), reported only one reason which was to increase/decrease the effects of other drugs (PNRRSMAIN=99 and PNRRSDGFX=1), or reported some other reason as their only reason but specified that this other reason was to increase/decrease the effects of other drugs (PNRRSMAIN=99 and PNRRSDGFX=3). 8. Main reason is because hooked or have to have drug (PNRRSMAIN=8,18), reported only one reason which was because they were hooked or had to have the drug (PNRRSMAIN=99 and PNRRSHOOK=1), or reported some other reason as their only reason but specified that this other reason was because they were hooked or had to have the drug (PNRRSMAIN=99 and PNRRSHOOK=3). 9. Main reason is some other reason (PNRRSMAIN=9), or reported only one reason which was a valid other reason listed for pain relievers other than those defined above based on the write in data (PNRRSMAIN=99 and PNRRSSOR=1 and PNRRSOTRS2=9-71). Values of 1-8 that are in the specific other reason level are write in responses that do not correspond to reasons listed for pain relievers but are considered valid reasons so are not excluded. (System Missing): Main reason is unknown (PNRRSMAIN=85,94,98) or reported only one reason and the other pain reliever reason was not a valid reason (PNRRSMAIN=99 and PNRRSSOR=1 and PNRRSOTRS2=985,994,997). (PNRRSDGFX, PNRRSEMOT, PNRRSEXPT, PNRRSHIGH, PNRRSHOOK, PNRRSMAIN, PNRRSOTRS2, PNRRSPAIN, PNRRSRELX, PNRRSSLEP, PNRRSSOR)",,11
RECODED DRUG USE,206,168,,TRQMAINRSN,1,RC-MAIN REASON FOR MISUSING TRANQUILIZERS LAST EPISODE,"The following main reason for misusing tranquilizers, TRQMAINRSN, is defined based on answers to questions about respondents’ reasons for misusing tranquilizers for their last misuse. Respondents could report more than one reason for misusing tranquilizers the last time. If they reported more than one reason, then they were asked to report the main reason. If data existed for the main reason question, then that response was considered to be their main reason. If respondents reported only one reason for their last misuse, then that logically was the main reason (i.e., these respondents were not asked the question for their main reason). If respondents reported that some other reason was their main reason for their last misuse, then their response was logically assigned from the write in data. In the documentation below, values of 11-17 in TRQRSMAIN reflect situations where respondents reported more than one reason for their last misuse, their “other” reason for their last misuse was their main reason for their last misuse, but the other reason was the reason specified as one of the seven categories below. 1. Main reason is to relax or relieve tension (TRQRSMAIN=1,11), reported only one reason which was to relax or relieve tension (TRQRSMAIN=99 and TRQRSRELX=1), or reported some other reason as their only reason but specified that this other reason was to relax or relieve tension (TRQRSMAIN=99 and TRQRSRELX=3). 2. Main reason is to experiment or see what it’s like (TRQRSMAIN=2,12), reported only one reason which was to experiment or see what it’s like (TRQRSMAIN=99 and TRQRSEXPT=1), or reported some other reason as their only reason but specified that this other reason was to experiment or see what it's like (TRQRSMAIN=99 and TRQRSEXPT=3). 3. Main reason is to feel good or get high (TRQRSMAIN=3,13), reported only one reason which was to feel good or get high (TRQRSMAIN=99 and TRQRSHIGH=1), or reported some other reason as their only reason but specified that this other reason was to feel good or get high (TRQRSMAIN=99 and TRQRSHIGH=3). 4. Main reason is to help with sleep (TRQRSMAIN=4,14), reported only one reason which was to help with sleep (TRQRSMAIN=99 and TRQRSSLEP=1), or reported some other reason as their only reason but specified that this other reason was to help with sleep (TRQRSMAIN=99 and TRQRSSLEP=3). 5. Main reason is to help with feelings or emotions (TRQRSMAIN=5,15), reported only one reason which was to help with feelings or emotions (TRQRSMAIN=99 and TRQRSEMOT=1), or reported some other reason as their only reason but specified that this other reason was to help with feelings or emotions (TRQRSMAIN=99 and TRQRSEMOT=3). 6. Main reason is to increase/decrease effects of other drugs (TRQRSMAIN=6,16), reported only one reason which was to increase/decrease the effects of other drugs (TRQRSMAIN=99 and TRQRSDGFX=1), or reported some other reason as their only reason but specified that this other reason was to increase/decrease the effects of other drugs (TRQRSMAIN=99 and TRQRSDGFX=3). 7. Main reason is because hooked or have to have drug (TRQRSMAIN=7,17), reported only one reason which was because they were hooked or had to have the drug (TRQRSMAIN=99 and TRQRSHOOK=1), or reported some other reason as their only reason but specified that this other reason was because they were hooked or had to have the drug (TRQRSMAIN=99 and TRQRSHOOK=3). 8. Main reason is some other reason (TRQRSMAIN=8), or reported only one reason which was a valid other reason listed for tranquilizer other than those defined above based on the write in data (TRQRSMAIN=99 and TRQRSSOR=1 and TRQRSOTRS2=1, 9-72). Values of 2-8 that are in the specific other reason level are write in responses that do not correspond to reasons listed for tranquilizers but are considered valid reasons so are not excluded. (System Missing): Main reason is unknown (TRQRSMAIN=85,94,98) or reported only one reason and the other tranquilizer reason was not a valid reason (TRQRSMAIN=99 and TRQRSSOR=1 and TRQRSOTRS2=985,994,997). (TRQRSDGFX, TRQRSEMOT, TRQRSEXPT, TRQRSHIGH, TRQRSHOOK, TRQRSMAIN, TRQRSOTRS2, TRQRSRELX, TRQRSSLEP, TRQRSSOR)",,10
RECODED DRUG USE,207,169,,STMMAINRSN,1,RC-MAIN REASON FOR MISUSING STIMULANTS LAST EPISODE,"The following main reason for misusing stimulants, STMMAINRSN, is defined based on answers to questions about respondents’ reasons for misusing stimulants for their last misuse. Respondents could report more than one reason for misusing stimulants the last time. If they reported more than one reason, then they were asked to report the main reason. If data existed for the main reason question, then that response was considered to be their main reason. If respondents reported only one reason for their last misuse, then that logically was the main reason (i.e., these respondents were not asked the question for their main reason). If respondents reported that some other reason was their main reason for their last misuse, then their response was logically assigned from the write in data. In the documentation below, values of 11-18 in STMRSMAIN reflect situations where respondents reported more than one reason for their last misuse, their “other” reason for their last misuse was their main reason for their last misuse, but the other reason was the reason specified as one of the eight categories below. 1. Main reason is to help lose weight (STMRSMAIN=1,11), reported only one reason which was to help lose weight (STMRSMAIN=99 and STMRSWGHT=1), or reported some other reason as their only reason but specified that this other reason was to help lose weight (STMRSMAIN=99 and STMRSWGHT=3). 2. Main reason is to help concentrate (STMRSMAIN=2,12), reported only one reason which was to help concentrate (STMRSMAIN=99 and STMRSCONC=1), or reported some other reason as their only reason but specified that this other reason was to help concentrate (STMRSMAIN=99 and STMRSCONC=3). 3. Main reason is to help be alert or stay awake (STMRSMAIN=3,13), reported only one reason which was to help be alert or stay awake (STMRSMAIN=99 and STMRSALRT=1), or reported some other reason as their only reason but specified that this other reason was to help be alert or stay awake (STMRSMAIN=99 and STMRSALRT=3). 4. Main reason is to help study (STMRSMAIN=4,14), reported only one reason which was to help study (STMRSMAIN=99 and STMRSSTDY=1), or reported some other reason as their only reason but specified that this other reason was to help study (STMRSMAIN=99 and STMRSSTDY=3). 5. Main reason is to experiment or see what it’s like (STMRSMAIN=5,15), reported only one reason which was to experiment or see what it’s like (STMRSMAIN=99 and STMRSEXPT=1), or reported some other reason as their only reason but specified that this other reason was to experiment or see what it's like (STMRSMAIN=99 and STMRSEXPT=3). 6. Main reason is to feel good or get high (STMRSMAIN=6,16), reported only one reason which was to feel good or get high (STMRSMAIN=99 and STMRSHIGH=1), or reported some other reason as their only reason but specified that this other reason was to feel good or get high (STMRSMAIN=99 and STMRSHIGH=3). 7. Main reason is to increase/decrease effects of other drugs (STMRSMAIN=7,17), reported only one reason which was to increase/decrease the effects of other drugs (STMRSMAIN=99 and STMRSDGFX=1), or reported some other reason as their only reason but specified that this other reason was to increase/decrease the effects of other drugs (STMRSMAIN=99 and STMRSDGFX=3). 8. Main reason is because hooked or have to have the drug (STMRSMAIN=8,18), reported only one reason which was because they were hooked or had to have the drug (STMRSMAIN=99 and STMRSHOOK=1), or reported some other reason as their only reason but specified that this other reason was because they were hooked or had to have the drug (STMRSMAIN=99 and STMRSHOOK=3). 9. Main reason is some other reason (STMRSMAIN=9), or reported only one reason which was a valid other reason listed for stimulant other than those defined above based on the write in data (STMRSMAIN=99 and STMRSSOR=1 and STMRSOTRS2=1,2,6,14- 35). Values of 3,4, and 7-12 that are in the specific other reason level are write in responses that do not correspond to reasons listed for stimulants but are considered valid reasons so are not excluded. (System Missing): Main reason is unknown (STMRSMAIN=85,94,98) or reported only one reason and the other reason was not a valid reason (STMRSMAIN=99 and STMRSSOR=1 and STMRSOTRS2 = 985,994,997). (STMRSALRT, STMRSCONC, STMRSDGFX, STMRSEXPT, STMRSHIGH, STMRSHOOK, STMRSMAIN, STMRSOTRS2, STMRSSOR, STMRSSTDY, STMRSWGHT)",,11
RECODED DRUG USE,208,170,,SEDMAINRSN,1,RC-MAIN REASON FOR MISUSING SEDATIVES LAST EPISODE,"The following main reason for misusing sedatives, SEDMAINRSN, is defined based on answers to questions about respondents’ reasons for misusing sedatives for their last misuse. Respondents could report more than one reason for misusing sedatives the last time. If they reported more than one reason, then they were asked to report the main reason. If data existed for the main reason question, then that response was considered to be their main reason. If respondents reported only one reason for their last misuse, then that logically was the main reason (i.e., these respondents were not asked the question for their main reason). If respondents reported that some other reason was their main reason for their last misuse, then their response was logically assigned from the write in data. In the documentation below, values of 11-17 in SEDRSMAIN reflect situations where respondents reported more than one reason for their last misuse, their “other” reason for their last misuse was their main reason for their last misuse, but the other reason was the reason specified as one of the seven categories below. 1. Main reason is to relax or relieve tension (SEDRSMAIN=1,11), reported only one reason which was to relax or relieve tension (SEDRSMAIN=99 and SEDRSRELX=1), or reported some other reason as their only reason but specified that this other reason was to relax or relieve tension (SEDRSMAIN=99 and SEDRSRELX=3). 2. Main reason is to experiment or see what it’s like (SEDRSMAIN=2,12), reported only one reason which was to experiment or see what it’s like (SEDRSMAIN=99 and SEDRSEXPT=1), or reported some other reason as their only reason but specified that this other reason was to experiment or see what it's like (SEDRSMAIN=99 and SEDRSEXPT=3). 3. Main reason is to feel good or get high (SEDRSMAIN=3,13), reported only one reason which was to feel good or get high (SEDRSMAIN=99 and SEDRSHIGH=1), or reported some other reason as their only reason but specified that this other reason was to feel good or get high (SEDRSMAIN=99 and SEDRSHIGH=3). 4. Main reason is to help with sleep (SEDRSMAIN=4,14), reported only one reason which was to help with sleep (SEDRSMAIN=99 and SEDRSSLEP=1), or reported some other reason as their only reason but specified that this other reason was to help with sleep (SEDRSMAIN=99 and SEDRSSLEP=3). 5. Main reason is to help with feelings or emotions (SEDRSMAIN=5,15), reported only one reason which was to help with feelings or emotions (SEDRSMAIN=99 and SEDRSEMOT=1), or reported some other reason as their only reason but specified that this other reason was to help with feelings or emotions (SEDRSMAIN=99 and SEDRSEMOT=3). 6. Main reason is to increase/decrease effects of other drugs (SEDRSMAIN=6,16), reported only one reason which was to increase/decrease the effects of other drugs (SEDRSMAIN=99 and SEDRSDGFX=1), or reported some other reason as their only reason but specified that this other reason was to increase/decrease the effects of other drugs (SEDRSMAIN=99 and SEDRSDGFX=3). 7. Main reason is because hooked or have to have the drug (SEDRSMAIN=7,17), reported only one reason which was because they were hooked or had to have the drug (SEDRSMAIN=99 and SEDRSHOOK=1), or reported some other reason as their only reason but specified that this other reason was because they were hooked or had to have the drug (SEDRSMAIN=99 and SEDRSHOOK=3). 8. Main reason is some other reason (SEDRSMAIN=8), or reported only one reason which was a valid other reason listed for sedative other than those defined above based on the write in data (SEDRSMAIN=99 and SEDRSSOR=1 and SEDRSOTRS2=1, 9-33). Values of 2-8 that are in the specific other reason level are write in responses that do not correspond to reasons listed for sedatives but are considered valid reasons so are not excluded. (System Missing): Main reason is unknown (SEDRSMAIN=85,94,98) or reported only one reason and the other reason was not a valid reason (SEDRSMAIN=99 and SEDRSSOR=1 and SEDRSOTRS2=985,994,997). (SEDRSDGFX, SEDRSEMOT, SEDRSEXPT, SEDRSHIGH, SEDRSHOOK, SEDRSMAIN, SEDRSOTRS2, SEDRSRELX, SEDRSSLEP, SEDRSSOR)","NOTE: The following four variables pertain to the source of a respondent's most recent misuse of prescription pain relievers (SRCPNRNM2), prescription tranquilizers (SRCTRQNM2), prescription stimulants (SRCSTMNM2), and prescription sedatives (SRCSEDNM2) within the past year. For each variable there are eight mutually exclusive categories for specific sources, and a missing category for respondents with no past year misuse or unknown responses to the source questions. The categories for the specific sources take into account responses from a single question asking about a single, most recent source of misuse among respondents who misused in the past year. Based on the following conditions, a respondent was classified in one of the following nine categories (including System Missing) for the source of most recent prescription drug misuse in the past year for the variables, SRCPNRNM2, SRCTRQNM2, SRCSTMNM2, and SRCSEDNM2: 1. Got From One Doctor 2. Got From More Than One Doctor 3. Stole from Dr Office, Clinic, Hospital, or Pharmacy 4. Got From Friend or Relative for Free 5. Bought from Friend or Relative 6. Took from Friend or Relative without Asking 7. Bought from Drug Dealer or Other Stranger 8. Got Some Other Way (System Missing) No Past Year Misuse/Unknown/Invalid Source",9
RECODED DRUG USE,209,171,,SRCPNRNM2,2,RC-SOURCE OF PAIN RELIEVERS FOR LAST MISUSE,,,9
RECODED DRUG USE,209,171,,SRCTRQNM2,2,RC-SOURCE OF TRANQUILIZERS FOR LAST MISUSE,,,9
RECODED DRUG USE,209,171,,SRCSTMNM2,2,RC-SOURCE OF STIMULANTS FOR LAST MISUSE,,,9
RECODED DRUG USE,209,171,,SRCSEDNM2,2,RC-SOURCE OF SEDATIVES FOR LAST MISUSE,,"NOTE: A respondent who misused prescription drugs in the past year was administered a question regarding the source of the drug during their most recent use. If they indicated that their most recent source was a 'friend or relative for free' from either of these questions, then a respondent was administered a follow-up question that asked the source the friend/relative had obtained the drug from. The following four variables pertain to the source from which a respondent's friend or relative obtained the drug for prescription pain relievers (SRCFRPNRNM), prescription tranquilizers (SRCFRTRQNM), prescription stimulants (SRCFRSTMNM), and prescription sedatives (SRCFRSEDNM) within the past year. For each of the following four variables, there are eight mutually exclusive categories for specific sources that the friend/relative obtained the drug from and a missing category for respondents who did not indicate using the drug in the past year (or lifetime) or a respondent that indicated in one of the previous questions that they had obtained the drug for most recent use from a valid source other than a friend or relative for free and respondents with unknown or invalid values. Based on the following conditions, a respondent was classified in one of the following nine categories (including System Missing) for the source of most recent prescription drug use in the past year for the variables, SRCFRPNRNM, SRCFRTRQNM, SRCFRSTMNM, and SRCFRSEDNM: 1. Got Prescription(s) from One Doctor (XXXGOTLAS=4 and XXXFFGOT=1, 11) 2. Got Prescription(s) from More Than One Doctor (XXXGOTLAS=4 and XXXFFGOT=2, 12) 3. Stole from Dr Office, Clinic, Hospital, or Pharmacy(XXXGOTLAS=4 and XXXFFGOT=3, 13) 4. Got From Friend or Relative for Free (XXXGOTLAS=4 and XXXFFGOT=4, 14) 5. Bought from Friend or Relative (XXXGOTLAS=4 and XXXFFGOT=5, 15) 6. Took from Friend or Relative without Asking (XXXGOTLAS=4 and XXXFFGOT=6, 16) 7. Bought from Drug Dealer or Other Stranger (XXXGOTLAS=4 and XXXFFGOT=7, 17) 8. Got Some Other Way (XXXGOTLAS=4 and XXXFFGOT=8 and XXXFFGTSP=valid ""other"" response, levels 9-38, 71) (System Missing): No Past Year Misuse or Valid Source of Most Recent Misuse Not from Friend or Relative for Free /Unknown/Invalid Source (XXXGOTLAS not=4 or [XXXGOTLAS=4 and XXXFFGOT=94, 97, 98)] or [XXXGOTLAS=4 and XXXFFGOT=8 and XXXFFGTSP=70, 72-75, 85, 94, 97, 98])",9
RECODED DRUG USE,210,172,,SRCFRPNRNM,1,RC-SOURCE OF FRIEND/RELATIVE PAIN RELIEVERS FOR LAST MISUSE,,,9
RECODED DRUG USE,210,172,,SRCFRTRQNM,1,RC-SOURCE OF FRIEND/RELATIVE TRANQUILIZERS FOR LAST MISUSE,,,8
RECODED DRUG USE,210,172,,SRCFRSTMNM,1,RC-SOURCE OF FRIEND/RELATIVE STIMULANTS FOR LAST MISUSE,,,9
RECODED DRUG USE,211,173,,SRCFRSEDNM,1,RC-SOURCE OF FRIEND/RELATIVE SEDATIVES FOR LAST MISUSE,,"NOTE: The following four variables show collapsed levels for the source of friend or relative’s most recent misuse of prescription pain relievers (SRCCLFRPNR), prescription tranquilizers (SRCCLFRTRQ), prescription stimulants (SRCCLFRSTM), and prescription sedatives (SRCCLFRSED) within the past year.",6
RECODED DRUG USE,211,173,SRCFRPNRNM,SRCCLFRPNR,1,RC-COLLAPSED SOURCE OF FRND/REL PAIN RLVRS FOR LAST MISUSE,,,4
RECODED DRUG USE,211,173,SRCFRTRQNM,SRCCLFRTRQ,1,RC-COLLAPSED SOURCE OF FRND/REL TRANQLZRS FOR LAST MISUSE,,,4
RECODED DRUG USE,211,173,SRCFRSTMNM,SRCCLFRSTM,1,RC-COLLAPSED SOURCE OF FRND/REL STIMULANTS FOR LAST MISUSE,,,4
RECODED DRUG USE,211,173,SRCFRSEDNM,SRCCLFRSED,1,RC-COLLAPSED SOURCE OF FRND/REL SEDATIVES FOR LAST MISUSE,,,4
SPECIAL DRUGS,212,174,SD01,COLDMEDS1,2,TAKEN A NONPRESCRIPTION COUGH MED TO GET HIGH,"OTHER SELF-ADMINISTERED SECTIONS The values in this section may be inconsistent with values for variables in other sections of the interview. Items in this section were edited when respondents legitimately skipped out of these items based on prior answers in earlier sections. Otherwise, variables in one section of the interview generally were not edited to make them consistent with variables in another section of the interview. This note applies to variables in this section marked by a1. The last questions were about prescription drugs. The next question is about non-prescription cough or cold medicines, also known as over the counter medicines. Have you ever, even once, taken a non-prescription cough or cold medicine just to get high?",,5
SPECIAL DRUGS,212,174,SD02,COLDREC1,2,TIME SINCE LAST USED COUGH/COLD MED,How long has it been since you last took one of these cough or cold medicines to get high?,,7
SPECIAL DRUGS,213,175,SD02SC1,COLDYR11,6,OTHER COUGH/COLD MED USED PAST 12 MOS - SPECIFY 1,,,68
SPECIAL DRUGS,214,176,SD02SC2,COLDYR21,6,OTHER COUGH/COLD MED USED PAST 12 MOS - SPECIFY 2,,,40
SPECIAL DRUGS,214,176,SD02SC3,COLDYR31,6,OTHER COUGH/COLD MED USED PAST 12 MOS - SPECIFY 3,,,25
SPECIAL DRUGS,215,177,SD02SC4,COLDYR41,6,OTHER COUGH/COLD MED USED PAST 12 MOS - SPECIFY 4,,,14
SPECIAL DRUGS,215,177,SD02SC5,COLDYR51,6,OTHER COUGH/COLD MED USED PAST 12 MOS - SPECIFY 5,,"NOTE: OTCFLAG is a ""flag"" variable that has a value of 1 when respondents reported use of an over-the-counter (OTC) cold medication to get high in the past year, but the only drugs that they specified were prescription- type ones. OTCFLAG has a value of 2 when respondents reported use of OTC cold medications to get high but their ""OTHER, Specify"" variables COLDYR1 through COLDYR5 all had codes of ""bad data"" or ""blank.""",9
SPECIAL DRUGS,215,177,,OTCFLAG1,2,INCONSISTENCY FLAG FOR REPORT OF OTC COLD MEDS,,,3
SPECIAL DRUGS,215,177,SD03,GHB1,2,EVER USED GHB,"The next question is about GHB, also called ""G,"" ""Georgia Home Boy,"" ""Grievous Bodily Harm,"" ""Liquid G,"" or gamma hydroxybutyrate. Have you ever, even once, used GHB?",,5
SPECIAL DRUGS,215,177,SD04,GHBREC1,2,TIME SINCE LAST USED GHB,How long has it been since you last used GHB?,,7
SPECIAL DRUGS,216,178,SD05,COCNEEDL1,2,EVER USED NEEDLE TO INJECT COCAINE,"The next questions are about the different ways that certain drugs can be used. Have you ever, even once, used a needle to inject cocaine?",,8
SPECIAL DRUGS,216,178,SD06,CONDLREC1,2,TIME SINCE LAST USED NEEDLE TO INJECT COCAINE,How long has it been since you last used a needle to inject cocaine?,,10
SPECIAL DRUGS,216,178,"HEOTSMK, SD07",HERSMOKE1,2,EVER SMOKED HEROIN,"Have you ever, even once, smoked heroin?",,6
SPECIAL DRUGS,216,178,"SD08, SDHEUSE6",HRSMKREC1,2,TIME SINCE LAST SMOKED HEROIN,How long has it been since you last smoked heroin?,,8
SPECIAL DRUGS,217,179,"HEOTSNF, SD09",HERSNIFF1,2,EVER SNIFFED HEROIN,"Have you ever, even once, sniffed or ""snorted"" heroin powder through your nose?",,7
SPECIAL DRUGS,217,179,"SD10, SDHEUSE7",HRSNFREC1,2,TIME SINCE LAST SNIFFED HEROIN,"How long has it been since you last sniffed or ""snorted"" heroin powder through your nose?",,8
SPECIAL DRUGS,217,179,"HEOTNDL, SD11",HERNEEDL1,2,EVER USED NEEDLE TO INJECT HEROIN,"Have you ever, even once, used a needle to inject heroin?",,6
SPECIAL DRUGS,217,179,SDHEUSE,HEOTSMK1,2,HOW USED HEROIN: SMOKED IT,Earlier the computer recorded that you had used heroin. In what way have you used heroin?,,7
SPECIAL DRUGS,217,179,SDHEUSE,HEOTSNF1,2,HOW USED HEROIN: SNIFFED IT,,,7
SPECIAL DRUGS,218,180,SDHEUSE,HEOTNDL1,2,HOW USED HEROIN: INJECTED IT WITH A NEEDLE,,,8
SPECIAL DRUGS,218,180,SDHEUSE,HEOTOTH1,2,HOW USED HEROIN: SOME OTHER WAY,,,7
SPECIAL DRUGS,218,180,SDHUSESC,HEOTSP1,2,HOW USED HEROIN: SPECIFY,,,10
SPECIAL DRUGS,218,180,SD12,HRNDLREC1,2,TIME SINCE LAST USED NEEDLE TO INJECT HEROIN,How long has it been since you last used a needle to inject heroin?,,9
SPECIAL DRUGS,218,180,SD13,METHNEEDL1,2,EVER USED NEEDLE TO INJECT METHAMPHETAMINE,"Have you ever, even once, used a needle to inject Methamphetamine?",,7
SPECIAL DRUGS,219,181,SD14,METHNDLRC1,2,TIME SINCE LAST USED NEEDLE TO INJECT METH,How long has it been since you last used a needle to inject Methamphetamine?,,8
SPECIAL DRUGS,219,181,SD15,OTDGNEDL1,2,EVER USED NEEDLE TO INJECT ANY OTHER DRUG,"Have you ever, even once, used a needle to inject any other drug/any drug that was not prescribed for you?",,6
SPECIAL DRUGS,220,182,SD15SC1,OTDGNDLA1,4,OTHER DRUG INJECTED - SPECIFY 1,,,74
SPECIAL DRUGS,221,183,SD15SC2,OTDGNDLB1,4,OTHER DRUG INJECTED - SPECIFY 2,,,49
SPECIAL DRUGS,222,184,SD15SC3,OTDGNDLC1,4,OTHER DRUG INJECTED - SPECIFY 3,,,34
SPECIAL DRUGS,222,184,SD15SC4,OTDGNDLD1,4,OTHER DRUG INJECTED - SPECIFY 4,,,19
SPECIAL DRUGS,223,185,SD15SC5,OTDGNDLE1,4,OTHER DRUG INJECTED - SPECIFY 5,,,18
SPECIAL DRUGS,223,185,SD16,OTDGNDLRC1,2,TIME SINCE LAST USED A NEEDLE TO INJECT OTHER DRUG,How long has it been since you last used a needle to inject [any other drug / any drug] that was not prescribed for you?,,10
SPECIAL DRUGS,223,185,SD17,GNNDREUS1,2,LAST TIME REUSED NEEDLE USED BEFORE,"Think about the last time you used a needle for injecting drugs. The last time you used a needle for injecting drugs, were you reusing a needle that you had used before?",,8
SPECIAL DRUGS,223,185,SD18,GNNDLSH11,2,LAST NEEDLE HAD BEEN USED BY SOMEONE ELSE,"The last time you used a needle for injecting drugs, did you use a needle that you knew or suspected someone else had used before?",,8
SPECIAL DRUGS,224,186,SD19,GNNDCLEN1,2,USED BLEACH TO CLEAN LAST NEEDLE BEFORE USE,"The last time you used a needle for injecting drugs, did you use bleach to clean the needle before you used it?",,8
SPECIAL DRUGS,224,186,SD20,GNNDLSH21,2,SOMEONE ELSE USED LAST NEEDLE AFTER YOU,"The last time you used a needle for injecting drugs, did someone else use the needle after you?","NOTE: In situations where respondents reported getting their last needle ""some other way"" and specified where they got the needle, the variable GNNDGET2 incorporates these ""OTHER, Specify"" data. The last time you used a needle for injecting drugs, how did you get the needle?",8
SPECIAL DRUGS,224,186,"SD21, SD21SC",GNNDGET21,2,HOW DID YOU GET THE NEEDLE LAST TIME,,,21
IMPUTED SPECIAL DRUGS,225,187,"COLDMEDS, OTCFLAG",IRNPCOLDREC,1,NONPRESCRIPTION COUGH OR COLD MEDS RECENCY - IMPUTATION REV,,,4
IMPUTED SPECIAL DRUGS,225,187,"COLDMEDS, OTCFLAG",IINPCOLDREC,1,NONPRESCRIPTION COUGH OR COLD MEDS RECENCY - IMPUTATION IND,,,3
IMPUTED SPECIAL DRUGS,225,187,GHBREC,IRGHBREC,1,GHB RECENCY - IMPUTATION REVISED,,,4
IMPUTED SPECIAL DRUGS,225,187,GHBREC,IIGHBREC,1,GHB RECENCY - IMPUTATION INDICATOR,,,3
RECODED SPECIAL DRUGS,226,188,"CONDLREC, HRNDLREC, METHNDLRC, OTDGNDLRC",ANYNDLREC1,2,RC-MOST RECENT USE OF ANY DRUG WITH A NEEDLE,"The values in this section may be inconsistent with values for variables in other sections of the interview. Items in this section were edited when respondents legitimately skipped out of these items based on prior answers in earlier sections. Otherwise, variables in one section of the interview generally were not edited to make them consistent with variables in another section of the interview. This note applies to variables in this section marked by a1. NOTE: The variables in this section are recoded variables that were created from one or more of the variables from three of the preceding sections: Recoded Drug Use, Special Drugs, and Imputed Special Drugs. NOTE: Certain source variables that were used to create recoded variables have valid values that might not have been reported or assigned for the current survey year. However, these values have been included in the general specifications in the codebook on how the recoded variables were created. See additional details about this issue in the Organization of the Data File section of this codebook introduction.",,9
RECODED SPECIAL DRUGS,226,188,"CONDLREC, HRNDLREC, METHNDLRC",CHMNDLREC1,2,RC-MOST RECENT USE OF COC/HER/METH WITH A NEEDLE,,"NOTE: The following eleven recoded variables pertain to specific needle and heroin use. The lifetime versions of these variables (HERNEDEVER, COCNEDEVER, MTHNEDEVER, HERSMOEVER, and HERSNIEVER) were revised starting with the 2021 NSDUH so that respondents with unknown lifetime specific needle or heroin use were coded as a system missing.",8
RECODED SPECIAL DRUGS,226,188,ANYNDLREC,ANYNEDEVER,1,RC-EVER USED NEEDLE TO INJECT DRUGS,,,3
RECODED SPECIAL DRUGS,226,188,"HERFLAG, HERNEEDL",HERNEDEVER,1,RC-EVER USED A NEEDLE TO INJECT HEROIN,,,3
RECODED SPECIAL DRUGS,227,189,"COCFLAG, COCNEEDL",COCNEDEVER,1,RC-EVER USED A NEEDLE TO INJECT COCAINE,,,3
RECODED SPECIAL DRUGS,227,189,"METHAMFLAG, METHNEEDL",MTHNEDEVER,1,RC-EVER USED NEEDLE TO INJECT METHAMPHETAMINE,,,3
RECODED SPECIAL DRUGS,227,189,"HERFLAG, HERSMOKE",HERSMOEVER,1,RC-EVER SMOKED HEROIN,,,3
RECODED SPECIAL DRUGS,227,189,"HERFLAG, HERSNIFF",HERSNIEVER,1,RC-EVER SNIFFED HEROIN,,,3
RECODED SPECIAL DRUGS,227,189,IRNPCOLDREC,NPCOLDFLAG,1,RC-NONPRESCRIPTION COUGH OR COLD MEDS - EVER USED,,,2
RECODED SPECIAL DRUGS,227,189,IRNPCOLDREC,NPCOLDYR,1,RC-NONPRESCRIPTION COUGH OR COLD MEDS - PAST YEAR USE,,,2
RECODED SPECIAL DRUGS,227,189,IRNPCOLDREC,NPCOLDMON,1,RC-NONPRESCRIPTION COUGH OR COLD MEDS - PAST MONTH USE,,,2
RECODED SPECIAL DRUGS,227,189,IRGHBREC,GHBFLAG,1,RC-GHB - EVER USED,,,2
RECODED SPECIAL DRUGS,227,189,IRGHBREC,GHBYR,1,RC-GHB - PAST YEAR USE,,,2
RECODED SPECIAL DRUGS,227,189,IRGHBREC,GHBMON,1,RC-GHB - PAST MONTH USE,,,2
RISK/AVAILABILITY,228,190,RK01A,RSKCIGPKD1,2,RISK SMOKING 1 OR MORE PACKS CIGARETTES PER DAY,"The values in this section may be inconsistent with values for variables in other sections of the interview. Items in this section were edited when respondents legitimately skipped out of these items based on prior answers in earlier sections. Otherwise, variables in one section of the interview generally were not edited to make them consistent with variables in another section of the interview. This note applies to variables in this section marked by a1. NOTE: The variables in this section are considered to be comparable between 2015 and later years but are not comparable with variables in the 2014 NSDUH or prior years We are interested in your opinion about the effects of using certain drugs and other substances, about whether it's difficult or easy to get drugs, and the extent to which drugs are available in your neighborhood. Please indicate how much you think people risk harming themselves physically and in other ways when they do each of the following activities. If you're not sure, choose an answer for the amount of risk that comes closest to what you think might be true for that activity. How much do people risk harming themselves physically and in other ways when they smoke one or more packs of cigarettes per day?",,8
RISK/AVAILABILITY,228,190,RK01B,RSKMRJMON1,2,RISK SMOKING MARIJUANA ONCE A MONTH,How much do people risk harming themselves physically and in other ways when they smoke marijuana once a month?,,8
RISK/AVAILABILITY,228,190,RK01C,RSKMRJWK1,2,RISK SMOKING MARIJUANA ONCE OR TWICE A WEEK,How much do people risk harming themselves physically and in other ways when they smoke marijuana once or twice a week?,,8
RISK/AVAILABILITY,229,191,RK01D,RSKLSDTRY1,2,RISK TRYING LSD ONCE OR TWICE,How much do people risk harming themselves physically and in other ways when they try LSD once or twice?,,8
RISK/AVAILABILITY,229,191,RK01E,RSKLSDWK1,2,RISK USING LSD ONCE OR TWICE A WEEK,How much do people risk harming themselves physically and in other ways when they use LSD once or twice a week?,,8
RISK/AVAILABILITY,229,191,RK01F,RSKHERTRY1,2,RISK TRYING HEROIN ONCE OR TWICE,How much do people risk harming themselves physically and in other ways when they try heroin once or twice?,,8
RISK/AVAILABILITY,229,191,RK01G,RSKHERWK1,2,RISK USING HEROIN ONCE OR TWICE A WEEK,How much do people risk harming themselves physically and in other ways when they use heroin once or twice a week?,,8
RISK/AVAILABILITY,229,191,RK01H,RSKCOCMON1,2,RISK USING COCAINE ONCE A MONTH,How much do people risk harming themselves physically and in other ways when they use cocaine once a month?,,8
RISK/AVAILABILITY,230,192,RK01I,RSKCOCWK1,2,RISK USING COCAINE ONCE OR TWICE A WEEK,How much do people risk harming themselves physically and in other ways when they use cocaine once or twice a week?,,8
RISK/AVAILABILITY,230,192,RK01J,RSKBNGDLY1,2,RISK HAVING 4 OR 5 DRINKS NEARLY EVERY DAY,How much do people risk harming themselves physically and in other ways when they have four or five drinks of an alcoholic beverage nearly every day?,,8
RISK/AVAILABILITY,230,192,RK01K,RSKBNGWK1,2,RISK HAVING 5 OR MORE DRINKS ONCE OR TWICE A WEEK,How much do people risk harming themselves physically and in other ways when they have five or more drinks of an alcoholic beverage once or twice a week?,,8
RISK/AVAILABILITY,230,192,RK02A,DIFGETMRJ1,2,HOW DIFFICULT TO GET MARIJUANA,"The next questions ask how difficult you think it would be for you to get each of the following types of drugs, if you wanted some. How difficult or easy would it be for you to get some marijuana, if you wanted some?",,9
RISK/AVAILABILITY,231,193,RK02B,DIFGETLSD1,2,HOW DIFFICULT TO GET LSD,"How difficult or easy would it be for you to get some LSD, if you wanted some?",,9
RISK/AVAILABILITY,231,193,RK02C,DIFGETCOC1,2,HOW DIFFICULT TO GET COCAINE,"How difficult or easy would it be for you to get some cocaine, if you wanted some?",,9
RISK/AVAILABILITY,231,193,RK02D,DIFGETCRK1,2,"HOW DIFFICULT TO GET ""CRACK""","How difficult or easy would it be for you to get some 'crack', if you wanted some?",,9
RISK/AVAILABILITY,231,193,RK02E,DIFGETHER1,2,HOW DIFFICULT TO GET HEROIN,"How difficult or easy would it be for you to get some heroin, if you wanted some?",,9
RISK/AVAILABILITY,232,194,RK03,APPDRGMON1,2,APPROACHED BY SOMEONE SELLING ILL DRUG PST 30 DYS,"In the past 30 days, has anyone approached you to sell you an illegal drug?",,6
RISK/AVAILABILITY,232,194,RK04A,RSKYFQDGR1,2,GET A REAL KICK OUT OF DOING DANGEROUS THINGS,How often do you get a real kick out of doing things that are a little dangerous?,,8
RISK/AVAILABILITY,232,194,RK04B,RSKYFQTES1,2,LIKE TO TEST YOURSELF BY DOING RISKY THINGS,How often do you like to test yourself by doing something a little risky?,,8
RISK/AVAILABILITY,232,194,RK04C,RKFQPBLT1,2,WEAR A SEATBELT WHEN RIDE FRONT PASS SEAT OF CAR,How often do you wear a seatbelt when you ride in the front passenger seat of a car?,,8
RISK/AVAILABILITY,232,194,RK04D,RKFQDBLT1,2,WEAR A SEATBELT WHEN YOU DRIVE A CAR,How often do you wear a seatbelt when you drive a car?,,9
RECODED RISK/AVAILABILITY,233,195,RSKCIGPKD,GRSKCIGPKD,1,RC-GREAT RISK: SMOKE 1+ PACKS CIGARETTES PER DAY,NOTE: The variables in this section are recoded variables that were created from one or more of the edited variables from the preceding section.,,3
RECODED RISK/AVAILABILITY,233,195,RSKMRJMON,GRSKMRJMON,1,RC-GREAT RISK: USE MARIJUANA ONCE A MONTH,,,3
RECODED RISK/AVAILABILITY,233,195,RSKMRJWK,GRSKMRJWK,1,RC-GREAT RISK: USE MARIJUANA 1-2 TIMES PER WEEK,,,3
RECODED RISK/AVAILABILITY,233,195,RSKCOCMON,GRSKCOCMON,1,RC-GREAT RISK: USE COCAINE ONCE A MONTH,,,3
RECODED RISK/AVAILABILITY,233,195,RSKCOCWK,GRSKCOCWK,1,RC-GREAT RISK: USE COCAINE 1-2 TIMES PER WEEK,,,3
RECODED RISK/AVAILABILITY,233,195,RSKHERTRY,GRSKHERTRY,1,RC-GREAT RISK: TRYING HEROIN ONCE OR TWICE,,,3
RECODED RISK/AVAILABILITY,233,195,RSKHERWK,GRSKHERWK,1,RC-GREAT RISK: USE HEROIN 1-2 TIMES PER WEEK,,,3
RECODED RISK/AVAILABILITY,233,195,RSKLSDTRY,GRSKLSDTRY,1,RC-GREAT RISK: TRYING LSD ONCE OR TWICE,,,3
RECODED RISK/AVAILABILITY,234,196,RSKLSDWK,GRSKLSDWK,1,RC-GREAT RISK: USE LSD 1-2 TIMES PER WEEK,,,3
RECODED RISK/AVAILABILITY,234,196,RSKBNGDLY,GRSKBNGDLY,1,RC-GREAT RISK: HAVE 4-5 ALC DRINKS PER DAY,,,3
RECODED RISK/AVAILABILITY,234,196,RSKBNGWK,GRSKBNGWK,1,RC-GREAT RISK: HAVE 5+ ALC DRINKS 1-2 TIMES PER WEEK,,,3
RECODED RISK/AVAILABILITY,234,196,DIFGETMRJ,DIFOBTMRJ,1,RC-MARIJUANA FAIRLY OR VERY EASY TO OBTAIN,,,3
RECODED RISK/AVAILABILITY,234,196,DIFGETCOC,DIFOBTCOC,1,RC-COCAINE FAIRLY OR VERY EASY TO OBTAIN,,,3
RECODED RISK/AVAILABILITY,234,196,DIFGETCRK,DIFOBTCRK,1,RC-CRACK FAIRLY OR VERY EASY TO OBTAIN,,,3
RECODED RISK/AVAILABILITY,234,196,DIFGETHER,DIFOBTHER,1,RC-HEROIN FAIRLY OR VERY EASY TO OBTAIN,,,3
RECODED RISK/AVAILABILITY,234,196,DIFGETLSD,DIFOBTLSD,1,RC-LSD FAIRLY OR VERY EASY TO OBTAIN,,,3
RECODED RISK/AVAILABILITY,234,196,APPDRGMON,APPDRGMON2,1,RC-APPROACHED BY SOMEONE SELLING DRUGS,,,3
BLUNTS,235,197,BL01,BLNTEVER1,2,EVER SMOKED CIGAR WITH MARIJUANA IN IT,"The values in this section may be inconsistent with values for variables in other sections of the interview. Items in this section were edited when respondents legitimately skipped out of these items based on prior answers in earlier sections. Otherwise, variables in one section of the interview generally were not edited to make them consistent with variables in another section of the interview. This note applies to variables in this section marked by a1. NOTE: When respondents previously reported never using marijuana but reported lifetime use of cigars with marijuana in them (i.e., ""blunts""), a consistency check was triggered only when respondents reported using blunts in the past 30 days. Therefore, BLNTEVER was assigned a code of 11 when respondents reported using blunts but they did not report use in the past 30 days, and they previously had reported never using marijuana. Sometimes people take some tobacco out of a cigar and replace it with marijuana. This is sometimes called a ""blunt"". Have you ever smoked part or all of a cigar with marijuana in it?",,8
BLUNTS,235,197,BL08,BLNTAGE1,3,AGE WHEN FIRST SMOKED CIGAR WITH MJ IN IT,How old were you the first time you smoked part or all of a cigar with marijuana in it?,,7
BLUNTS,235,197,"BL08A, BL08B, BL08C",BLNTYFU1,4,YEAR OF FIRST USE OF CIGAR WITH MJ IN IT - RECODE,Did you first smoke part or all of a cigar with marijuana in it in [CURRENT YEAR - 1] or [CURRENT YEAR]? Did you first smoke part or all of a cigar with marijuana in it in [CURRENT YEAR - 2] or [CURRENT YEAR - 1]? In what month in [CURRENT YEAR] did you first smoke part or all of a cigar with marijuana in it?,,9
BLUNTS,236,198,"BL08C, BL08D",BLNTMFU1,2,MONTH OF FIRST USE OF CIGAR W/MJ IN IT - RECODE,In what month in [CURRENT YEAR] did you first smoke part or all of a cigar with marijuana in it? In what month in [YEAR FROM BL08a or BL08b] did you first smoke part or all of a cigar with marijuana in it?,"NOTE: When respondents previously reported using marijuana but reported less recent use of marijuana than they reported for blunts, a consistency check was triggered only when respondents reported using blunts in the past 30 days. Therefore, BLNTREC was assigned a code of 12 when respondents reported last using marijuana more than 12 months ago but reported using blunts more than 30 days ago but within the past 12 months. How long has it been since you last smoked part or all of a cigar with marijuana in it?",20
BLUNTS,236,198,BL02,BLNTREC1,2,TIME SINCE LAST SMOKED CIGAR WITH MJ IN IT,,"NOTE: BLRECFL2 has nonblank values when data on initiation of use from BLNTAGE, BLNTYFU, or BLNTMFU indicate more recent use of blunts than was reported in BLNTREC.",11
BLUNTS,236,198,,BLRECFL21,2,INCONSISTENCY BETW BLNTREC AND INCIDENCE DATA,,,2
BLUNTS,236,198,"BL02A, BL03A, BL04A",BLNT30DY1,2,# DAYS USED CIGAR WITH MJ IN IT PAST 30 DAYS,"On how many of the past 30 days, that is, since [DATEFILL], did you smoke part or all of a cigar with marijuana in it?",,7
BLUNTS,237,199,BL03,BLNT30C11,2,"BL02/MJ01 DISAGREE, WHICH IS CORRECT",The answer to the last question and an earlier question disagree. Which is correct?,,7
BLUNTS,237,199,BL04,BLNT30C21,2,"BL02 AND MJ RECENCY DISAGREE, WHICH IS CORRECT",The answer to the last question and an earlier question disagree. Which answer is correct?,,5
BLUNTS,237,199,BL05,RSNOMRJ1,2,WHY REPORT EARLIER THAT NEVER USED MJ OR HASHISH,Why did you report earlier that you had never used marijuana or hashish?,,6
BLUNTS,237,199,BL06,RSNMRJMO1,2,WHY REPRT EARLIER NOT USE MJ OR HASH PAST 30 DAYS,Why did you report earlier that you did not use marijuana or hashish during the past 30 days?,"NOTE: The variable BLNTNOMJ was assigned a code of 5 if respondents were not asked this question because they reported in the TOBACCO module that they smoked cigars in the past 30 days but reported in the BLUNTS module that they did not smoke cigars with marijuana in them in the past 30 days. It could be logically inferred that all of the cigars that these respondents smoked in the past 30 days did not have marijuana in them. BLNTNOMJ was assigned codes of 14 or 24 if respondents were not asked this question and they reported in the BLUNTS module that they smoked a cigar with marijuana in it in the past 30 days. A code of 14 was assigned if respondents reported in the TOBACCO module that they had smoked cigars but not in the past 30 days. A code of 24 was assigned if respondents reported in the TOBACCO module that they had never smoked part or all of a cigar. Earlier, you reported that you had smoked part or all of a cigar during the past 30 days. During the past 30 days, did you smoke any cigars that did not have marijuana in them?",7
BLUNTS,238,200,BL07,BLNTNOMJ1,2,SMOKE CIGARS WITH NO MARIJUANA PAST 30 DAYS,,"NOTE: Past year marijuana users could answer MEDMJYR and MEDMJALL as ""yes,"" regardless of whether they were living in a State in which marijuana was approved for medical use. For more information, please see the appendix titled ""Medical Marijuana Variables"". Earlier, you reported using marijuana in the past year. Was any of your marijuana use in the past 12 months recommended by a doctor or other health care professional?",9
BLUNTS,238,200,MJMM01,MEDMJYR1,2,ANY MJ USE RECMDED BY DR IN PAST 12 MONTHS,,,8
BLUNTS,238,200,MJMM02,MEDMJALL1,2,ALL MJ USE RECMDED BY DR IN PAST 12 MONTHS,Was all of your marijuana use in the past 12 months recommended by a doctor or other health care professional?,NOTE: Medical marijuana variable MEDMJPA2 replaces variable MEDMJST2 that was created for the 2013 through 2017 NSDUH. MEDMJPA2 is based on the date that a medical marijuana bill was signed into law or an initiative was approved by voters. MEDMJST2 was based on an interpretation of the date when a state's law took effect. NOTE: MEDMJPA2 indicates whether respondents were living in a State in which a law allowing use of marijuana for medical reasons had been passed at the time of the interview. The entire sample was classified into one of the following two categories: MEDMJPA2 was coded as 1 if the respondent was in a State where a law or initiative allowing the use of marijuana for medical reasons had been passed on or before the interview date; MEDMJPA2 was coded as 2 if (a) the respondent was in a State in which a law or initiative allowing the use of marijuana for medical reasons had not been passed at any time during the survey year; or (b) the respondent was in a State where a law or initiative allowing the use of marijuana for medical reasons had been passed during the survey year but after the interview date.,9
BLUNTS,239,201,,MEDMJPA2,1,STATE MEDICAL MJ LAW PASSED AT TIME OF INTERVIEW,,,2
NICOTINE DEPENDENCE,240,202,DRCGE01,CIGIRTBL1,2,NEED TO SMOKE TO FEEL LESS IRRITABLE,"The values in this section may be inconsistent with values for variables in other sections of the interview. Items in this section were edited when respondents legitimately skipped out of these items based on prior answers in earlier sections. Otherwise, variables in one section of the interview generally were not edited to make them consistent with variables in another section of the interview. This note applies to variables in this section marked by a1. Think about your use of cigarettes during the past 30 days as you answer these next questions. Please think about how true each statement is of you. After not smoking for a while, you need to smoke in order to feel less restless and irritable.",,11
NICOTINE DEPENDENCE,240,202,DRCGE02,CIGCRAVE1,2,START TO CRAVE CIGS WHEN DON'T SMOKE FOR FEW HRS,"When you don't smoke for a few hours, you start to crave cigarettes.",,11
NICOTINE DEPENDENCE,240,202,DRCGE03,CIGCRAGP1,2,CRAVING OF CIGS LIKE STRONG FORCE CAN'T CONTROL,You sometimes have strong cravings for a cigarette where it feels like you're in the grip of a force you can't control.,,11
NICOTINE DEPENDENCE,241,203,DRCGE04,CIGINCTL1,2,FEEL A SENSE OF CONTROL OVER YOUR SMOKING,"You feel a sense of control over your smoking - that is, you can ""take it or leave it"" at any time.",,11
NICOTINE DEPENDENCE,241,203,DRCGE05,CIGAVOID1,2,TEND TO AVOID PLACES THAT DON'T ALLOW SMOKING,"You tend to avoid places that don't allow smoking, even if you would otherwise enjoy them.",,11
NICOTINE DEPENDENCE,241,203,DRCGE06A,CIGFNSMK1,2,HAVE FRIENDS WHO DO NOT SMOKE CIGARETTES,Do you have any friends who do not smoke cigarettes?,,8
NICOTINE DEPENDENCE,241,203,DRCGE06B,CIGFNLKE1,2,CHOOSE NOT TO BE AROUND FRIENDS WHO DON'T SMOKE,Think about your use of cigarettes during the past 30 days as you answer these next questions. There are times when you choose not to be around your friends who don't smoke because they won't like it if you smoke.,,12
NICOTINE DEPENDENCE,242,204,DRCGE07,CIGPLANE1,2,RATHER NOT TRAVEL BY AIRPLANE B/C NO SMOKING,"Think about your use of cigarettes during the past 30 days as you answer these next questions. Even if you're traveling a long distance, you'd rather not travel by airplane because you wouldn't be allowed to smoke.",,11
NICOTINE DEPENDENCE,242,204,DRCGE08,CIGRNOUT1,2,SOMETIMES WORRY THAT YOU WILL RUN OUT OF CIGS,You sometimes worry that you will run out of cigarettes.,,11
NICOTINE DEPENDENCE,242,204,DRCGE09,CIGREGDY1,2,SMOKE CIGS FAIRLY REGULARLY THROUGHOUT THE DAY,You smoke cigarettes fairly regularly throughout the day.,,11
NICOTINE DEPENDENCE,242,204,DRCGE10,CIGREGWK1,2,SMOKE SAME AMOUNT ON WEEKENDS AS ON WEEKDAYS,You smoke about the same amount on weekends as on weekdays.,,11
NICOTINE DEPENDENCE,243,205,DRCGE11,CIGREGNM1,2,SMOKE SAME NUMBER OF CIGS FROM DAY TO DAY,You smoke just about the same number of cigarettes from day to day.,,11
NICOTINE DEPENDENCE,243,205,DRCGE12,CIGNMCHG1,2,NUMBER OF CIGS SMOKE PER DAY OFTEN CHANGES,It's hard to say how many cigarettes you smoke per day because the number often changes.,,11
NICOTINE DEPENDENCE,243,205,DRCGE13,CIGSVLHR1,2,"HAVE MANY CIGS IN HR, THEN NO CIGS TIL HRS LATER","It's normal for you to smoke several cigarettes in an hour, then not have another one until hours later.",,11
NICOTINE DEPENDENCE,243,205,DRCGE14,CIGINFLU1,2,# OF CIGS SMOKE PER DAY INFLUENCED BY OTHER THINGS,"The number of cigarettes you smoke per day is often influenced by other things - how you're feeling, or what you're doing, for example.",,11
NICOTINE DEPENDENCE,244,206,DRCGE15,CIGNOINF1,2,SMOKING NOT AFFECTED BY OTHER THINGS,"Your smoking is not affected much by other things. For example, you smoke about the same amount whether you're relaxing or working, happy or sad, alone or with others.",,11
NICOTINE DEPENDENCE,244,206,DRCGE16,CIGINCRS1,2,AMOUNT OF SMOKING HAS INCR. SINCE STARTED SMOKING,"Since you started smoking, the amount you smoke has increased.",,11
NICOTINE DEPENDENCE,244,206,DRCGE17,CIGSATIS1,2,NEED TO SMOKE A LOT MORE TO BE SATISFIED,"Compared to when you first started smoking, you need to smoke a lot more now in order to be satisfied.",,11
NICOTINE DEPENDENCE,244,206,DRCGE18,CIGLOTMR1,2,SMOKE MUCH MORE NOW BEFORE FEEL ANYTHING,"Compared to when you first started smoking, you can smoke much, much more now before you start to feel anything.",,11
NICOTINE DEPENDENCE,245,207,"DRCGE19A, DRCGE19B",CIGWAKE1,2,HOW SOON AFTER WAKING DO YOU HAVE YOUR FIRST CIG,"How soon after you wake up do you have your first cigarette? On the days that you smoke, how soon after you wake up do you have your first cigarette?","NOTE: The following dependence variables were defined based on the dependence criteria according to the Nicotine Dependence Syndrome Scale (NDSS) and the Fagerstrom Test of Nicotine Dependence (FTND) for respondents who smoked cigarettes in the past month (i.e., CIGMON=1). The NDSS criteria for dependence was based on 17 questions pertaining to five aspects of dependence. Based on the NDSS, a respondent was defined as having nicotine dependence, NDSSDEPND=1, if the sum of the valid responses (based on actual reporting) was greater than or equal to 46.75. The FTND measure is defined by assessing how soon after waking a respondent had their first cigarette (CIGWAKE). Based on the FTND scale, a respondent was defined as having nicotine dependence, FTNDDEPND=1, if the first cigarette was smoked within 30 minutes of waking up on the days they smoked (CIGWAKE=1 or 2) and the respondent smoked cigarettes in the past month (CIGMON=1). Based on the NDSS and the FTND, a respondent who smoked cigarettes in the past month was defined as having nicotine dependence, PMNICDEP=1, if they met either the NDSS or the FTND criteria for dependence. Specific details are provided in the Nicotine Dependence and Substance Use Disorder appendix. (CIGAVOID, CIGCRAGP, CIGCRAVE, CIGINCRS, CIGINCTL, CIGINFLU, CIGIRTBL, CIGLOTMR, CIGMON, CIGNMCHG, CIGNOINF, CIGPLANE, CIGREGDY, CIGREGNM, CIGREGWK, CIGRNOUT, CIGSATIS, CIGSVLHR)",10
NICOTINE DEPENDENCE,245,207,,NDSSDEPND1,1,NICOTINE DEPENDENCE BASED ON NDSS SCORE,,,4
NICOTINE DEPENDENCE,245,207,"CIGMON, CIGWAKE",FTNDDEPND1,1,NICOTINE DEPENDENCE BASED ON FTND SCALE,,,4
NICOTINE DEPENDENCE,245,207,"FTNDDEP, NDSSDEP",PMNICDEP1,1,NICOTINE DEPENDENCE IN PAST MONTH,,,4
IMPUTED NICOTINE DEPENDENCE,246,208,PMNICDEP,IRPMNICDEP,1,NICOTINE DEPENDENCE IN PAST MONTH - IMPUTATION REVISED,"NOTE: The following variable, IRPMNICDEP, is the imputation-revised version of the nicotine dependence variable (PMNICDEP) derived from the Nicotine Dependence Syndrome Scale (NDSS) and the Fagerstrom Test of Nicotine Dependence (FTND). Based on the NDSS and the FTND, a respondent who smoked cigarettes in the past month was defined as having nicotine dependence if they met either the NDSS or the FTND criteria for dependence. Specific details are provide in the Nicotine Dependence and Substance Use Disorder appendix.",,2
IMPUTED NICOTINE DEPENDENCE,246,208,"CIGREC, IRPMNICDEP",IIPMNICDEP,1,NICOTINE DEPENDENCE IN PAST MONTH - IMPUTATION INDICATOR,,,3
SUBSTANCE USE DISORDER,247,209,DPALFEEL,UDALTIMEUSE,2,SPENT GREAT DEAL OF TIME USING/FEEL EFF OF ALCOHOL PST 12MOS,"Think about your use of alcohol during the past 12 months as you answer these next questions. During the past 12 months, did you spend a great deal of your time drinking alcohol, feeling its effects, or getting over the effects of drinking?",,9
SUBSTANCE USE DISORDER,247,209,DPALGET,UDALTIMEGET,2,SPENT GREAT DEAL TIME TRY TO GET/GETTING ALC IN PST 12 MOS,"During the past 12 months, did you spend a great deal of your time getting or trying to get alcohol?",,9
SUBSTANCE USE DISORDER,247,209,DPALLRGR,UDALLRGAMTS,2,DRANK ALC LARGER AMTS OR LONGER TIME THAN MEANT TO PST 12MOS,"During the past 12 months, were there many times when you ended up drinking alcohol in larger amounts or for a longer time than you meant to?",,9
SUBSTANCE USE DISORDER,247,209,DPALBDLY,UDALWANTBAD,2,WANTED TO USE ALCOHOL SO BADLY IN PAST 12 MOS,"During the past 12 months, were there times when you wanted to drink alcohol so badly that you couldn't think of anything else?",,9
SUBSTANCE USE DISORDER,248,210,DPALURGE,UDALSTRURGE,2,STRONG URGE TO DRINK ALCOHOL IN PST 12 MOS,"During the past 12 months, were there times when you had a strong urge to drink alcohol?",,9
SUBSTANCE USE DISORDER,248,210,DPALMORE,UDALNEEDMOR,2,NEEDED A LOT MORE ALCOHOL TO GET FEELING YOU WANT,Do you need to drink a lot more alcohol than you used to in order to get the feeling you want?,,9
SUBSTANCE USE DISORDER,248,210,DPALLESS,UDALLESSEFF,2,SAME AMT ALCOHOL HAS LESS EFFECT THAN IT USED TO,Does drinking the same amount of alcohol have much less effect on you than it used to?,,9
SUBSTANCE USE DISORDER,248,210,DPALSTOP,UDALTRYSTOP,2,TRY TO CUT DOWN/STOP ALCOHOL USE IN PAST 12 MOS,"During the past 12 months, did you try to cut down or try to stop drinking alcohol?",,9
SUBSTANCE USE DISORDER,249,211,DPALCANT,UDALNOTSTOP,2,UNABLE TO CUT/STOP ALC USE MORE THAN ONE TIME PAST 12 MOS,Some people who drink alcohol try to cut down or stop but find they can’t. Was there more than one time in the past 12 months when you tried but were unable to cut down or stop drinking alcohol?,,10
SUBSTANCE USE DISORDER,249,211,DPALWISH,UDALWSHSTOP,2,OFTEN WISH CUT DOWN OR STOP ALCOHOL USE PAST 12 MOS,"In the past 12 months, did you often wish that you could cut down or stop drinking alcohol?",,9
SUBSTANCE USE DISORDER,249,211,DPALPHYS,UDALHLTHPRB,2,ANY LONG-LASTING PHYS PRBS CAUSED/WORSND BY ALC PST 12 MOS,"During the past 12 months, did you have any long-lasting or repeated physical health problems that were caused or made worse by drinking alcohol?",,9
SUBSTANCE USE DISORDER,249,211,DPALPCNT,UDALHLTHCTD,2,CONTD TO USE ALCOHOL DESPITE ALCOHOL CAUSE/WORSEN PHYS PRBS,Did you continue to drink alcohol even though it was causing long-lasting or repeated physical health problems or making your physical health problems worse?,,10
SUBSTANCE USE DISORDER,250,212,DPALMNTL,UDALMNTLPRB,2,ANY EMOT/MNTL HLTH PRBS CAUSED/WORSND BY ALCOHOL PAST 12 MOS,"During the past 12 months, did you have any long-lasting or repeated problems with emotions or mental health that were caused or made worse by drinking alcohol?",,9
SUBSTANCE USE DISORDER,250,212,DPALMCNT,UDALMNTLCTD,2,CONTD ALCOHOL USE DESPITE ALC CSE/WRSN EMOT/MNTL HLTH PRBS,Did you continue to drink alcohol even though it was causing long-lasting or repeated problems with your emotions or mental health or making your emotions or mental health worse?,,9
SUBSTANCE USE DISORDER,250,212,DPALBLCK,UDALBLCKOUT,2,REPEATED BLACKOUTS WHILE OR AFTER DRINKING ALC PAST 12 MOS,"A blackout is lack of memory. That is, you were awake, but you have no recall of the things you did or that were done to you. During the past 12 months, did you repeatedly have blackouts while drinking or after drinking alcohol?",,9
SUBSTANCE USE DISORDER,250,212,DPALBCNT,UDALBLCKCTD,2,CONTINUE DRINKING ALCOHOL EVEN AFTER BLACKOUTS,Did you continue to drink alcohol even though drinking gave you repeated blackouts?,,8
SUBSTANCE USE DISORDER,251,213,DPALACTV,UDALSTOPACT,2,LESS ACTIVITIES B/C OF ALCOHOL USE PAST 12 MOS,"This question is about important activities such as: • Spending time with friends and family • Attending special events at work or school • Participating in hobbies and sports • Attending religious services and events During the past 12 months, did you give up or spend a lot less time doing any of these types of important activities because of your alcohol use?",,9
SUBSTANCE USE DISORDER,251,213,DPALSERI,UDALWORKPRB,2,ALCOHOL CAUSE SERIOUS PRBS AT HOME/WORK/SCH PST 12 MOS,"Sometimes people who drink alcohol have serious problems at work, school, or home—such as: • missing a lot of work or school • getting demoted, having your hours cut, or losing a job • not being able to get a job or keep a job • getting suspended, expelled, or dropping out of school • failing to take care of family During the past 12 months, did you have any serious problems like these at work, school, or home because of your alcohol use?",,9
SUBSTANCE USE DISORDER,251,213,DPALARGU,UDALFMLYPRB,2,ALCOHOL CAUSE ARGUMENTS/PROBS W/FAMILY/FRIENDS PST 12 MOS,"During the past 12 months, did you often have arguments or other problems with family or friends that were caused or made worse by your alcohol use?",,9
SUBSTANCE USE DISORDER,252,214,DPALACNT,UDALFMLYCTD,2,CONTD ALCOHOL USE DESPITE ALC CAUSE ARGUMENTS W/FAM/FRNDS,Did you continue to drink alcohol even though it often caused arguments or problems with family or friends?,,10
SUBSTANCE USE DISORDER,252,214,DPALHURT,UDALGETHURT,2,ALCOHOL USE INCREASED CHANCE GETTING HURT PST 12 MOS,"During the past 12 months, did you repeatedly get into situations where drinking alcohol increased your chances of getting physically hurt?",,9
SUBSTANCE USE DISORDER,252,214,DPALWD_1,UDALWDSWEAT,2,SWEATING/RAPID HEARTBEAT - ALC WITHDRAWAL SYMPTOM PST 12 MOS,"People may experience withdrawal symptoms when they drink less or stop drinking alcohol. Withdrawal symptoms are stronger and last longer than a hangover. During the past 12 months, did you have the following withdrawal symptoms after you drank less or stopped drinking alcohol for a while? Sweating or feeling that your heart was beating fast",,9
SUBSTANCE USE DISORDER,252,214,DPALWD_2,UDALWDTRMBL,2,HANDS TREMBLE - ALC WITHDRAWAL SYMPTOM PST 12 MOS,Having your hands tremble,,9
SUBSTANCE USE DISORDER,253,215,DPALWD_3,UDALWDSLEEP,2,TROUBLE SLEEPING - ALC WITHDRAWAL SYMPTOM PST 12 MOS,Having trouble sleeping,,9
SUBSTANCE USE DISORDER,253,215,DPALWD_4,UDALWDVOMIT,2,VOMITING/UPSET STOMACH - ALC WITHDRAWAL SYMPTOM PST 12 MOS,Vomiting or having an upset stomach,,9
SUBSTANCE USE DISORDER,253,215,DPALWD_5,UDALWDHALUC,2,SEE/HEAR/FEEL THINGS - ALC WITHDRAWAL SYMPTOM PST 12 MOS,"Seeing, hearing, or feeling things that weren't really there",,9
SUBSTANCE USE DISORDER,253,215,DPALWD_6,UDALWDSITST,2,COULD NOT SIT STILL - ALC WITHDRAWAL SYMPTOM PST 12 MOS,Feeling like you couldn't sit still,,9
SUBSTANCE USE DISORDER,254,216,DPALWD_7,UDALWDFLANX,2,FEELING ANXIOUS - ALC WITHDRAWAL SYMPTOM PST 12 MOS,Feeling anxious,,9
SUBSTANCE USE DISORDER,254,216,DPALOVER,UDALAVOIDWD,2,USE ALC/DRG TO GET OVER/AVOID ALC WITHDRAWAL IN PST 12 MOS,"During the past 12 months, did you use alcohol or another drug to get over or avoid having alcohol withdrawal symptoms?",,9
SUBSTANCE USE DISORDER,254,216,DPALUSE_1,UDALAVWALCO,2,USED ALCOHOL TO GET OVER/AVOID ALC WITHDRAWAL IN PST 12 MOS,Which of the following did you use to get over or avoid having alcohol withdrawal symptoms during the past 12 months? Alcohol,,10
SUBSTANCE USE DISORDER,254,216,DPALUSE_2,UDALAVWSVTR,2,USED SED/TRQ/SLP PILLS/DWNRS TO AVOID ALC WDRWAL PST 12 MOS,"Prescription sedatives, tranquilizers, sleeping pills, or downers",,11
SUBSTANCE USE DISORDER,255,217,DPALUSE_3,UDALAVWOTHR,2,USED SOMETHING ELSE TO GET OVR/AVD ALC WITHDRAWAL PST 12 MOS,Something else,,10
SUBSTANCE USE DISORDER,255,217,DPMJFEEL,UDMJTIMEUSE,2,SPENT GREAT DEAL OF TIME USING/FEEL EFF OF MJ PST 12 MOS,"Think about your use of marijuana or hashish during the past 12 months as you answer these next questions. During the past 12 months, did you spend a great deal of your time using marijuana or hashish, feeling its effects, or getting over the effects of marijuana or hashish?",,9
SUBSTANCE USE DISORDER,255,217,DPMJGET,UDMJTIMEGET,2,SPENT GREAT DEAL TIME TRY TO GET/GETTING MJ IN PST 12 MOS,"During the past 12 months, did you spend a great deal of your time getting or trying to get marijuana or hashish?",,10
SUBSTANCE USE DISORDER,255,217,DPMJLRGR,UDMJLRGAMTS,2,USED MJ LARGER AMTS OR LONGER TIME THAN MEANT TO PST 12 MOS,"During the past 12 months, were there many times when you ended up using marijuana or hashish in larger amounts or for a longer time than you meant to?",,9
SUBSTANCE USE DISORDER,256,218,DPMJBDLY,UDMJWANTBAD,2,WANTED TO USE MARIJUANA SO BADLY IN PAST 12 MOS,"During the past 12 months, were there times when you wanted to use marijuana or hashish so badly that you couldn't think of anything else?",,9
SUBSTANCE USE DISORDER,256,218,DPMJURGE,UDMJSTRURGE,2,STRONG URGE TO USE MARIJUANA IN PAST 12 MOS,"During the past 12 months, were there times when you had a strong urge to use marijuana or hashish?",,10
SUBSTANCE USE DISORDER,256,218,DPMJMORE,UDMJNEEDMOR,2,NEEDED A LOT MORE MARIJUANA TO GET FEELING YOU WANT,Do you need to use a lot more marijuana or hashish than you used to in order to get the feeling you want?,,9
SUBSTANCE USE DISORDER,256,218,DPMJLESS,UDMJLESSEFF,2,SAME AMT MARIJUANA HAS LESS EFFECT THAN IT USED TO,Does using the same amount of marijuana or hashish have much less effect on you than it used to?,,10
SUBSTANCE USE DISORDER,257,219,DPMJSTOP,UDMJTRYSTOP,2,TRY TO CUT DOWN/STOP MARIJUANA USE IN PAST 12 MOS,"During the past 12 months, did you try to cut down or try to stop using marijuana or hashish?",,9
SUBSTANCE USE DISORDER,257,219,DPMJCANT,UDMJNOTSTOP,2,UNABLE TO CUT/STOP MJ USE MORE THAN ONE TIME PAST 12 MOS,Some people who use marijuana or hashish try to cut down or stop but find they can’t. Was there more than one time in the past 12 months when you tried but were unable to cut down or stop using marijuana or hashish?,,9
SUBSTANCE USE DISORDER,257,219,DPMJWISH,UDMJWSHSTOP,2,OFTEN WISH CUT DOWN OR STOP MJ USE PAST 12 MOS,"In the past 12 months, did you often wish that you could cut down or stop using marijuana or hashish?",,10
SUBSTANCE USE DISORDER,257,219,DPMJPHYS,UDMJHLTHPRB,2,ANY LONG-LASTING PHYS PRBS CAUSED/WORSND BY MJ PST 12 MOS,"During the past 12 months, did you have any long-lasting or repeated physical health problems that were caused or made worse by using marijuana or hashish?",,9
SUBSTANCE USE DISORDER,258,220,DPMJPCNT,UDMJHLTHCTD,2,CONTD TO USE MARIJUANA DESPITE MJ CAUSE/WORSEN PHYS PRBS,Did you continue to use marijuana or hashish even though it was causing long-lasting or repeated physical health problems or making your physical health problems worse?,,10
SUBSTANCE USE DISORDER,258,220,DPMJMNTL,UDMJMNTLPRB,2,ANY EMOT/MNTL HLTH PRBS CAUSED/WORSND BY MJ PAST 12 MOS,"During the past 12 months, did you have any long-lasting or repeated problems with emotions or mental health that were caused or made worse by using marijuana or hashish?",,10
SUBSTANCE USE DISORDER,258,220,DPMJMCNT,UDMJMNTLCTD,2,CONTD MARIJUANA USE DESPITE MJ CSE/WRSN EMOT/MNTL HLTH PRBS,Did you continue to use marijuana or hashish even though it was causing long-lasting or repeated problems with your emotions or mental health or making your emotions or mental health worse?,,8
SUBSTANCE USE DISORDER,259,221,DPMJACTV,UDMJSTOPACT,2,LESS ACTIVITIES B/C OF MARIJUANA USE PAST 12 MOS,"This question is about important activities such as: • Spending time with friends and family • Attending special events at work or school • Participating in hobbies and sports • Attending religious services and events During the past 12 months, did you give up or spend a lot less time doing any of these types of important activities because of your use of marijuana or hashish?",,9
SUBSTANCE USE DISORDER,259,221,DPMJSERI,UDMJWORKPRB,2,MARIJUANA CAUSE SERIOUS PRBS AT HOME/WORK/SCH PST 12 MOS,"Sometimes people who use marijuana or hashish have serious problems at work, school, or home—such as: • missing a lot of work or school • getting demoted, having your hours cut, or losing a job • not being able to get a job or keep a job • getting suspended, expelled, or dropping out of school • failing to take care of family During the past 12 months, did you have any serious problems like these at work, school, or home because of your use of marijuana or hashish?",,9
SUBSTANCE USE DISORDER,259,221,DPMJARGU,UDMJFMLYPRB,2,MARIJUANA CAUSE ARGUMENTS/PROBS W/FAMILY/FRIENDS PST 12 MOS,"During the past 12 months, did you often have arguments or other problems with family or friends that were caused or made worse by your use of marijuana or hashish?",,9
SUBSTANCE USE DISORDER,260,222,DPMJACNT,UDMJFMLYCTD,2,CONTD MARIJUANA USE DESPITE MJ CAUSE ARGUMENTS W/FAM/FRNDS,Did you continue to use marijuana or hashish even though it often caused arguments or problems with family or friends?,,9
SUBSTANCE USE DISORDER,260,222,DPMJHURT,UDMJGETHURT,2,MARIJUANA USE INCREASED CHANCE GETTING HURT PST 12 MOS,"During the past 12 months, did you repeatedly get into situations where using marijuana or hashish increased your chances of getting physically hurt?",,9
SUBSTANCE USE DISORDER,260,222,DPMJWD1,UDMJWDANGRY,2,FEELING IRRITABLE OR ANGRY-MJ WITHDRAWAL SYMPTOM PST 12 MOS,"People may experience withdrawal symptoms when they use less or stop using marijuana or hashish. During the past 12 months, did you have the following withdrawal symptoms after you used less or stopped using marijuana or hashish for a while? Feeling irritable or angry",,9
SUBSTANCE USE DISORDER,260,222,DPMJWD2,UDMJWDFLANX,2,FEELING ANXIOUS/NERVOUS - MJ WITHDRAWAL SYMPTOM PST 12 MOS,Feeling anxious or nervous,,9
SUBSTANCE USE DISORDER,261,223,DPMJWD3,UDMJWDSLEEP,2,HAVING TROUBLE SLEEPING - MJ WITHDRAWAL SYMPTOM PST 12 MOS,Having trouble sleeping,,9
SUBSTANCE USE DISORDER,261,223,DPMJWD4,UDMJWDAPPET,2,LOSING APPETITE OR WEIGHT - MJ WITHDRAWAL SYMPTOM PST 12 MOS,Losing your appetite or losing weight without trying to,,9
SUBSTANCE USE DISORDER,261,223,DPMJWD5,UDMJWDSITST,2,COULDN'T SIT STILL - MJ WITHDRAWAL SYMPTOM PST 12 MOS,Feeling like you couldn’t sit still,,9
SUBSTANCE USE DISORDER,261,223,DPMJWD6,UDMJWDDEPRS,2,FEELING DEPRESSED - MJ WITHDRAWAL SYMPTOM PST 12 MOS,Feeling depressed,,9
SUBSTANCE USE DISORDER,262,224,DPMJWD7,UDMJWDSTMCH,2,STOMACH ACHE - MJ WITHDRAWAL SYMPTOM PST 12 MOS,"During the past 12 months, did you have the following withdrawal symptoms after you used less or stopped using marijuana or hashish for a while? Stomach ache",,9
SUBSTANCE USE DISORDER,262,224,DPMJWD8,UDMJWDSHAKE,2,SHAKING OR TREMORS - MJ WITHDRAWAL SYMPTOM PST 12 MOS,Shaking or tremors,,9
SUBSTANCE USE DISORDER,262,224,DPMJWD9,UDMJWDSWEAT,2,SWEATING - MJ WITHDRAWAL SYMPTOM PST 12 MOS,Sweating,,9
SUBSTANCE USE DISORDER,262,224,DPMJWD10,UDMJWDFEVER,2,FEVER - MJ WITHDRAWAL SYMPTOM PST 12 MOS,Fever,,9
SUBSTANCE USE DISORDER,263,225,DPMJWD11,UDMJWDCHILL,2,CHILLS - MJ WITHDRAWAL SYMPTOM PST 12 MOS,Chills,,9
SUBSTANCE USE DISORDER,263,225,DPMJWD12,UDMJWDHEDAC,2,HEADACHE - MJ WITHDRAWAL SYMPTOM PST 12 MOS,Headache,,9
SUBSTANCE USE DISORDER,263,225,DPMJOVER,UDMJAVOIDWD,2,USE MJ/DRG TO GET OVER/AVOID MJ WITHDRAWAL IN PST 12 MOS,"During the past 12 months, did you use marijuana, hashish, another cannabis product, or another drug to get over or avoid having marijuana or hashish withdrawal symptoms?",,9
SUBSTANCE USE DISORDER,263,225,DPMJUSE_1,UDMJAVWMARJ,2,USED MARIJUANA TO GET OVER/AVOID MJ WITHDRAWAL IN PST 12 MOS,"Which of the following did you use to get over or avoid having marijuana or hashish withdrawal symptoms during the past 12 months? Marijuana, hashish, or another cannabis product",,10
SUBSTANCE USE DISORDER,264,226,DPMJUSE_2,UDMJAVWOTHR,2,USED SOMETHING ELSE TO GET OVR/AVD MJ WITHDRAWAL PST 12 MOS,Something else,,10
SUBSTANCE USE DISORDER,264,226,DPCCFEEL,UDCCTIMEUSE,2,SPENT GREAT DEAL OF TIME USING/FEEL EFF OF COCAINE PST 12MOS,"Think about your use of cocaine, including the form of cocaine called ‘crack,’ during the past 12 months as you answer these next questions. During the past 12 months, did you spend a great deal of your time using cocaine, feeling its effects, or getting over the effects of cocaine?",,8
SUBSTANCE USE DISORDER,264,226,DPCCGET,UDCCTIMEGET,2,SPENT GREAT DEAL TIME TRY TO GET/GETTING COCAINE PST 12 MOS,"During the past 12 months, did you spend a great deal of your time getting or trying to get cocaine?",,9
SUBSTANCE USE DISORDER,264,226,DPCCLRGR,UDCCLRGAMTS,2,USED COC LARGER AMTS OR LONGER TIME THAN MEANT TO PST 12 MOS,"During the past 12 months, were there many times when you ended up using cocaine in larger amounts or for a longer time than you meant to?",,8
SUBSTANCE USE DISORDER,265,227,DPCCBDLY,UDCCWANTBAD,2,WANTED TO USE COCAINE SO BADLY IN PAST 12 MOS,"During the past 12 months, were there times when you wanted to use cocaine so badly that you couldn't think of anything else?",,8
SUBSTANCE USE DISORDER,265,227,DPCCURGE,UDCCSTRURGE,2,STRONG URGE TO USE COCAINE IN PAST 12 MOS,"During the past 12 months, were there times when you had a strong urge to use cocaine?",,9
SUBSTANCE USE DISORDER,265,227,DPCCMORE,UDCCNEEDMOR,2,NEEDED A LOT MORE COCAINE TO GET FEELING YOU WANT,Do you need to use a lot more cocaine than you used to in order to get the feeling you want?,,8
SUBSTANCE USE DISORDER,265,227,DPCCLESS,UDCCLESSEFF,2,SAME AMT COCAINE HAS LESS EFFECT THAN IT USED TO,Does using the same amount of cocaine have much less effect on you than it used to?,,9
SUBSTANCE USE DISORDER,266,228,DPCCSTOP,UDCCTRYSTOP,2,TRY TO CUT DOWN/STOP COCAINE USE IN PAST 12 MOS,"During the past 12 months, did you try to cut down or try to stop using cocaine?",,8
SUBSTANCE USE DISORDER,266,228,DPCCCANT,UDCCNOTSTOP,2,UNABLE TO CUT/STOP COCAINE MORE THAN ONE TIME PAST 12 MOS,Some people who use cocaine try to cut down or stop but find they can’t. Was there more than one time in the past 12 months when you tried but were unable to cut down or stop using cocaine?,,8
SUBSTANCE USE DISORDER,266,228,DPCCWISH,UDCCWSHSTOP,2,OFTEN WISH CUT DOWN OR STOP COCAINE USE PAST 12 MOS,"In the past 12 months, did you often wish that you could cut down or stop using cocaine?",,9
SUBSTANCE USE DISORDER,266,228,DPCCPHYS,UDCCHLTHPRB,2,ANY LONG-LASTING PHYS PRBS CAUSED/WORSND BY COC PST 12 MOS,"During the past 12 months, did you have any long-lasting or repeated physical health problems that were caused or made worse by using cocaine?",,8
SUBSTANCE USE DISORDER,267,229,DPCCPCNT,UDCCHLTHCTD,2,CONTD TO USE COCAINE DESPITE COCAINE CAUSE/WORSEN PHYS PRBS,Did you continue to use cocaine even though it was causing long-lasting or repeated physical health problems or making your physical health problems worse?,,8
SUBSTANCE USE DISORDER,267,229,DPCCMNTL,UDCCMNTLPRB,2,ANY EMOT/MNTL HLTH PRBS CAUSED/WORSND BY COCAINE PAST 12 MOS,"During the past 12 months, did you have any long-lasting or repeated problems with emotions or mental health that were caused or made worse by using cocaine?",,9
SUBSTANCE USE DISORDER,267,229,DPCCMCNT,UDCCMNTLCTD,2,CONTD COCAINE USE DESPITE COC CSE/WRSN EMOT/MNTL HLTH PRBS,Did you continue to use cocaine even though it was causing long-lasting or repeated problems with your emotions or mental health or making your emotions or mental health worse?,,8
SUBSTANCE USE DISORDER,267,229,DPCCACTV,UDCCSTOPACT,2,LESS ACTIVITIES B/C OF COCAINE USE PAST 12 MOS,"This question is about important activities such as: • Spending time with friends and family • Attending special events at work or school • Participating in hobbies and sports • Attending religious services and events During the past 12 months, did you give up or spend a lot less time doing any of these types of important activities because of your use of cocaine?",,8
SUBSTANCE USE DISORDER,268,230,DPCCSERI,UDCCWORKPRB,2,COCAINE CAUSE SERIOUS PRBS AT HOME/WORK/SCH PST 12 MOS,"Sometimes people who use cocaine have serious problems at work, school, or home—such as: • missing a lot of work or school • getting demoted, having your hours cut, or losing a job • not being able to get a job or keep a job • getting suspended, expelled, or dropping out of school • failing to take care of family During the past 12 months, did you have any serious problems like these at work, school, or home because of your use of cocaine?",,8
SUBSTANCE USE DISORDER,268,230,DPCCARGU,UDCCFMLYPRB,2,COCAINE CAUSE ARGUMENTS/PROBS W/FAMILY/FRIENDS PST 12 MOS,"During the past 12 months, did you often have arguments or other problems with family or friends that were caused or made worse by your use of cocaine?",,8
SUBSTANCE USE DISORDER,268,230,DPCCACNT,UDCCFMLYCTD,2,CONTD COCAINE USE DESPITE COC CAUSE ARGUMENTS W/FAM/FRNDS,Did you continue to use cocaine even though it often caused arguments or problems with family or friends?,,9
SUBSTANCE USE DISORDER,268,230,DPCCHURT,UDCCGETHURT,2,COCAINE USE INCREASED CHANCE GETTING HURT PST 12 MOS,"During the past 12 months, did you repeatedly get into situations where using cocaine increased your chances of getting physically hurt?",,8
SUBSTANCE USE DISORDER,269,231,DPCCBLUE,UDCCWDFLBLU,2,FELT BLUE OR DOWN AFTER USING LESS OR STOPPING COCAINE,"People may experience withdrawal symptoms when they use less or stop using cocaine. During the past 12 months, have you felt kind of blue or down after you used less or stopped using cocaine for a while?",,8
SUBSTANCE USE DISORDER,269,231,DPCCWD_1,UDCCWDTIRED,2,FEELING TIRED/EXHAUSTED - COC WITHDRAWAL SYMPTOM PST 12 MOS,"During the past 12 months, did you have the following withdrawal symptoms after you used less or stopped using cocaine for a while? Feeling tired or exhausted",,9
SUBSTANCE USE DISORDER,269,231,DPCCWD_2,UDCCWDDREAM,2,HAVING BAD DREAMS - COC WITHDRAWAL SYMPTOM PST 12 MOS,Having bad dreams,,9
SUBSTANCE USE DISORDER,269,231,DPCCWD_3,UDCCWDSLEEP,2,TROUBLE/MORE SLEEPING - COC WITHDRAWAL SYMPTOM PST 12 MOS,Having trouble sleeping or sleeping more than you normally do,,9
SUBSTANCE USE DISORDER,270,232,DPCCWD_4,UDCCWDHNGRY,2,FEELING HUNGRY - COC WITHDRAWAL SYMPTOM PST 12 MOS,Feeling hungry more often,,9
SUBSTANCE USE DISORDER,270,232,DPCCWD_5,UDCCWDSITST,2,SLOWED DOWN/RESTLESS - COC WITHDRAWAL SYMPTOM PST 12 MOS,Feeling either very slowed down or like you couldn’t sit still,,9
SUBSTANCE USE DISORDER,270,232,DPCCOVER,UDCCAVOIDWD,2,USE COC/OTH DRUG TO GET OVER/AVOID COC WITHDRAWAL PST 12 MOS,"During the past 12 months, did you use cocaine or another drug to get over or avoid having cocaine withdrawal symptoms?",,8
SUBSTANCE USE DISORDER,270,232,DPCCUSE_1,UDCCAVWCOCN,2,USED COCAINE TO GET OVER/AVOID COC WITHDRAWAL IN PST 12 MOS,Which of the following did you use to get over or avoid having cocaine withdrawal symptoms during the past 12 months? Cocaine,,9
SUBSTANCE USE DISORDER,271,233,DPCCUSE_2,UDCCAVWMETH,2,USED METH TO GET OVER/AVOID COC WITHDRAWAL IN PST 12 MOS,Methamphetamine,,9
SUBSTANCE USE DISORDER,271,233,DPCCUSE_3,UDCCAVWSTIM,2,USED STM TO GET OVER/AVOID COC WITHDRAWAL IN PST 12 MOS,Prescription stimulants or uppers,,9
SUBSTANCE USE DISORDER,271,233,DPCCUSE_4,UDCCAVWOTHR,2,USED SOMETHING ELSE TO GET OVR/AVD COC WITHDRAWAL PST 12 MOS,Something else,,9
SUBSTANCE USE DISORDER,271,233,DPHEFEEL,UDHETIMEUSE,2,SPENT GREAT DEAL OF TIME USING/FEEL EFF OF HEROIN PST 12 MOS,"Think about your use of heroin during the past 12 months as you answer these next questions. During the past 12 months, did you spend a great deal of your time using heroin, feeling its effects, or getting over the effects of heroin?",,7
SUBSTANCE USE DISORDER,272,234,DPHEGET,UDHETIMEGET,2,SPENT GREAT DEAL TIME TRY TO GET/GETTING HEROIN PST 12 MOS,"During the past 12 months, did you spend a great deal of your time getting or trying to get heroin?",,8
SUBSTANCE USE DISORDER,272,234,DPHELRGR,UDHELRGAMTS,2,USED HER LARGER AMTS OR LONGER TIME THAN MEANT TO PST 12 MOS,"During the past 12 months, were there many times when you ended up using heroin in larger amounts or for a longer time than you meant to?",,7
SUBSTANCE USE DISORDER,272,234,DPHEBDLY,UDHEWANTBAD,2,WANTED TO USE HEROIN SO BADLY IN PAST 12 MOS,"During the past 12 months, were there times when you wanted to use heroin so badly that you couldn't think of anything else?",,7
SUBSTANCE USE DISORDER,272,234,DPHEURGE,UDHESTRURGE,2,STRONG URGE TO USE HEROIN IN PAST 12 MOS,"During the past 12 months, were there times when you had a strong urge to use heroin?",,7
SUBSTANCE USE DISORDER,272,234,DPHEMORE,UDHENEEDMOR,2,NEEDED A LOT MORE HEROIN TO GET FEELING YOU WANT,Do you need to use a lot more heroin than you used to in order to get the feeling you want?,,7
SUBSTANCE USE DISORDER,273,235,DPHELESS,UDHELESSEFF,2,SAME AMT HEROIN HAS LESS EFFECT THAN IT USED TO,Does using the same amount of heroin have much less effect on you than it used to?,,7
SUBSTANCE USE DISORDER,273,235,DPHESTOP,UDHETRYSTOP,2,TRY TO CUT DOWN/STOP HEROIN USE IN PAST 12 MOS,"During the past 12 months, did you try to cut down or try to stop using heroin?",,6
SUBSTANCE USE DISORDER,273,235,DPHECANT,UDHENOTSTOP,2,UNABLE TO CUT/STOP HEROIN USE MORE THAN ONE TIME PAST 12 MOS,Some people who use heroin try to cut down or stop but find they can’t. Was there more than one time in the past 12 months when you tried but were unable to cut down or stop using heroin?,,7
SUBSTANCE USE DISORDER,273,235,DPHEWISH,UDHEWSHSTOP,2,OFTEN WISH CUT DOWN OR STOP HEROIN USE PAST 12 MOS,"In the past 12 months, did you often wish that you could cut down or stop using heroin?",,7
SUBSTANCE USE DISORDER,273,235,DPHEPHYS,UDHEHLTHPRB,2,ANY LONG-LASTING PHYS PRBS CAUSED/WORSND BY HEROIN PST 12MOS,"During the past 12 months, did you have any long-lasting or repeated physical health problems that were caused or made worse by using heroin?",,7
SUBSTANCE USE DISORDER,274,236,DPHEPCNT,UDHEHLTHCTD,2,CONTD TO USE HEROIN DESPITE HEROIN CAUSE/WORSEN PHYS PRBS,Did you continue to use heroin even though it was causing long-lasting or repeated physical health problems or making your physical health problems worse?,,7
SUBSTANCE USE DISORDER,274,236,DPHEMNTL,UDHEMNTLPRB,2,ANY EMOT/MNTL HLTH PRBS CAUSED/WORSND BY HEROIN PAST 12 MOS,"During the past 12 months, did you have any long-lasting or repeated problems with emotions or mental health that were caused or made worse by using heroin?",,7
SUBSTANCE USE DISORDER,274,236,DPHEMCNT,UDHEMNTLCTD,2,CONTD HEROIN USE DESPITE HEROIN CSE/WRSN EMOT/MNTL HLTH PRBS,Did you continue to use heroin even though it was causing long-lasting or repeated problems with your emotions or mental health or making your emotions or mental health worse?,,7
SUBSTANCE USE DISORDER,274,236,DPHEACTV,UDHESTOPACT,2,LESS ACTIVITIES B/C OF HEROIN USE PAST 12 MOS,"This question is about important activities such as: • Spending time with friends and family • Attending special events at work or school • Participating in hobbies and sports • Attending religious services and events During the past 12 months, did you give up or spend a lot less time doing any of these types of important activities because of your use of heroin?",,7
SUBSTANCE USE DISORDER,275,237,DPHESERI,UDHEWORKPRB,2,HEROIN CAUSE SERIOUS PRBS AT HOME/WORK/SCH PST 12 MOS,"Sometimes people who use heroin have serious problems at work, school, or home—such as: • missing a lot of work or school • getting demoted, having your hours cut, or losing a job • not being able to get a job or keep a job • getting suspended, expelled, or dropping out of school • failing to take care of family During the past 12 months, did you have any serious problems like these at work, school, or home because of your use of heroin?",,6
SUBSTANCE USE DISORDER,275,237,DPHEARGU,UDHEFMLYPRB,2,HEROIN CAUSE ARGUMENTS/PROBS W/FAMILY/FRIENDS PST 12 MOS,"During the past 12 months, did you often have arguments or other problems with family or friends that were caused or made worse by your use of heroin?",,6
SUBSTANCE USE DISORDER,275,237,DPHEACNT,UDHEFMLYCTD,2,CONTD HEROIN DESPITE HEROIN CAUSE ARGUMENTS W/FAM/FRNDS,Did you continue to use heroin even though it often caused arguments or problems with family or friends?,,7
SUBSTANCE USE DISORDER,275,237,DPHEHURT,UDHEGETHURT,2,HEROIN INCREASED CHANCE GETTING HURT PST 12 MOS,"During the past 12 months, did you repeatedly get into situations where using heroin increased your chances of getting physically hurt?",,6
SUBSTANCE USE DISORDER,276,238,DPHEWD_1,UDHEWDFLBLU,2,FEELING BLUE/DOWN - HEROIN WITHDRAWAL SYMPTOM PST 12 MOS,"People may experience withdrawal symptoms when they use less or stop using heroin. During the past 12 months, did you have the following withdrawal symptoms after you used less or stopped using heroin for a while? Feeling kind of blue or down",,7
SUBSTANCE USE DISORDER,276,238,DPHEWD_2,UDHEWDVOMIT,2,VOMITING/NAUSEOUS - HEROIN WITHDRAWAL SYMPTOM PST 12 MOS,Vomiting or feeling nauseous,,7
SUBSTANCE USE DISORDER,276,238,DPHEWD_3,UDHEWDCRAMP,2,HAVING MUSCLE CRAMPS/ACHES-HER WITHDRAWAL SYMPTOM PST 12 MOS,Having cramps or muscle aches,,7
SUBSTANCE USE DISORDER,276,238,DPHEWD_4,UDHEWDRUNNY,2,TEARY EYES/RUNNY NOSE - HER WITHDRAWAL SYMPTOM PST 12 MOS,Having teary eyes or a runny nose,,7
SUBSTANCE USE DISORDER,276,238,DPHEWD_5,UDHEWDSWEAT,2,SWEATY/LRG PUPILS/HAIR STNDING UP-HER W/DRWAL SYM PST 12 MOS,"Feeling sweaty, having enlarged eye pupils, or having body hair standing up on your skin",,7
SUBSTANCE USE DISORDER,277,239,DPHEWD_6,UDHEWDDIARR,2,HAVING DIARRHEA - HEROIN WITHDRAWAL SYMPTOM PST 12 MOS,Having diarrhea,,7
SUBSTANCE USE DISORDER,277,239,DPHEWD_7,UDHEWDYAWNS,2,YAWNING - HEROIN WITHDRAWAL SYMPTOM PST 12 MOS,Yawning,,7
SUBSTANCE USE DISORDER,277,239,DPHEWD_8,UDHEWDFEVER,2,HAVING FEVER - HEROIN WITHDRAWAL SYMPTOM PST 12 MOS,Having a fever,,7
SUBSTANCE USE DISORDER,277,239,DPHEWD_9,UDHEWDSLEEP,2,HAVING TRBL SLEEPING - HEROIN WITHDRAWAL SYMPTOM PST 12 MOS,Having trouble sleeping,,7
SUBSTANCE USE DISORDER,277,239,DPHEOVER,UDHEAVOIDWD,2,USE HEROIN TO GET OVER/AVOID HEROIN WITHDRAWAL IN PST 12 MOS,"During the past 12 months, did you use heroin or another drug to get over or avoid having heroin withdrawal symptoms?",,6
SUBSTANCE USE DISORDER,278,240,DPHEUSE_1,UDHEAVWHERN,2,USED HEROIN TO GET OVER/AVOID HER WITHDRAWAL IN PST 12 MOS,Which of the following did you use to get over or avoid having heroin withdrawal symptoms during the past 12 months? Heroin,,8
SUBSTANCE USE DISORDER,278,240,DPHEUSE_2,UDHEAVWPNRL,2,USED PN RLVR TO GET OVER/AVOID HER WITHDRAWAL IN PST 12 MOS,Prescription pain relievers,,9
SUBSTANCE USE DISORDER,278,240,DPHEUSE_3,UDHEAVWOTHR,2,USED SOMETHING ELSE TO GET OVR/AVD HER WITHDRAWAL PST 12 MOS,Something else,,8
SUBSTANCE USE DISORDER,278,240,DPHAFEEL,UDHATIMEUSE,2,SPENT GREAT DEAL OF TIME USING/FEEL EFF OF HAL PST 12 MOS,"Think about your use of hallucinogens, such as LSD, ‘acid,’ PCP, ‘Ecstasy’ or ‘Molly,’ psilocybin or mushrooms, mescaline, or peyote, during the past 12 months as you answer these next questions. During the past 12 months, did you spend a great deal of your time using hallucinogens, feeling their effects, or getting over the effects of hallucinogens?",,7
SUBSTANCE USE DISORDER,279,241,DPHAGET,UDHATIMEGET,2,SPENT GREAT DEAL TIME TRY TO GET/GETTING HAL IN PST 12 MOS,"During the past 12 months, did you spend a great deal of your time getting or trying to get hallucinogens?",,8
SUBSTANCE USE DISORDER,279,241,DPHALRGR,UDHALRGAMTS,2,USED HAL LARGER AMTS OR LONGER TIME THAN MEANT TO PST 12 MOS,"During the past 12 months, were there many times when you ended up using hallucinogens in larger amounts or for a longer time than you meant to?",,7
SUBSTANCE USE DISORDER,279,241,DPHABDLY,UDHAWANTBAD,2,WANTED TO USE HALLUC SO BADLY IN PAST 12 MOS,"During the past 12 months, were there times when you wanted to use hallucinogens so badly that you couldn't think of anything else?",,7
SUBSTANCE USE DISORDER,279,241,DPHAURGE,UDHASTRURGE,2,STRONG URGE TO USE HALLUC IN PAST 12 MOS,"During the past 12 months, were there times when you had a strong urge to use hallucinogens?",,8
SUBSTANCE USE DISORDER,279,241,DPHAMORE,UDHANEEDMOR,2,NEEDED A LOT MORE HALLUC TO GET FEELING YOU WANT,Do you need to use a lot more hallucinogens than you used to in order to get the feeling you want?,,7
SUBSTANCE USE DISORDER,280,242,DPHALESS,UDHALESSEFF,2,SAME AMT HALLUC HAS LESS EFFECT THAN IT USED TO,Does using the same amount of hallucinogens have much less effect on you than it used to?,,8
SUBSTANCE USE DISORDER,280,242,DPHASTOP,UDHATRYSTOP,2,TRY TO CUT DOWN/STOP HALLUC USE IN PAST 12 MOS,"During the past 12 months, did you try to cut down or try to stop using hallucinogens?",,7
SUBSTANCE USE DISORDER,280,242,DPHACANT,UDHANOTSTOP,2,UNABLE TO CUT/STOP HALLUC MORE THAN ONE TIME PAST 12 MOS,Some people who use hallucinogens try to cut down or stop but find they can’t. Was there more than one time in the past 12 months when you tried but were unable to cut down or stop using hallucinogens?,,7
SUBSTANCE USE DISORDER,280,242,DPHAWISH,UDHAWSHSTOP,2,OFTEN WISH CUT DOWN OR STOP HALLUC PAST 12 MOS,"In the past 12 months, did you often wish that you could cut down or stop using hallucinogens?",,8
SUBSTANCE USE DISORDER,280,242,DPHAPHYS,UDHAHLTHPRB,2,ANY LONG-LASTING PHYS PRBS CAUSED/WORSND BY HAL PST 12 MOS,"During the past 12 months, did you have any long-lasting or repeated physical health problems that were caused or made worse by using hallucinogens?",,7
SUBSTANCE USE DISORDER,281,243,DPHAPCNT,UDHAHLTHCTD,2,CONTD TO USE HALLUC DESPITE HALLUC CAUSE/WORSEN PHYS PRBS,Did you continue to use hallucinogens even though they were causing long-lasting or repeated physical health problems or making your physical health problems worse?,,7
SUBSTANCE USE DISORDER,281,243,DPHAMNTL,UDHAMNTLPRB,2,ANY EMOT/MNTL HLTH PRBS CAUSED/WORSND BY HALLUC PAST 12 MOS,"During the past 12 months, did you have any long-lasting or repeated problems with emotions or mental health that were caused or made worse by using hallucinogens?",,8
SUBSTANCE USE DISORDER,281,243,DPHAMCNT,UDHAMNTLCTD,2,CONTD HALLUC USE DESPITE HAL CSE/WRSN EMOT/MNTL HLTH PRBS,Did you continue to use hallucinogens even though they were causing long-lasting or repeated problems with your emotions or mental health or making your emotions or mental health worse?,,7
SUBSTANCE USE DISORDER,281,243,DPHAACTV,UDHASTOPACT,2,LESS ACTIVITIES B/C OF HALLUC USE PAST 12 MOS,"This question is about important activities such as: • Spending time with friends and family • Attending special events at work or school • Participating in hobbies and sports • Attending religious services and events During the past 12 months, did you give up or spend a lot less time doing any of these types of important activities because of your use of hallucinogens?",,7
SUBSTANCE USE DISORDER,282,244,DPHASERI,UDHAWORKPRB,2,HALLUC CAUSE SERIOUS PRBS AT HOME/WORK/SCH PST 12 MOS,"Sometimes people who use hallucinogens have serious problems at work, school, or home—such as: • missing a lot of work or school • getting demoted, having your hours cut, or losing a job • not being able to get a job or keep a job • getting suspended, expelled, or dropping out of school • failing to take care of family During the past 12 months, did you have any serious problems like these at work, school, or home because of your use of hallucinogens?",,7
SUBSTANCE USE DISORDER,282,244,DPHAARGU,UDHAFMLYPRB,2,HALLUC CAUSE ARGUMENTS/PROBS W/FAMILY/FRIENDS PST 12 MOS,"During the past 12 months, did you often have arguments or other problems with family or friends that were caused or made worse by your use of hallucinogens?",,7
SUBSTANCE USE DISORDER,282,244,DPHAACNT,UDHAFMLYCTD,2,CONTD HALLUC USE DESPITE HAL CAUSE ARGUMENTS W/FAM/FRNDS,Did you continue to use hallucinogens even though they often caused arguments or problems with family or friends?,,7
SUBSTANCE USE DISORDER,282,244,DPHAHURT,UDHAGETHURT,2,HALLUC USE INCREASED CHANCE GETTING HURT PST 12 MOS,"During the past 12 months, did you repeatedly get into situations where using hallucinogens increased your chances of getting physically hurt?",,7
SUBSTANCE USE DISORDER,283,245,DPINFEEL,UDINTIMEUSE,2,SPENT GREAT DEAL OF TIME USING/FEEL EFF OF INH PST 12 MOS,"Think about your use of inhalants, such as amyl nitrite, ‘poppers,’ nitrous oxide, gasoline or lighter fluids, glue, spray paints, or correction fluids, during the past 12 months as you answer these next questions. During the past 12 months, did you spend a great deal of your time using inhalants, feeling their effects, or getting over the effects of inhalants?",,7
SUBSTANCE USE DISORDER,283,245,DPINGET,UDINTIMEGET,2,SPENT GREAT DEAL TIME TRY TO GET/GETTING INH IN PST 12 MOS,"During the past 12 months, did you spend a great deal of your time getting or trying to get inhalants?",,8
SUBSTANCE USE DISORDER,283,245,DPINLRGR,UDINLRGAMTS,2,USED INH LARGER AMTS OR LONGER TIME THAN MEANT TO PST 12 MOS,"During the past 12 months, were there many times when you ended up using inhalants in larger amounts or for a longer time than you meant to?",,7
SUBSTANCE USE DISORDER,283,245,DPINBDLY,UDINWANTBAD,2,WANTED TO USE INHALANTS SO BADLY IN PAST 12 MOS,"During the past 12 months, were there times when you wanted to use inhalants so badly that you couldn't think of anything else?",,7
SUBSTANCE USE DISORDER,283,245,DPINURGE,UDINSTRURGE,2,STRONG URGE TO USE INHALANTS IN PAST 12 MOS,"During the past 12 months, were there times when you had a strong urge to use inhalants?",,8
SUBSTANCE USE DISORDER,284,246,DPINMORE,UDINNEEDMOR,2,NEEDED A LOT MORE INHALANTS TO GET FEELING YOU WANT,Do you need to use a lot more inhalants than you used to in order to get the feeling you want?,,7
SUBSTANCE USE DISORDER,284,246,DPINLESS,UDINLESSEFF,2,SAME AMT INHALANTS HAS LESS EFFECT THAN IT USED TO,Does using the same amount of inhalants have much less effect on you than it used to?,,8
SUBSTANCE USE DISORDER,284,246,DPINSTOP,UDINTRYSTOP,2,TRY TO CUT DOWN/STOP INHALANT USE IN PAST 12 MOS,"During the past 12 months, did you try to cut down or try to stop using inhalants?",,7
SUBSTANCE USE DISORDER,284,246,DPINCANT,UDINNOTSTOP,2,UNABLE TO CUT/STOP INH USE MORE THAN ONE TIME PAST 12 MOS,Some people who use inhalants try to cut down or stop but find they can’t. Was there more than one time in the past 12 months when you tried but were unable to cut down or stop using inhalants?,,7
SUBSTANCE USE DISORDER,284,246,DPINWISH,UDINWSHSTOP,2,OFTEN WISH CUT DOWN OR STOP INH USE PAST 12 MOS,"In the past 12 months, did you often wish that you could cut down or stop using inhalants?",,8
SUBSTANCE USE DISORDER,285,247,DPINPHYS,UDINHLTHPRB,2,ANY LONG-LASTING PHYS PRBS CAUSED/WORSND BY INH PST 12 MOS,"During the past 12 months, did you have any long-lasting or repeated physical health problems that were caused or made worse by using inhalants?",,7
SUBSTANCE USE DISORDER,285,247,DPINPCNT,UDINHLTHCTD,2,CONTD TO USE INHALANTS DESPITE INH CAUSE/WORSEN PHYS PRBS,Did you continue to use inhalants even though they were causing long-lasting or repeated physical health problems or making your physical health problems worse?,,7
SUBSTANCE USE DISORDER,285,247,DPINMNTL,UDINMNTLPRB,2,ANY EMOT/MNTL HLTH PRBS CAUSED/WORSND BY INH PAST 12 MOS,"During the past 12 months, did you have any long-lasting or repeated problems with emotions or mental health that were caused or made worse by using inhalants?",,8
SUBSTANCE USE DISORDER,285,247,DPINMCNT,UDINMNTLCTD,2,CONTD INH USE DESPITE INH CSE/WRSN EMOT/MNTL HLTH PRBS,Did you continue to use inhalants even though they were causing long-lasting or repeated problems with your emotions or mental health or making your emotions or mental health worse?,,7
SUBSTANCE USE DISORDER,286,248,DPINACTV,UDINSTOPACT,2,LESS ACTIVITIES B/C OF INHALANT USE PAST 12 MOS,"This question is about important activities such as: • Spending time with friends and family • Attending special events at work or school • Participating in hobbies and sports • Attending religious services and events During the past 12 months, did you give up or spend a lot less time doing any of these types of important activities because of your use of inhalants?",,7
SUBSTANCE USE DISORDER,286,248,DPINSERI,UDINWORKPRB,2,INHALANTS CAUSE SERIOUS PRBS AT HOME/WORK/SCH PST 12 MOS,"Sometimes people who use inhalants have serious problems at work, school, or home—such as: • missing a lot of work or school • getting demoted, having your hours cut, or losing a job • not being able to get a job or keep a job • getting suspended, expelled, or dropping out of school • failing to take care of family During the past 12 months, did you have any serious problems like these at work, school, or home because of your use of inhalants?",,7
SUBSTANCE USE DISORDER,286,248,DPINARGU,UDINFMLYPRB,2,INHALANTS CAUSE ARGUMENTS/PROBS W/FAMILY/FRIENDS PST 12 MOS,"During the past 12 months, did you often have arguments or other problems with family or friends that were caused or made worse by your use of inhalants?",,7
SUBSTANCE USE DISORDER,286,248,DPINACNT,UDINFMLYCTD,2,CONTD INHALANT USE DESPITE INH CAUSE ARGUMENTS W/FAM/FRNDS,Did you continue to use inhalants even though they often caused arguments or problems with family or friends?,,7
SUBSTANCE USE DISORDER,287,249,DPINHURT,UDINGETHURT,2,INHALANT USE INCREASED CHANCE GETTING HURT PST 12 MOS,"During the past 12 months, did you repeatedly get into situations where using inhalants increased your chances of getting physically hurt?",,7
SUBSTANCE USE DISORDER,287,249,DPMEFEEL,UDMETIMEUSE,2,SPENT GREAT DEAL OF TIME USING/FEEL EFF OF METH PST 12 MOS,"Think about your use of methamphetamine during the past 12 months as you answer these next questions. During the past 12 months, did you spend a great deal of your time using methamphetamine, feeling its effects, or getting over the effects of methamphetamine?",,7
SUBSTANCE USE DISORDER,287,249,DPMEGET,UDMETIMEGET,2,SPENT GREAT DEAL TIME TRY TO GET/GETTING METH IN PST 12 MOS,"During the past 12 months, did you spend a great deal of your time getting or trying to get methamphetamine?",,8
SUBSTANCE USE DISORDER,287,249,DPMELRGR,UDMELRGAMTS,2,USED METH LARGER AMTS OR LONGER TIME THAN MEANT TO PST 12 MO,"During the past 12 months, were there many times when you ended up using methamphetamine in larger amounts or for a longer time than you meant to?",,7
SUBSTANCE USE DISORDER,287,249,DPMEBDLY,UDMEWANTBAD,2,WANTED TO USE METH SO BADLY IN PAST 12 MOS,"During the past 12 months, were there times when you wanted to use methamphetamine so badly that you couldn't think of anything else?",,7
SUBSTANCE USE DISORDER,288,250,DPMEURGE,UDMESTRURGE,2,STRONG URGE TO USE METH IN PAST 12 MOS,"During the past 12 months, were there times when you had a strong urge to use methamphetamine?",,8
SUBSTANCE USE DISORDER,288,250,DPMEMORE,UDMENEEDMOR,2,NEEDED A LOT MORE METH TO GET FEELING YOU WANT,Do you need to use a lot more methamphetamine than you used to in order to get the feeling you want?,,7
SUBSTANCE USE DISORDER,288,250,DPMELESS,UDMELESSEFF,2,SAME AMT METH HAS LESS EFFECT THAN IT USED TO,Does using the same amount of methamphetamine have much less effect on you than it used to?,,8
SUBSTANCE USE DISORDER,288,250,DPMESTOP,UDMETRYSTOP,2,TRY TO CUT DOWN/STOP METH USE IN PAST 12 MOS,"During the past 12 months, did you try to cut down or try to stop using methamphetamine?",,7
SUBSTANCE USE DISORDER,288,250,DPMECANT,UDMENOTSTOP,2,UNABLE TO CUT/STOP METH MORE THAN ONE TIME PAST 12 MOS,Some people who use methamphetamine try to cut down or stop but find they can’t. Was there more than one time in the past 12 months when you tried but were unable to cut down or stop using methamphetamine?,,8
SUBSTANCE USE DISORDER,289,251,DPMEWISH,UDMEWSHSTOP,2,OFTEN WISH CUT DOWN OR STOP METH USE PAST 12 MOS,"In the past 12 months, did you often wish that you could cut down or stop using methamphetamine?",,8
SUBSTANCE USE DISORDER,289,251,DPMEPHYS,UDMEHLTHPRB,2,ANY LONG-LASTING PHYS PRBS CAUSED/WORSND BY METH PST 12 MOS,"During the past 12 months, did you have any long-lasting or repeated physical health problems that were caused or made worse by using methamphetamine?",,7
SUBSTANCE USE DISORDER,289,251,DPMEPCNT,UDMEHLTHCTD,2,CONTD TO USE METH DESPITE METH CAUSE/WORSEN PHYS PRBS,Did you continue to use methamphetamine even though it was causing long-lasting or repeated physical health problems or making your physical health problems worse?,,7
SUBSTANCE USE DISORDER,289,251,DPMEMNTL,UDMEMNTLPRB,2,ANY EMOT/MNTL HLTH PRBS CAUSED/WORSND BY METH PAST 12 MOS,"During the past 12 months, did you have any long-lasting or repeated problems with emotions or mental health that were caused or made worse by using methamphetamine?",,8
SUBSTANCE USE DISORDER,290,252,DPMEMCNT,UDMEMNTLCTD,2,CONTD METH USE DESPITE METH CSE/WRSN EMOT/MNTL HLTH PRBS,Did you continue to use methamphetamine even though they were causing long-lasting or repeated problems with your emotions or mental health or making your emotions or mental health worse?,,7
SUBSTANCE USE DISORDER,290,252,DPMEACTV,UDMESTOPACT,2,LESS ACTIVITIES B/C OF METH USE PAST 12 MOS,"This question is about important activities such as: • Spending time with friends and family • Attending special events at work or school • Participating in hobbies and sports • Attending religious services and events During the past 12 months, did you give up or spend a lot less time doing any of these types of important activities because of your use of methamphetamine?",,6
SUBSTANCE USE DISORDER,290,252,DPMESERI,UDMEWORKPRB,2,METH CAUSE SERIOUS PRBS AT HOME/WORK/SCH PST 12 MOS,"Sometimes people who use methamphetamine have serious problems at work, school, or home—such as: • missing a lot of work or school • getting demoted, having your hours cut, or losing a job • not being able to get a job or keep a job • getting suspended, expelled, or dropping out of school • failing to take care of family During the past 12 months, did you have any serious problems like these at work, school, or home because of your use of methamphetamine?",,6
SUBSTANCE USE DISORDER,290,252,DPMEARGU,UDMEFMLYPRB,2,METH CAUSE ARGUMENTS/PROBS W/FAMILY/FRIENDS PST 12 MOS,"During the past 12 months, did you often have arguments or other problems with family or friends that were caused or made worse by your use of methamphetamine?",,6
SUBSTANCE USE DISORDER,291,253,DPMEACNT,UDMEFMLYCTD,2,CONTD METH USE DESPITE METH CAUSE ARGUMENTS W/FAM/FRNDS,Did you continue to use methamphetamine even though it often caused arguments or problems with family or friends?,,7
SUBSTANCE USE DISORDER,291,253,DPMEHURT,UDMEGETHURT,2,METH INCREASED CHANCE GETTING HURT PST 12 MOS,"During the past 12 months, did you repeatedly get into situations where using methamphetamine increased your chances of getting physically hurt?",,6
SUBSTANCE USE DISORDER,291,253,DPMEBLUE,UDMEWDFLBLU,2,FELT BLUE OR DOWN AFTER USING LESS OR STOPPING METH,"People may experience withdrawal symptoms when they use less or stop using methamphetamine. During the past 12 months, have you felt kind of blue or down after you used less or stopped using methamphetamine for a while?",,7
SUBSTANCE USE DISORDER,291,253,DPMEWD_1,UDMEWDTIRED,2,FEELING TIRED/EXHAUSTED - METH WITHDRAWAL SYMPTOM PST 12 MOS,"During the past 12 months, did you have the following withdrawal symptoms after you used less or stopped using methamphetamine for a while? Feeling tired or exhausted",,7
SUBSTANCE USE DISORDER,291,253,DPMEWD_2,UDMEWDDREAM,2,HAVING BAD DREAMS - METH WITHDRAWAL SYMPTOM PST 12 MOS,Having bad dreams,,7
SUBSTANCE USE DISORDER,292,254,DPMEWD_3,UDMEWDSLEEP,2,TROUBLE/MORE SLEEP - METH WITHDRAWAL SYMPTOM PST 12 MOS,Having trouble sleeping or sleeping more than you normally do,,7
SUBSTANCE USE DISORDER,292,254,DPMEWD_4,UDMEWDHNGRY,2,FEELING HUNGRY - METH WITHDRAWAL SYMPTOM PST 12 MOS,Feeling hungry more often,,7
SUBSTANCE USE DISORDER,292,254,DPMEWD_5,UDMEWDSITST,2,FEELING SLOWED DOWN/RESTLESS -MTH W/DRAWL SYMPTOM PST 12 MOS,Feeling either very slowed down or like you couldn’t sit still,,7
SUBSTANCE USE DISORDER,292,254,DPMEOVER,UDMEAVOIDWD,2,USE METH TO GET OVER/AVOID METH WITHDRAWAL IN PST 12 MOS,"During the past 12 months, did you use methamphetamine or another drug to get over or avoid having methamphetamine withdrawal symptoms?",,6
SUBSTANCE USE DISORDER,292,254,DPMEUSE_1,UDMEAVWMETH,2,USED METH TO GET OVER/AVOID METH WITHDRAWAL IN PST 12 MOS,Which of the following did you use to get over or avoid having methamphetamine withdrawal symptoms during the past 12 months? Methamphetamine,,8
SUBSTANCE USE DISORDER,293,255,DPMEUSE_2,UDMEAVWCOCN,2,USED COC/CRK TO GET OVER/AVOID METH WITHDRAWAL IN PST 12 MOS,Cocaine or crack,,8
SUBSTANCE USE DISORDER,293,255,DPMEUSE_3,UDMEAVWSTIM,2,USED STM TO GET OVER/AVOID METH WITHDRAWAL IN PST 12 MOS,Prescription stimulants or uppers,,7
SUBSTANCE USE DISORDER,293,255,DPMEUSE_4,UDMEAVWOTHR,2,USED SOMTHING ELSE TO GET OVR/AVD METH WITHDRAWAL PST 12 MOS,Something else,,7
SUBSTANCE USE DISORDER,293,255,DPPRFEEL,UDPRTIMEUSE,2,SPENT GREAT DEAL OF TIME USING/FEEL EFF OF PN RLVR PST 12 MO,"Think about your use of prescription pain relievers during the past 12 months as you answer these next questions. During the past 12 months, did you spend a great deal of your time using any prescription pain relievers, feeling their effects, or getting over the effects of any prescription pain relievers?",,9
SUBSTANCE USE DISORDER,294,256,DPPRGET,UDPRTIMEGET,2,SPENT GREAT DEAL TIME TRY TO GET/GETTING PR IN PST 12 MOS,"During the past 12 months, did you spend a great deal of your time getting or trying to get any prescription pain relievers?",,10
SUBSTANCE USE DISORDER,294,256,DPPRLRGR,UDPRLRGAMTS,2,USED PR LARGER AMTS OR LONGER TIME THAN MEANT TO PST 12 MOS,"During the past 12 months, were there many times when you ended up using any prescription pain relievers in larger amounts or for a longer time than you meant to?",,9
SUBSTANCE USE DISORDER,294,256,DPPRBDLY,UDPRWANTBAD,2,WANTED TO USE PN RLVR SO BADLY IN PAST 12 MOS,"During the past 12 months, were there times when you wanted to use any prescription pain relievers so badly that you couldn't think of anything else?",,9
SUBSTANCE USE DISORDER,294,256,DPPRURGE,UDPRSTRURGE,2,STRONG URGE TO USE PN RLVR IN PAST 12 MOS,"During the past 12 months, were there times when you had a strong urge to use any prescription pain relievers?",,10
SUBSTANCE USE DISORDER,295,257,DPPRMORE,UDPRNEEDMOR,2,NEEDED A LOT MORE PN RLVR TO GET FEELING YOU WANT,Do you need to use a lot more of any prescription pain relievers than you used to in order to get the feeling you want?,,9
SUBSTANCE USE DISORDER,295,257,DPPRLESS,UDPRLESSEFF,2,SAME AMT PN RLVR HAS LESS EFFECT THAN IT USED TO,Does using the same amount of any prescription pain relievers have much less effect on you than it used to?,,10
SUBSTANCE USE DISORDER,295,257,DPPRSTOP,UDPRTRYSTOP,2,TRY TO CUT DOWN/STOP PN RLVR IN PAST 12 MOS,"During the past 12 months, did you try to cut down or try to stop using any prescription pain relievers?",,9
SUBSTANCE USE DISORDER,295,257,DPPRCANT,UDPRNOTSTOP,2,UNABLE TO CUT/STOP PN RLVR MORE THAN ONE TIME PAST 12 MOS,Some people who use prescription pain relievers try to cut down or stop but find they can’t. Was there more than one time in the past 12 months when you tried but were unable to cut down or stop using any prescription pain relievers?,,10
SUBSTANCE USE DISORDER,296,258,DPPRWISH,UDPRWSHSTOP,2,OFTEN WISH CUT DOWN OR STOP PN RLVR PAST 12 MOS,"In the past 12 months, did you often wish that you could cut down or stop using any prescription pain relievers?",,10
SUBSTANCE USE DISORDER,296,258,DPPRPHYS,UDPRHLTHPRB,2,ANY LONG-LASTING PHYS PRBS CAUSED/WORSND BY PR PST 12 MOS,"During the past 12 months, did you have any long-lasting or repeated physical health problems that were caused or made worse by using a prescription pain reliever?",,9
SUBSTANCE USE DISORDER,296,258,DPPRPCNT,UDPRHLTHCTD,2,CONTD TO USE PN RLVR DESPITE PN RLVR CAUSE/WORSEN PHYS PRBS,Did you continue to use any prescription pain relievers even though they were causing long-lasting or repeated physical health problems or making your physical health problems worse?,,9
SUBSTANCE USE DISORDER,296,258,DPPRMNTL,UDPRMNTLPRB,2,ANY EMOT/MNTL HLTH PRBS CAUSED/WORSND BY PN RLVR PAST 12 MOS,"During the past 12 months, did you have any long-lasting or repeated problems with emotions or mental health that were caused or made worse by using a prescription pain reliever?",,10
SUBSTANCE USE DISORDER,297,259,DPPRMCNT,UDPRMNTLCTD,2,CONTD PN RLVR USE DESPITE PR CSE/WRSN EMOT/MNTL HLTH PRBS,Did you continue to use any prescription pain relievers even though they were causing long-lasting or repeated problems with your emotions or mental health or making your emotions or mental health worse?,,9
SUBSTANCE USE DISORDER,297,259,DPPRACTV,UDPRSTOPACT,2,LESS ACTIVITIES B/C OF PN RLVR USE PAST 12 MOS,"This question is about important activities such as: • Spending time with friends and family • Attending special events at work or school • Participating in hobbies and sports • Attending religious services and events During the past 12 months, did you give up or spend a lot less time doing any of these types of important activities because of your use of any prescription pain relievers?",,9
SUBSTANCE USE DISORDER,297,259,DPPRSERI,UDPRWORKPRB,2,PN RLVR CAUSE SERIOUS PRBS AT HOME/WORK/SCH PST 12 MOS,"Sometimes people who use prescription pain relievers have serious problems at work, school, or home—such as: • missing a lot of work or school • getting demoted, having your hours cut, or losing a job • not being able to get a job or keep a job • getting suspended, expelled, or dropping out of school • failing to take care of family During the past 12 months, did you have any serious problems like these at work, school, or home because of your use of any prescription pain relievers?",,9
SUBSTANCE USE DISORDER,298,260,DPPRARGU,UDPRFMLYPRB,2,PN RLVR CAUSE ARGUMENTS/PROBS W/FAMILY/FRIENDS PST 12 MOS,"During the past 12 months, did you often have arguments or other problems with family or friends that were caused or made worse by your use of a prescription pain reliever?",,9
SUBSTANCE USE DISORDER,298,260,DPPRACNT,UDPRFMLYCTD,2,CONTD PN RLVR USE DESPITE PR CAUSE ARGUMENTS W/FAM/FRNDS,Did you continue to use any prescription pain relievers even though they often caused arguments or problems with family or friends?,,9
SUBSTANCE USE DISORDER,298,260,DPPRHURT,UDPRGETHURT,2,PN RLVR INCREASED CHANCE GETTING HURT PST 12 MOS,"During the past 12 months, did you repeatedly get into situations where using a prescription pain reliever increased your chances of getting physically hurt?",,9
SUBSTANCE USE DISORDER,298,260,DPPRWD_1,UDPRWDFLBLU,2,FEELING BLUE/DOWN - PN RLVR WITHDRAWAL SYMPTOM PST 12 MOS,"People may experience withdrawal symptoms when they use less or stop using prescription pain relievers. During the past 12 months, did you have the following withdrawal symptoms after you used less or stopped using any prescription pain relievers for a while? Feeling kind of blue or down",,9
SUBSTANCE USE DISORDER,299,261,DPPRWD_2,UDPRWDVOMIT,2,VOMITING/NAUSEOUS - PN RLVR WITHDRAWAL SYMPTOM PST 12 MOS,Vomiting or feeling nauseous,,9
SUBSTANCE USE DISORDER,299,261,DPPRWD_3,UDPRWDCRAMP,2,MUSCLE CRAMPS/ACHES - PN RLVR WITHDRAWAL SYMPTOM PST 12 MOS,Having cramps or muscle aches,,9
SUBSTANCE USE DISORDER,299,261,DPPRWD_4,UDPRWDRUNNY,2,TEARY EYES/RUNNY NOSE - PR WITHDRAWAL SYMPTOM PST 12 MOS,Having teary eyes or a runny nose,,9
SUBSTANCE USE DISORDER,299,261,DPPRWD_5,UDPRWDSWEAT,2,SWEATY/LRG PUPILS/HAIR STNDING UP-PR W/DRAWL SYMP PST 12 MOS,"Feeling sweaty, having enlarged eye pupils, or having body hair standing up on your skin",,9
SUBSTANCE USE DISORDER,300,262,DPPRWD_6,UDPRWDDIARR,2,HAVING DIARRHEA - PN RLVR WITHDRAWAL SYMPTOM PST 12 MOS,Having diarrhea,,9
SUBSTANCE USE DISORDER,300,262,DPPRWD_7,UDPRWDYAWNS,2,YAWNING - PN RLVR WITHDRAWAL SYMPTOM PST 12 MOS,Yawning,,9
SUBSTANCE USE DISORDER,300,262,DPPRWD_8,UDPRWDFEVER,2,HAVING FEVER - PN RLVR WITHDRAWAL SYMPTOM PST 12 MOS,Having a fever,,9
SUBSTANCE USE DISORDER,300,262,DPPRWD_9,UDPRWDSLEEP,2,HAVING TRBL SLEEPING - PN RLVR WITHDRAWAL SYMPTOM PST 12 MOS,Having trouble sleeping,,9
SUBSTANCE USE DISORDER,301,263,DPPROVER,UDPRAVOIDWD,2,USE PN RLVR TO GET OVER/AVOID PR WITHDRAWAL IN PST 12 MOS,"During the past 12 months, did you use any prescription pain relievers or other drugs to get over or avoid having prescription pain reliever withdrawal symptoms?",,9
SUBSTANCE USE DISORDER,301,263,DPPRUSE_1,UDPRAVWPNRL,2,USED PN RLVR TO GET OVER/AVOID PR WITHDRAWAL IN PST 12 MOS,Which of the following did you use to get over or avoid having prescription pain reliever withdrawal symptoms during the past 12 months? Prescription pain relievers,,12
SUBSTANCE USE DISORDER,301,263,DPPRUSE_2,UDPRAVWHERN,2,USED HEROIN TO GET OVER/AVOID PR WITHDRAWAL IN PST 12 MOS,Heroin,,10
SUBSTANCE USE DISORDER,301,263,DPPRUSE_3,UDPRAVWOTHR,2,USED SOMETHING ELSE TO GET OVR/AVD PR WITHDRAWAL PST 12 MOS,Something else,,10
SUBSTANCE USE DISORDER,302,264,DPTRFEEL,UDTRTIMEUSE,2,SPENT GREAT DEAL OF TIME USING/FEEL EFF OF TRN PST 12 MOS,"Think about your use of prescription tranquilizers during the past 12 months as you answer these next questions. During the past 12 months, did you spend a great deal of your time using any prescription tranquilizers, feeling their effects, or getting over the effects of any prescription tranquilizers?",,9
SUBSTANCE USE DISORDER,302,264,DPTRGET,UDTRTIMEGET,2,SPENT GREAT DEAL TIME TRY TO GET/GETTING TRN IN PST 12 MOS,"During the past 12 months, did you spend a great deal of your time getting or trying to get any prescription tranquilizers?",,10
SUBSTANCE USE DISORDER,302,264,DPTRLRGR,UDTRLRGAMTS,2,USED TRN LARGER AMTS OR LONGER TIME THAN MEANT TO PST 12 MOS,"During the past 12 months, were there many times when you ended up using any prescription tranquilizers in larger amounts or for a longer time than you meant to?",,9
SUBSTANCE USE DISORDER,302,264,DPTRBDLY,UDTRWANTBAD,2,WANTED TO USE TRN SO BADLY IN PAST 12 MOS,"During the past 12 months, were there times when you wanted to use any prescription tranquilizers so badly that you couldn't think of anything else?",,9
SUBSTANCE USE DISORDER,303,265,DPTRURGE,UDTRSTRURGE,2,STRONG URGE TO USE TRN IN PAST 12 MOS,"During the past 12 months, were there times when you had a strong urge to use any prescription tranquilizers?",,10
SUBSTANCE USE DISORDER,303,265,DPTRMORE,UDTRNEEDMOR,2,NEEDED A LOT MORE TRN TO GET FEELING YOU WANT,Do you need to use a lot more of any prescription tranquilizers than you used to in order to get the feeling you want?,,9
SUBSTANCE USE DISORDER,303,265,DPTRLESS,UDTRLESSEFF,2,SAME AMT TRN HAS LESS EFFECT THAN IT USED TO,Does using the same amount of any prescription tranquilizers have much less effect on you than it used to?,,10
SUBSTANCE USE DISORDER,303,265,DPTRSTOP,UDTRTRYSTOP,2,TRY TO CUT DOWN/STOP TRN USE IN PAST 12 MOS,"During the past 12 months, did you try to cut down or try to stop using any prescription tranquilizers?",,9
SUBSTANCE USE DISORDER,304,266,DPTRCANT,UDTRNOTSTOP,2,UNABLE TO CUT/STOP TRN MORE THAN ONE TIME PAST 12 MOS,Some people who use prescription tranquilizers try to cut down or stop but find they can’t. Was there more than one time in the past 12 months when you tried but were unable to cut down or stop using any prescription tranquilizers?,,10
SUBSTANCE USE DISORDER,304,266,DPTRWISH,UDTRWSHSTOP,2,OFTEN WISH CUT DOWN OR STOP TRN PAST 12 MOS,"In the past 12 months, did you often wish that you could cut down or stop using any prescription tranquilizers?",,10
SUBSTANCE USE DISORDER,304,266,DPTRPHYS,UDTRHLTHPRB,2,ANY LONG-LASTING PHYS PRBS CAUSED/WORSND BY TRN PST 12 MO,"During the past 12 months, did you have any long-lasting or repeated physical health problems that were caused or made worse by using a prescription tranquilizer?",,9
SUBSTANCE USE DISORDER,304,266,DPTRPCNT,UDTRHLTHCTD,2,CONTD TO USE TRN DESPITE TRN CAUSE/WORSEN PHYS PRBS,Did you continue to use any prescription tranquilizers even though they were causing long-lasting or repeated physical health problems or making your physical health problems worse?,,9
SUBSTANCE USE DISORDER,305,267,DPTRMNTL,UDTRMNTLPRB,2,ANY EMOT/MNTL HLTH PRBS CAUSED/WORSND BY TRN PAST 12 MOS,"During the past 12 months, did you have any long-lasting or repeated problems with emotions or mental health that were caused or made worse by using a prescription tranquilizer?",,10
SUBSTANCE USE DISORDER,305,267,DPTRMCNT,UDTRMNTLCTD,2,CONTD TRN DESPITE TRN CSE/WRSN EMOT/MNTL HLTH PRBS,Did you continue to use any prescription tranquilizers even though they were causing long-lasting or repeated problems with your emotions or mental health or making your emotions or mental health worse?,,9
SUBSTANCE USE DISORDER,305,267,DPTRACTV,UDTRSTOPACT,2,LESS ACTIVITIES B/C OF TRN USE PAST 12 MOS,"This question is about important activities such as: • Spending time with friends and family • Attending special events at work or school • Participating in hobbies and sports • Attending religious services and events During the past 12 months, did you give up or spend a lot less time doing any of these types of important activities because of your use of any prescription tranquilizers?",,9
SUBSTANCE USE DISORDER,306,268,DPTRSERI,UDTRWORKPRB,2,TRN CAUSE SERIOUS PRBS AT HOME/WORK/SCH PST 12 MOS,"Sometimes people who use prescription tranquilizers have serious problems at work, school, or home—such as: • missing a lot of work or school • getting demoted, having your hours cut, or losing a job • not being able to get a job or keep a job • getting suspended, expelled, or dropping out of school • failing to take care of family During the past 12 months, did you have any serious problems like these at work, school, or home because of your use of any prescription tranquilizers?",,9
SUBSTANCE USE DISORDER,306,268,DPTRARGU,UDTRFMLYPRB,2,TRN CAUSE ARGUMENTS/PROBS W/FAMILY/FRIENDS PST 12 MOS,"During the past 12 months, did you often have arguments or other problems with family or friends that were caused or made worse by your use of a prescription tranquilizer?",,9
SUBSTANCE USE DISORDER,306,268,DPTRACNT,UDTRFMLYCTD,2,CONTD TRN USE DESPITE TRN CAUSE ARGUMENTS W/FAM/FRNDS,Did you continue to use any prescription tranquilizers even though they often caused arguments or problems with family or friends?,,9
SUBSTANCE USE DISORDER,307,269,DPTRHURT,UDTRGETHURT,2,TRN USE INCREASED CHANCE GETTING HURT PST 12 MOS,"During the past 12 months, did you repeatedly get into situations where using a prescription tranquilizer increased your chances of getting physically hurt?",,9
SUBSTANCE USE DISORDER,307,269,DPTRWD_1,UDTRWDSWEAT,2,SWEATY/FAST HEARTBEAT - TRN WITHDRAWAL SYMPTOM PST 12 MO,"People may experience withdrawal symptoms when they use less or stop using prescription tranquilizers. During the past 12 months, did you have the following withdrawal symptoms after you used less or stopped using any prescription tranquilizers for a while? Sweating or feeling that your heart was beating fast",,9
SUBSTANCE USE DISORDER,307,269,DPTRWD_2,UDTRWDTRMBL,2,HANDS TREMBLE -TRN WITHDRAWAL SYMPTOM PST 12 MOS,Having your hands tremble,,9
SUBSTANCE USE DISORDER,307,269,DPTRWD_3,UDTRWDSLEEP,2,TROUBLE SLEEPING - TRN WITHDRAWAL SYMPTOM PST 12 MOS,Having trouble sleeping,,9
SUBSTANCE USE DISORDER,308,270,DPTRWD_4,UDTRWDVOMIT,2,VOMITING/UPSET STOMACH - TRN WITHDRAWAL SYMPTOM PST 12 MO,Vomiting or having an upset stomach,,9
SUBSTANCE USE DISORDER,308,270,DPTRWD_5,UDTRWDHALUC,2,SEE/HEAR/FEEL THINGS - TRN WITHDRAWAL SYMPTOM PST 12 MOS,"Seeing, hearing, or feeling things that weren't really there",,9
SUBSTANCE USE DISORDER,308,270,DPTRWD_6,UDTRWDSITST,2,COULDN'T SIT STILL - TRN WITHDRAWAL SYMPTOM PST 12 MOS,Feeling like you couldn't sit still,,9
SUBSTANCE USE DISORDER,308,270,DPTRWD_7,UDTRWDFLANX,2,FEELING ANXIOUS - TRN WITHDRAWAL SYMPTOM PST 12 MOS,Feeling anxious,,9
SUBSTANCE USE DISORDER,309,271,DPTROVER,UDTRAVOIDWD,2,USE TRN TO GET OVER/AVOID TRN WITHDRAWAL IN PST 12 MOS,"During the past 12 months, did you use any prescription tranquilizers or other drugs to get over or avoid having prescription tranquilizer withdrawal symptoms?",,9
SUBSTANCE USE DISORDER,309,271,DPTRUSE_1,UDTRAVWSVTR,2,USED TRN/SED TO GET OVER/AVOID TRN WITHDRWL IN PST 12 MOS,"Which of the following did you use to get over or avoid having prescription tranquilizer withdrawal symptoms during the past 12 months? Prescription tranquilizers, sedatives, downers, or sleeping pills",,9
SUBSTANCE USE DISORDER,309,271,DPTRUSE_2,UDTRAVWALCO,2,USED ALC TO GET OVER/AVOID TRN WITHDRAWAL IN PST 12 MOS,Alcohol,,9
SUBSTANCE USE DISORDER,309,271,DPTRUSE_3,UDTRAVWOTHR,2,USED SOMETHING ELSE TO GET OVR/AVD TRN WTHDRWAL PST 12 MOS,Something else,,9
SUBSTANCE USE DISORDER,310,272,DPSTFEEL,UDSTTIMEUSE,2,SPENT GREAT DEAL OF TIME USING/FEEL EFF OF STM PST 12 MOS,"Think about your use of prescription stimulants during the past 12 months as you answer these next questions. During the past 12 months, did you spend a great deal of your time using any prescription stimulants, feeling their effects, or getting over the effects of any prescription stimulants?",,9
SUBSTANCE USE DISORDER,310,272,DPSTGET,UDSTTIMEGET,2,SPENT GREAT DEAL TIME TRY TO GET/GETTING STM IN PST 12 MOS,"During the past 12 months, did you spend a great deal of your time getting or trying to get any prescription stimulants?",,10
SUBSTANCE USE DISORDER,310,272,DPSTLRGR,UDSTLRGAMTS,2,USE STM LARGER AMTS OR LONGER TIME THAN MEANT TO PST 12 MOS,"During the past 12 months, were there many times when you ended up using any prescription stimulants in larger amounts or for a longer time than you meant to?",,9
SUBSTANCE USE DISORDER,310,272,DPSTBDLY,UDSTWANTBAD,2,WANTED TO USE STM SO BADLY IN PAST 12 MOS,"During the past 12 months, were there times when you wanted to use any prescription stimulants so badly that you couldn't think of anything else?",,9
SUBSTANCE USE DISORDER,311,273,DPSTURGE,UDSTSTRURGE,2,STRONG URGE TO USE STM IN PAST 12 MOS,"During the past 12 months, were there times when you had a strong urge to use any prescription stimulants?",,10
SUBSTANCE USE DISORDER,311,273,DPSTMORE,UDSTNEEDMOR,2,NEEDED A LOT MORE STM TO GET FEELING YOU WANT,Do you need to use a lot more of any prescription stimulants than you used to in order to get the feeling you want?,,9
SUBSTANCE USE DISORDER,311,273,DPSTLESS,UDSTLESSEFF,2,SAME AMT STM HAS LESS EFFECT THAN IT USED TO,Does using the same amount of any prescription stimulants have much less effect on you than it used to?,,10
SUBSTANCE USE DISORDER,311,273,DPSTSTOP,UDSTTRYSTOP,2,TRY TO CUT DOWN/STOP STM USE IN PAST 12 MOS,"During the past 12 months, did you try to cut down or try to stop using any prescription stimulants?",,9
SUBSTANCE USE DISORDER,312,274,DPSTCANT,UDSTNOTSTOP,2,UNABLE TO CUT/STOP STM USE MORE THAN ONE TIME PAST 12 MOS,Some people who use prescription stimulants try to cut down or stop but find they can’t. Was there more than one time in the past 12 months when you tried but were unable to cut down or stop using any prescription stimulants?,,10
SUBSTANCE USE DISORDER,312,274,DPSTWISH,UDSTWSHSTOP,2,OFTEN WISH CUT DOWN OR STOP STM USE PAST 12 MOS,"In the past 12 months, did you often wish that you could cut down or stop using any prescription stimulants?",,10
SUBSTANCE USE DISORDER,312,274,DPSTPHYS,UDSTHLTHPRB,2,ANY LONG-LASTING PHYS PRBS CAUSED/WORSND BY STM PST 12 MOS,"During the past 12 months, did you have any long-lasting or repeated physical health problems that were caused or made worse by using a prescription stimulant?",,9
SUBSTANCE USE DISORDER,312,274,DPSTPCNT,UDSTHLTHCTD,2,CONTD TO USE STM DESPITE STM CAUSE/WORSEN PHYS PRBS,Did you continue to use any prescription stimulants even though they were causing long-lasting or repeated physical health problems or making your physical health problems worse?,,9
SUBSTANCE USE DISORDER,313,275,DPSTMNTL,UDSTMNTLPRB,2,ANY EMOT/MNTL HLTH PRBS CAUSED/WORSND BY STM PAST 12 MOS,"During the past 12 months, did you have any long-lasting or repeated problems with emotions or mental health that were caused or made worse by using a prescription stimulant?",,10
SUBSTANCE USE DISORDER,313,275,DPSTMCNT,UDSTMNTLCTD,2,CONTD STM USE DESPITE STM CSE/WRSN EMOT/MNTL HLTH PRBS,Did you continue to use any prescription stimulants even though they were causing long-lasting or repeated problems with your emotions or mental health or making your emotions or mental health worse?,,8
SUBSTANCE USE DISORDER,313,275,DPSTACTV,UDSTSTOPACT,2,LESS ACTIVITIES B/C OF STM USE PAST 12 MOS,"This question is about important activities such as: • Spending time with friends and family • Attending special events at work or school • Participating in hobbies and sports • Attending religious services and events During the past 12 months, did you give up or spend a lot less time doing any of these types of important activities because of your use of any prescription stimulants?",,9
SUBSTANCE USE DISORDER,314,276,DPSTSERI,UDSTWORKPRB,2,STM CAUSE SERIOUS PRBS AT HOME/WORK/SCH PST 12 MOS,"Sometimes people who use prescription stimulants have serious problems at work, school, or home—such as: • missing a lot of work or school • getting demoted, having your hours cut, or losing a job • not being able to get a job or keep a job • getting suspended, expelled, or dropping out of school • failing to take care of family During the past 12 months, did you have any serious problems like these at work, school, or home because of your use of any prescription stimulants?",,9
SUBSTANCE USE DISORDER,314,276,DPSTARGU,UDSTFMLYPRB,2,STM CAUSE ARGUMENTS/PROBS W/FAMILY/FRIENDS PST 12 MOS,"During the past 12 months, did you often have arguments or other problems with family or friends that were caused or made worse by your use of a prescription stimulant?",,9
SUBSTANCE USE DISORDER,314,276,DPSTACNT,UDSTFMLYCTD,2,CONTD STM DESPITE STM CAUSE ARGUMENTS W/FAM/FRNDS,Did you continue to use any prescription stimulants even though they often caused arguments or problems with family or friends?,,9
SUBSTANCE USE DISORDER,315,277,DPSTHURT,UDSTGETHURT,2,STM INCREASED CHANCE GETTING HURT PST 12 MOS,"During the past 12 months, did you repeatedly get into situations where using a prescription stimulant increased your chances of getting physically hurt?",,9
SUBSTANCE USE DISORDER,315,277,DPSTBLUE,UDSTWDFLBLU,2,FELT BLUE OR DOWN AFTER USING LESS OR STOPPING STM,"People may experience withdrawal symptoms when they use less or stop using prescription stimulants. During the past 12 months, have you felt kind of blue or down after you used less or stopped using any prescription stimulants for a while?",,9
SUBSTANCE USE DISORDER,315,277,DPSTWD_1,UDSTWDTIRED,2,FEELING TIRED/EXHAUSTED - STM WITHDRAWAL SYMPTOM PST 12 MOS,"During the past 12 months, did you have the following withdrawal symptoms after you used less or stopped using prescription stimulants for a while? Feeling tired or exhausted",,9
SUBSTANCE USE DISORDER,315,277,DPSTWD_2,UDSTWDDREAM,2,HAVING BAD DREAMS - STM WITHDRAWAL SYMPTOM PST 12 MOS,Having bad dreams,,10
SUBSTANCE USE DISORDER,316,278,DPSTWD_3,UDSTWDSLEEP,2,TROUBLE/MORE SLEEPING - STM WITHDRAWAL SYMPTOM PST 12 MOS,Having trouble sleeping or sleeping more than you normally do,,9
SUBSTANCE USE DISORDER,316,278,DPSTWD_4,UDSTWDHNGRY,2,FEELING HUNGRY - STM WITHDRAWAL SYMPTOM PST 12 MOS,Feeling hungry more often,,9
SUBSTANCE USE DISORDER,316,278,DPSTWD_5,UDSTWDSITST,2,FEELING SLOWED DOWN/ - STM W/DRAWL SYMPTOM PST 12 MOS,Feeling either very slowed down or like you couldn’t sit still,,10
SUBSTANCE USE DISORDER,316,278,DPSTOVER,UDSTAVOIDWD,2,USE STM TO GET OVER/AVOID STM WITHDRAWAL IN PST 12 MOS,"During the past 12 months, did you use any prescription stimulants or other drugs to get over or avoid having prescription stimulant withdrawal symptoms?",,9
SUBSTANCE USE DISORDER,317,279,DPSTUSE_1,UDSTAVWSTIM,2,USED STM TO GET OVER/AVOID STM WITHDRAWAL IN PST 12 MOS,Which of the following did you use to get over or avoid having prescription stimulant withdrawal symptoms during the past 12 months? Prescription stimulants or uppers,,9
SUBSTANCE USE DISORDER,317,279,DPSTUSE_2,UDSTAVWCOCN,2,USED COC/CRK TO GET OVER/AVOID STM WITHDRAWAL IN PST 12 MOS,Cocaine or crack,,9
SUBSTANCE USE DISORDER,317,279,DPSTUSE_3,UDSTAVWMETH,2,USED METH TO GET OVER/AVOID STM WITHDRAWAL IN PST 12 MOS,Methamphetamine,,10
SUBSTANCE USE DISORDER,317,279,DPSTUSE_4,UDSTAVWOTHR,2,USED SOMETHING ELSE TO GET OVR/AVD STM WITHDRAWAL PST 12 MOS,Something else,,9
SUBSTANCE USE DISORDER,318,280,DPSVFEEL,UDSVTIMEUSE,2,SPENT GREAT DEAL OF TIME USING/FEEL EFF OF SED PST 12 MOS,"Think about your use of prescription sedatives during the past 12 months as you answer these next questions. During the past 12 months, did you spend a great deal of your time using any prescription sedatives, feeling their effects, or getting over the effects of any prescription sedatives?",,9
SUBSTANCE USE DISORDER,318,280,DPSVGET,UDSVTIMEGET,2,SPENT GREAT DEAL TIME TRY TO GET/GETTING SED IN PST 12 MOS,"During the past 12 months, did you spend a great deal of your time getting or trying to get any prescription sedatives?",,10
SUBSTANCE USE DISORDER,318,280,DPSVLRGR,UDSVLRGAMTS,2,USED SED LARGER AMTS OR LONGER TIME THAN MEANT TO PST 12 MOS,"During the past 12 months, were there many times when you ended up using any prescription sedatives in larger amounts or for a longer time than you meant to?",,9
SUBSTANCE USE DISORDER,318,280,DPSVBDLY,UDSVWANTBAD,2,WANTED TO USE SED SO BADLY IN PAST 12 MOS,"During the past 12 months, were there times when you wanted to use any prescription sedatives so badly that you couldn't think of anything else?",,9
SUBSTANCE USE DISORDER,319,281,DPSVURGE,UDSVSTRURGE,2,STRONG URGE TO USE SED IN PAST 12 MOS,"During the past 12 months, were there times when you had a strong urge to use any prescription sedatives?",,10
SUBSTANCE USE DISORDER,319,281,DPSVMORE,UDSVNEEDMOR,2,NEEDED A LOT MORE SED TO GET FEELING YOU WANT,Do you need to use a lot more of any prescription sedatives than you used to in order to get the feeling you want?,,9
SUBSTANCE USE DISORDER,319,281,DPSVLESS,UDSVLESSEFF,2,SAME AMT SED HAS LESS EFFECT THAN IT USED TO,Does using the same amount of any prescription sedatives have much less effect on you than it used to?,,10
SUBSTANCE USE DISORDER,319,281,DPSVSTOP,UDSVTRYSTOP,2,TRY TO CUT DOWN/STOP SED USE IN PAST 12 MOS,"During the past 12 months, did you try to cut down or try to stop using any prescription sedatives?",,9
SUBSTANCE USE DISORDER,320,282,DPSVCANT,UDSVNOTSTOP,2,UNABLE TO CUT/STOP SED MORE THAN ONE TIME PAST 12 MOS,Some people who use prescription sedatives try to cut down or stop but find they can’t. Was there more than one time in the past 12 months when you tried but were unable to cut down or stop using any prescription sedatives?,,10
SUBSTANCE USE DISORDER,320,282,DPSVWISH,UDSVWSHSTOP,2,OFTEN WISH CUT DOWN OR STOP SED USE PAST 12 MOS,"In the past 12 months, did you often wish that you could cut down or stop using any prescription sedatives?",,10
SUBSTANCE USE DISORDER,320,282,DPSVPHYS,UDSVHLTHPRB,2,ANY LONG-LASTING PHYS PRBS CAUSED/WORSND BY SED PST 12 MO,"During the past 12 months, did you have any long-lasting or repeated physical health problems that were caused or made worse by using a prescription sedative?",,9
SUBSTANCE USE DISORDER,320,282,DPSVPCNT,UDSVHLTHCTD,2,CONTD TO USE SED DESPITE SED CAUSE/WORSEN PHYS PRBS,Did you continue to use any prescription sedatives even though they were causing long-lasting or repeated physical health problems or making your physical health problems worse?,,9
SUBSTANCE USE DISORDER,321,283,DPSVMNTL,UDSVMNTLPRB,2,ANY EMOT/MNTL HLTH PRBS CAUSED/WORSND BY SED PAST 12 MOS,"During the past 12 months, did you have any long-lasting or repeated problems with emotions or mental health that were caused or made worse by using a prescription sedative?",,10
SUBSTANCE USE DISORDER,321,283,DPSVMCNT,UDSVMNTLCTD,2,CONTD SED USE DESPITE SED CSE/WRSN EMOT/MNTL HLTH PRBS,Did you continue to use any prescription sedatives even though they were causing long-lasting or repeated problems with your emotions or mental health or making your emotions or mental health worse?,,9
SUBSTANCE USE DISORDER,321,283,DPSVACTV,UDSVSTOPACT,2,LESS ACTIVITIES B/C OF SED USE PAST 12 MOS,"This question is about important activities such as: • Spending time with friends and family • Attending special events at work or school • Participating in hobbies and sports • Attending religious services and events During the past 12 months, did you give up or spend a lot less time doing any of these types of important activities because of your use of any prescription sedatives?",,9
SUBSTANCE USE DISORDER,322,284,DPSVSERI,UDSVWORKPRB,2,SED CAUSE SERIOUS PRBS AT HOME/WORK/SCH PST 12 MOS,"Sometimes people who use prescription sedatives have serious problems at work, school, or home—such as: • missing a lot of work or school • getting demoted, having your hours cut, or losing a job • not being able to get a job or keep a job • getting suspended, expelled, or dropping out of school • failing to take care of family During the past 12 months, did you have any serious problems like these at work, school, or home because of your use of any prescription sedatives?",,9
SUBSTANCE USE DISORDER,322,284,DPSVARGU,UDSVFMLYPRB,2,SED CAUSE ARGUMENTS/PROBS W/FAMILY/FRIENDS PST 12 MOS,"During the past 12 months, did you often have arguments or other problems with family or friends that were caused or made worse by your use of a prescription sedative?",,9
SUBSTANCE USE DISORDER,322,284,DPSVACNT,UDSVFMLYCTD,2,CONTD SED DESPITE SED CAUSE ARGUMENTS W/FAM/FRNDS,Did you continue to use any prescription sedatives even though they often caused arguments or problems with family or friends?,,10
SUBSTANCE USE DISORDER,323,285,DPSVHURT,UDSVGETHURT,2,SED INCREASED CHANCE GETTING HURT PST 12 MOS,"During the past 12 months, did you repeatedly get into situations where using a prescription sedative increased your chances of getting physically hurt?",,9
SUBSTANCE USE DISORDER,323,285,DPSVWD_1,UDSVWDSWEAT,2,SWEATY/FAST HEARTBEAT - SED WITHDRAWAL SYMPTOM PST 12 MOS,"People may experience withdrawal symptoms when they use less or stop using prescription sedatives. During the past 12 months, did you have the following withdrawal symptoms after you used less or stopped using any prescription sedatives for a while? Sweating or feeling that your heart was beating fast",,9
SUBSTANCE USE DISORDER,323,285,DPSVWD_2,UDSVWDTRMBL,2,HANDS TREMBLE - SED WITHDRAWAL SYMPTOM PST 12 MOS,Having your hands tremble,,9
SUBSTANCE USE DISORDER,323,285,DPSVWD_3,UDSVWDSLEEP,2,TROUBLE SLEEPING - SED WITHDRAWAL SYMPTOM PST 12 MOS,Having trouble sleeping,,9
SUBSTANCE USE DISORDER,324,286,DPSVWD_4,UDSVWDVOMIT,2,VOMITING/UPSET STOMACH - SED WITHDRAWAL SYMPTOM PST 12 MOS,Vomiting or having an upset stomach,,9
SUBSTANCE USE DISORDER,324,286,DPSVWD_5,UDSVWDHALUC,2,SEE/HEAR/FEEL THINGS - SED WITHDRAWAL SYMPTOM PST 12 MOS,"Seeing, hearing, or feeling things that weren't really there",,9
SUBSTANCE USE DISORDER,324,286,DPSVWD_6,UDSVWDSITST,2,COULDN'T SIT STILL - SED WITHDRAWAL SYMPTOM PST 12 MOS,Feeling like you couldn't sit still,,9
SUBSTANCE USE DISORDER,324,286,DPSVWD_7,UDSVWDFLANX,2,FEELING ANXIOUS - SED WITHDRAWAL SYMPTOM PST 12 MOS,Feeling anxious,,9
SUBSTANCE USE DISORDER,325,287,DPSVOVER,UDSVAVOIDWD,2,USE SED TO GET OVER/AVOID SED WITHDRAWAL IN PST 12 MOS,"During the past 12 months, did you use any prescription sedatives or other drugs to get over or avoid having prescription sedative withdrawal symptoms?",,9
SUBSTANCE USE DISORDER,325,287,DPSVUSE_1,UDSVAVWSVTR,2,USED SED/TR TO GET OVER/AVOID SED WITHDRWL IN PST 12 MOS,"Which of the following did you use to get over or avoid having prescription sedative withdrawal symptoms during the past 12 months? Prescription sedatives, tranquilizers, sleeping pills, or downers",,11
SUBSTANCE USE DISORDER,325,287,DPSVUSE_2,UDSVAVWALCO,2,USED ALC TO GET OVER/AVOID SED WITHDRAWAL IN PST 12 MOS,Alcohol,,10
SUBSTANCE USE DISORDER,325,287,DPSVUSE_3,UDSVAVWOTHR,2,USED SOMETHING ELSE TO GET OVR/AVD SED WITHDRAWAL PST 12 MOS,Something else,,10
SUBSTANCE USE DISORDER,326,288,,PYUD5ALC,2,ALCOHOL USE DISORDER IN THE PAST YEAR,"The next set of variables are substance use disorder measures for alcohol and drugs and are based on the criteria in the Diagnostic and Statistical Manual of Mental Disorders, 5th edition. Drugs include marijuana, cocaine, heroin, hallucinogens, inhalants, methamphetamine, and the use of prescription psychotherapeutic drugs (i.e., pain relievers, tranquilizers, stimulants, and sedatives). These variables include missing values, while the imputation-revised versions of these variables in which missing values are replaced with valid response categories are described in the ""Imputed Substance Use Disorder"" section.The construction of all SUD variables is described in more detail in the Nicotine Dependence and Substance Use Disorder appendix. NOTE: Respondents who reported past year alcohol use but indicated use of alcohol on 5 or fewer days in the past year were not asked the questions on alcohol use disorder. However, respondents who reported past year alcohol use and had a missing value for the number of days they used alcohol in the past year were asked the questions on alcohol use disorder. Therefore, it is possible for a respondent to have used alcohol on 5 or fewer days in the past year according to IRALCFY but to be classified as having a past year substance use disorder of alcohol. (ALCYR, UDALAVWALCO, UDALAVWOTHR, UDALAVWSVTR, UDALBLCKCTD, UDALFMLYCTD, UDALFMLYPRB, UDALGETHURT, UDALHLTHCTD, UDALLESSEFF, UDALLRGAMTS, UDALMNTLCTD, UDALNEEDMOR, UDALNOTSTOP, UDALSTOPACT, UDALSTRURGE, UDALTIMEGET, UDALTIMEUSE, UDALWANTBAD, UDALWDFLANX, UDALWDHALUC, UDALWDSITST, UDALWDSLEEP, UDALWDSWEAT, UDALWDTRMBL, UDALWDVOMIT, UDALWORKPRB, UDALWSHSTOP)","NOTE: Respondents who reported past year marijuana use but indicated use of marijuana on 5 or fewer days in the past year were not asked the questions on marijuana use disorder. However, respondents who reported past year marijuana use and had a missing value for the number of days they used marijuana in the past year were asked the questions on marijuana use disorder. Therefore, it is possible for a respondent to have used marijuana on 5 or fewer days in the past year according to IRMJFY but to be classified as having a past year substance use disorder of marijuana. (MRJYR, UDMJAVWMARJ, UDMJAVWOTHR, UDMJFMLYCTD, UDMJFMLYPRB, UDMJGETHURT, UDMJHLTHCTD, UDMJLESSEFF, UDMJLRGAMTS, UDMJMNTLCTD, UDMJNEEDMOR, UDMJNOTSTOP, UDMJSTOPACT, UDMJSTRURGE, UDMJTIMEGET, UDMJTIMEUSE, UDMJWANTBAD, UDMJWDANGRY, UDMJWDAPPET, UDMJWDCHILL, UDMJWDDEPRS"", UDMJWDFEVER, UDMJWDFLANX, UDMJWDHEDAC, UDMJWDSHAKE, UDMJWDSITST, UDMJWDSLEEP, UDMJWDSTMCH, UDMJWDSWEAT, UDMJWORKPRB, UDMJWSHSTOP)",5
SUBSTANCE USE DISORDER,326,288,,PYUD5MRJ,2,MARIJUANA USE DISORDER IN THE PAST YEAR,,"NOTE: Respondents who reported lifetime but not past year use of cocaine, but were past year users of cocaine according to the variable CONDLREC, were asked the questions on cocaine use disorder. Because the editing and imputation procedures for cocaine recency do not incorporate CONDLREC, it is possible for a respondent to be a lifetime but not a past year user of cocaine according to IRCOCRC, but to be classified as having past year substance use disorder of cocaine. The few respondents who were lifetime but not past year users of cocaine according to IRCOCRC but were missing for CONDLREC were considered past year nonusers. (COCYR, CONDLREC, UDCCAVWCOCN, UDCCAVWMETH, UDCCAVWOTHR, UDCCAVWSTIM, UDCCFMLYCTD, UDCCFMLYPRB, UDCCGETHURT, UDCCHLTHCTD, UDCCLESSEFF, UDCCLRGAMTS, UDCCMNTLCTD, UDCCNEEDMOR, UDCCNOTSTOP, UDCCSTOPACT, UDCCSTRURGE, UDCCTIMEGET, UDCCTIMEUSE, UDCCWANTBAD, UDCCWDDREAM, UDCCWDFLBLU, UDCCWDHNGRY, UDCCWDSITST, UDCCWDSLEEP, UDCCWDTIRED, UDCCWORKPRB, UDCCWSHSTOP)",5
SUBSTANCE USE DISORDER,326,288,,PYUD5COC,2,COCAINE USE DISORDER IN THE PAST YEAR,,"NOTE: Respondents who reported lifetime but not past year use of heroin, but were past year users of heroin according to the variables HRNDLREC, HRSMKREC, or HRSNFREC were asked the questions on heroin use disorder. Because the editing and imputation procedures for heroin recency do not incorporate HRNDLREC, HRSMKREC, or HRSNFREC, it is possible for a respondent to be a lifetime but not a past year user of heroin according to IRHERRC, but to be classified as having past year substance use disorder of heroin. The few respondents who were lifetime but not past year users of heroin according to IRHERRC but were missing for HRNDLREC, HRSMKREC, or HRSNFREC were considered past year nonusers. (HERYR, HRNDLREC, HRSMKREC, HRSNFREC, UDHEAVWHERN, UDHEAVWOTHR, UDHEAVWPNRL, UDHEFMLYCTD, UDHEFMLYPRB, UDHEGETHURT, UDHEHLTHCTD, UDHELESSEFF, UDHELRGAMTS, UDHEMNTLCTD, UDHENEEDMOR, UDHENOTSTOP, UDHESTOPACT, UDHESTRURGE, UDHETIMEGET, UDHETIMEUSE, UDHEWANTBAD, UDHEWDCRAMP, UDHEWDDIARR, UDHEWDFEVER, UDHEWDFLBLU, UDHEWDRUNNY, UDHEWDSLEEP, UDHEWDSWEAT, UDHEWDVOMIT, UDHEWDYAWNS, UDHEWORKPRB, UDHEWSHSTOP)",5
SUBSTANCE USE DISORDER,327,289,,PYUD5HER,2,HEROIN USE DISORDER IN THE PAST YEAR,,,5
SUBSTANCE USE DISORDER,327,289,,PYUD5HAL,2,HALLUCINOGEN USE DISORDER IN THE PAST YEAR,"(HALLUCYR, UDHAFMLYCTD, UDHAFMLYPRB, UDHAGETHURT, UDHAHLTHCTD, UDHALESSEFF, UDHALRGAMTS, UDHAMNTLCTD, UDHANEEDMOR, UDHANOTSTOP, UDHASTOPACT, UDHASTRURGE, UDHATIMEGET, UDHATIMEUSE, UDHAWANTBAD, UDHAWORKPRB, UDHAWSHSTOP)",,5
SUBSTANCE USE DISORDER,327,289,,PYUD5INH,2,INHALANT USE DISORDER IN THE PAST YEAR,"(INHALYR, UDINFMLYCTD, UDINFMLYPRB, UDINGETHURT, UDINHLTHCTD, UDINLESSEFF, UDINLRGAMTS, UDINMNTLCTD, UDINNEEDMOR, UDINNOTSTOP, UDINSTOPACT, UDINSTRURGE, UDINTIMEGET, UDINTIMEUSE, UDINWANTBAD, UDINWORKPRB, UDINWSHSTOP)","NOTE: Respondents who reported lifetime but not past year use of methamphetamine, but were past year users of methamphetamine according to the variable METHNDLRC, were asked the questions on methamphetamine use disorder. Because the editing and imputation procedures for methamphetamine recency do not incorporate METHNDLRC, it is possible for a respondent to be a lifetime but not a past year user of methamphetamine according to IRMETHAMREC, but to be classified as having past year substance use disorder of methamphetamine. The few respondents who were lifetime but not past year users of methamphetamine according to IRMETHAMREC but were missing for METHNDLRC were considered past year nonusers. (METHAMYR, METHNDLRC, UDMEAVWCOCN, UDMEAVWMETH, UDMEAVWOTHR, UDMEAVWSTIM, UDMEFMLYCTD, UDMEFMLYPRB, UDMEGETHURT, UDMEHLTHCTD, UDMELESSEFF, UDMELRGAMTS, UDMEMNTLCTD, UDMENEEDMOR, UDMENOTSTOP, UDMESTOPACT, UDMESTRURGE, UDMETIMEGET, UDMETIMEUSE, UDMEWANTBAD, UDMEWDDREAM, UDMEWDFLBLU, UDMEWDHNGRY, UDMEWDSITST, UDMEWDSLEEP, UDMEWDTIRED, UDMEWORKPRB, UDMEWSHSTOP)",5
SUBSTANCE USE DISORDER,327,289,,PYUD5MTH,2,METHAMPHETAMINE USE DISORDER IN THE PAST YEAR,,"NOTE: EDUD5PNRMIS was created using the DSM-5 based SUD variables that do not include use disorder data from past year users but not misusers of prescription pain relievers. (PNRNMYR, UDPRAVWHERN, UDPRAVWOTHR, UDPRAVWPNRL, UDPRFMLYCTD, UDPRFMLYPRB, UDPRGETHURT, UDPRHLTHCTD, UDPRLESSEFF, UDPRLRGAMTS, UDPRMNTLCTD, UDPRNEEDMOR, UDPRNOTSTOP, UDPRSTOPACT, UDPRSTRURGE, UDPRTIMEGET, UDPRTIMEUSE, UDPRWANTBAD, UDPRWDCRAMP, UDPRWDDIARR, UDPRWDFEVER, UDPRWDFLBLU, UDPRWDRUNNY, UDPRWDSLEEP, UDPRWDSWEAT, UDPRWDVOMIT, UDPRWDYAWNS, UDPRWORKPRB, UDPRWSHSTOP)",5
SUBSTANCE USE DISORDER,328,290,,EDUD5PNRMIS,2,"PAIN RELIEVER USE DISORDER, PY MISUSERS",,"NOTE: EDUD5PNRUNM was created using the DSM-5 based SUD variables that do not include use disorder data from past year misusers of prescription pain relievers. (PNRANYYR, PNRNMYR, UDPRFMLYCTD, UDPRFMLYPRB, UDPRGETHURT, UDPRHLTHCTD, UDPRLRGAMTS, UDPRMNTLCTD, UDPRNOTSTOP, UDPRSTOPACT, UDPRSTRURGE, UDPRTIMEGET, UDPRTIMEUSE, UDPRWANTBAD, UDPRWORKPRB, UDPRWSHSTOP)",5
SUBSTANCE USE DISORDER,328,290,,EDUD5PNRUNM,2,"PAIN RELIEVER USE DISORDER, PY USERS BUT NOT MISUSERS",,"NOTE: EDUD5TRQMIS was created using the DSM-5 based SUD variables that do not include use disorder data from past year users but not misusers of prescription tranquilizers. (TRQNMYR, UDTRAVWALCO, UDTRAVWOTHR, UDTRAVWSVTR, UDTRFMLYCTD, UDTRFMLYPRB, UDTRGETHURT, UDTRHLTHCTD, UDTRLESSEFF, UDTRLRGAMTS, UDTRMNTLCTD, UDTRNEEDMOR, UDTRNOTSTOP, UDTRSTOPACT, UDTRSTRURGE, UDTRTIMEGET, UDTRTIMEUSE, UDTRWANTBAD, UDTRWDFLANX, UDTRWDHALUC, UDTRWDSITST, UDTRWDSLEEP, UDTRWDSWEAT, UDTRWDTRMBL, UDTRWDVOMIT, UDTRWORKPRB, UDTRWSHSTOP)",5
SUBSTANCE USE DISORDER,328,290,,EDUD5TRQMIS,2,"TRANQUILIZER USE DISORDER, PY MISUSERS",,"NOTE: EDUD5TRQUNM was created using the DSM-5 based SUD variables that do not include use disorder data from past year misusers of prescription tranquilizers. (TRQANYYR, TRQNMYR, UDTRFMLYCTD, UDTRFMLYPRB, UDTRGETHURT, UDTRHLTHCTD, UDTRLRGAMTS, UDTRMNTLCTD, UDTRNOTSTOP, UDTRSTOPACT, UDTRSTRURGE, UDTRTIMEGET, UDTRTIMEUSE, UDTRWANTBAD, UDTRWORKPRB, UDTRWSHSTOP)",5
SUBSTANCE USE DISORDER,328,290,,EDUD5TRQUNM,2,"TRANQUILIZER USE DISORDER, PY USERS BUT NOT MISUSERS",,"NOTE: EDUD5STMMIS was created using the DSM-5 based SUD variables that do not include use disorder data from past year users but not misusers of prescription stimulants. (STMNMYR, UDSTAVWCOCN, UDSTAVWMETH, UDSTAVWOTHR, UDSTAVWSTIM, UDSTFMLYCTD, UDSTFMLYPRB, UDSTGETHURT, UDSTHLTHCTD, UDSTLESSEFF, UDSTLRGAMTS, UDSTMNTLCTD, UDSTNEEDMOR, UDSTNOTSTOP, UDSTSTOPACT, UDSTSTRURGE, UDSTTIMEGET, UDSTTIMEUSE, UDSTWANTBAD, UDSTWDDREAM, UDSTWDFLBLU, UDSTWDHNGRY, UDSTWDSITST, UDSTWDSLEEP, UDSTWDTIRED, UDSTWORKPRB, UDSTWSHSTOP)",5
SUBSTANCE USE DISORDER,329,291,,EDUD5STMMIS,2,"STIMULANT USE DISORDER, PY MISUSERS",,"NOTE: EDUD5STMUNM was created using the DSM-5 based SUD variables that do not include use disorder data from past year misusers of prescription stimulants. (STMANYYR, STMNMYR, UDSTFMLYCTD, UDSTFMLYPRB, UDSTGETHURT, UDSTHLTHCTD, UDSTLRGAMTS, UDSTMNTLCTD, UDSTNOTSTOP, UDSTSTOPACT, UDSTSTRURGE, UDSTTIMEGET, UDSTTIMEUSE, UDSTWANTBAD, UDSTWORKPRB, UDSTWSHSTOP)",5
SUBSTANCE USE DISORDER,329,291,,EDUD5STMUNM,2,"STIMULANT USE DISORDER, PY USERS BUT NOT MISUSERS",,"NOTE: EDUD5SEDMIS was created using the DSM-5 based SUD variables that do not include use disorder data from past year users but not misusers of prescription sedatives. (SEDNMYR, UDSVAVWALCO, UDSVAVWOTHR, UDSVAVWSVTR, UDSVFMLYCTD, UDSVFMLYPRB, UDSVGETHURT, UDSVHLTHCTD, UDSVLESSEFF, UDSVLRGAMTS, UDSVMNTLCTD, UDSVNEEDMOR, UDSVNOTSTOP, UDSVSTOPACT, UDSVSTRURGE, UDSVTIMEGET, UDSVTIMEUSE, UDSVWANTBAD, UDSVWDFLANX, UDSVWDHALUC, UDSVWDSITST, UDSVWDSLEEP, UDSVWDSWEAT, UDSVWDTRMBL, UDSVWDVOMIT, UDSVWORKPRB, UDSVWSHSTOP)",5
SUBSTANCE USE DISORDER,329,291,,EDUD5SEDMIS,2,"SEDATIVE USE DISORDER, PY MISUSERS",,"NOTE: EDUD5SEDUNM was created using the DSM-5 based SUD variables that do not include use disorder data from past year misusers of prescription sedatives. (SEDANYYR, SEDNMYR, UDSVFMLYCTD, UDSVFMLYPRB, UDSVGETHURT, UDSVHLTHCTD, UDSVLRGAMTS, UDSVMNTLCTD, UDSVNOTSTOP, UDSVSTOPACT, UDSVSTRURGE, UDSVTIMEGET, UDSVTIMEUSE, UDSVWANTBAD, UDSVWORKPRB, UDSVWSHSTOP)",5
SUBSTANCE USE DISORDER,329,291,,EDUD5SEDUNM,2,"SEDATIVE USE DISORDER, PY USERS BUT NOT MISUSERS",,,5
IMPUTED SUBSTANCE USE DISORDER,330,292,PYUD5ALC,IRPYUD5ALC,1,ALCOHOL USE DISORDER IN THE PAST YEAR - IMP REV,"The next set of variables are imputation-revised substance use disorder measures for alcohol and drugs and are based on the criteria in the Diagnostic and Statistical Manual of Mental Disorders, 5th edition. Drugs include marijuana, cocaine, heroin, hallucinogens, inhalants, methamphetamine, and the use of prescription psychotherapeutic drugs (i.e., pain relievers, tranquilizers, stimulants, and sedatives). The construction of all SUD variables is described in more detail in the Nicotine Dependence and Substance Use Disorder appendix. NOTE: Respondents who reported past year alcohol use but indicated use of alcohol on 5 or fewer days in the past year were not asked the questions on alcohol use disorder. However, respondents who reported past year alcohol use and had a missing value for the number of days they used alcohol in the past year were asked the questions on alcohol use disorder. Therefore, it is possible for a respondent to have used alcohol on 5 or fewer days in the past year according to IRALCFY but to be classified as having a past year substance use disorder of alcohol.",,2
IMPUTED SUBSTANCE USE DISORDER,330,292,PYUD5ALC,IIPYUD5ALC,1,ALCOHOL USE DISORDER IN THE PAST YEAR - IMP IND,,"NOTE: Respondents who reported past year marijuana use but indicated use of marijuana on 5 or fewer days in the past year were not asked the questions on marijuana use disorder. However, respondents who reported past year marijuana use and had a missing value for the number of days they used marijuana in the past year were asked the questions on marijuana use disorder. Therefore, it is possible for a respondent to have used marijuana on 5 or fewer days in the past year according to IRMJFY but to be classified as having a past year substance use disorder of marijuana.",3
IMPUTED SUBSTANCE USE DISORDER,330,292,PYUD5MRJ,IRPYUD5MRJ,1,MARIJUANA USE DISORDER IN THE PAST YEAR - IMP REV,,,2
IMPUTED SUBSTANCE USE DISORDER,330,292,PYUD5MRJ,IIPYUD5MRJ,1,MARIJUANA USE DISORDER IN THE PAST YEAR - IMP IND,,"NOTE: Respondents who reported lifetime but not past year use of cocaine, but were past year users of cocaine according to the variable CONDLREC, were asked the questions on cocaine use disorder. Because the editing and imputation procedures for cocaine recency do not incorporate CONDLREC, it is possible for a respondent to be a lifetime but not a past year user of cocaine according to IRCOCRC, but to be classified as having past year substance use disorder of cocaine. The few respondents who were lifetime but not past year users of cocaine according to IRCOCRC but were missing for CONDLREC were considered past year nonusers.",3
IMPUTED SUBSTANCE USE DISORDER,330,292,PYUD5COC,IRPYUD5COC,1,COCAINE USE DISORDER IN THE PAST YEAR - IMP REV,,,2
IMPUTED SUBSTANCE USE DISORDER,330,292,PYUD5COC,IIPYUD5COC,1,COCAINE USE DISORDER IN THE PAST YEAR - IMP IND,,"NOTE: Respondents who reported lifetime but not past year use of heroin, but were past year users of heroin according to the variables HRNDLREC, HRSMKREC, or HRSNFREC were asked the questions on heroin use disorder. Because the editing and imputation procedures for heroin recency do not incorporate HRNDLREC, HRSMKREC, or HRSNFREC, it is possible for a respondent to be a lifetime but not a past year user of heroin according to IRHERRC, but to be classified as having past year substance use disorder of heroin. The few respondents who were lifetime but not past year users of heroin according to IRHERRC but were missing for HRNDLREC, HRSMKREC, or HRSNFREC were considered past year nonusers.",3
IMPUTED SUBSTANCE USE DISORDER,331,293,PYUD5HER,IRPYUD5HER,1,HEROIN USE DISORDER IN THE PAST YEAR - IMP REV,,,2
IMPUTED SUBSTANCE USE DISORDER,331,293,PYUD5HER,IIPYUD5HER,1,HEROIN USE DISORDER IN THE PAST YEAR - IMP IND,,,3
IMPUTED SUBSTANCE USE DISORDER,331,293,PYUD5HAL,IRPYUD5HAL,1,HALLUCINOGEN USE DISORDER IN THE PAST YEAR - IMP REV,,,2
IMPUTED SUBSTANCE USE DISORDER,331,293,PYUD5HAL,IIPYUD5HAL,1,HALLUCINOGEN USE DISORDER IN THE PAST YEAR - IMP IND,,,3
IMPUTED SUBSTANCE USE DISORDER,331,293,PYUD5INH,IRPYUD5INH,1,INHALANT USE DISORDER IN THE PAST YEAR - IMP REV,,,2
IMPUTED SUBSTANCE USE DISORDER,331,293,PYUD5INH,IIPYUD5INH,1,INHALANT USE DISORDER IN THE PAST YEAR - IMP IND,,"NOTE: Respondents who reported lifetime but not past year use of methamphetamine, but were past year users of methamphetamine according to the variable METHNDLRC, were asked the questions on methamphetamine use disorder. Because the editing and imputation procedures for methamphetamine recency do not incorporate METHNDLRC, it is possible for a respondent to be a lifetime but not a past year user of methamphetamine according to IRMETHAMREC, but to be classified as having past year substance use disorder of methamphetamine. The few respondents who were lifetime but not past year users of methamphetamine according to IRMETHAMREC but were missing for METHNDLRC were considered past year nonusers.",3
IMPUTED SUBSTANCE USE DISORDER,331,293,PYUD5MTH,IRPYUD5MTH,1,METHAMPHETAMINE USE DISORDER IN THE PAST YEAR - IMP REV,,,2
IMPUTED SUBSTANCE USE DISORDER,332,294,PYUD5MTH,IIPYUD5MTH,1,METHAMPHETAMINE USE DISORDER IN THE PAST YEAR - IMP IND,,NOTE: IRUD5PNRMIS and IIUD5PNRMIS were created using the DSM-5 based SUD variables that do not include use disorder data from past year users but not misusers of prescription pain relievers.,3
IMPUTED SUBSTANCE USE DISORDER,332,294,EDUD5PNRMIS,IRUD5PNRMIS,1,"PAIN RELIEVER USE DISORDER, PY MISUERS - IMP REV",,,2
IMPUTED SUBSTANCE USE DISORDER,332,294,EDUD5PNRMIS,IIUD5PNRMIS,1,"PAIN RELIEVER USE DISORDER, PY MISUSERS - IMP IND",,NOTE: IRUD5PNRUNM and IIUD5PNRUNM were created using the DSM-5 based SUD variables that do not include use disorder data from past year misusers of prescription pain relievers.,3
IMPUTED SUBSTANCE USE DISORDER,332,294,EDUD5PNRUNM,IRUD5PNRUNM,1,"PAIN RELIEVER USE DISORD, PY USERS BUT NOT MISUSERS-IMP REV",,,2
IMPUTED SUBSTANCE USE DISORDER,332,294,EDUD5PNRUNM,IIUD5PNRUNM,1,"PAIN RELIEVER USE DISORD, PY USERS BUT NOT MISUSERS-IMP IND",,NOTE: IRUD5TRQMIS and IIUD5TRQMIS were created using the DSM-5 based SUD variables that do not include use disorder data from past year users but not misusers of prescription tranquilizers.,3
IMPUTED SUBSTANCE USE DISORDER,332,294,EDUD5TRQMIS,IRUD5TRQMIS,1,"TRANQUILIZER USE DISORDER, PY MISUSERS - IMP REV",,,2
IMPUTED SUBSTANCE USE DISORDER,332,294,EDUD5TRQMIS,IIUD5TRQMIS,1,"TRANQUILIZER USE DISORDER, PY MISUSERS - IMP IND",,NOTE: IRUD5TRQUNM and IIUD5TRQUNM were created using the DSM-5 based SUD variables that do not include use disorder data from past year misusers of prescription tranquilizers.,3
IMPUTED SUBSTANCE USE DISORDER,332,294,EDUD5TRQUNM,IRUD5TRQUNM,1,"TRANQUILIZER USE DISORDER, PY USERS BUT NOT MISUSERS-IMP REV",,,2
IMPUTED SUBSTANCE USE DISORDER,333,295,EDUD5TRQUNM,IIUD5TRQUNM,1,"TRANQUILIZER USE DISORDER, PY USERS BUT NOT MISUSERS-IMP IND",,NOTE: IRUD5STMMIS and IIUD5STMMIS were created using the DSM-5 based SUD variables that do not include use disorder data from past year users but not misusers of prescription stimulants.,3
IMPUTED SUBSTANCE USE DISORDER,333,295,EDUD5STMMIS,IRUD5STMMIS,1,"STIMULANT USE DISORDER, PY MISUSERS - IMP REV",,,2
IMPUTED SUBSTANCE USE DISORDER,333,295,EDUD5STMMIS,IIUD5STMMIS,1,"STIMULANT USE DISORDER, PY MISUSERS - IMP IND",,NOTE: IRUD5STMUNM and IIUD5STMUNM were created using the DSM-5 based SUD variables that do not include use disorder data from past year misusers of prescription stimulants.,3
IMPUTED SUBSTANCE USE DISORDER,333,295,EDUD5STMUNM,IRUD5STMUNM,1,"STIMULANT USE DISORDER, PY USERS BUT NOT MISUSERS - IMP REV",,,2
IMPUTED SUBSTANCE USE DISORDER,333,295,EDUD5STMUNM,IIUD5STMUNM,1,"STIMULANT USE DISORDER, PY USERS BUT NOT MISUSERS - IMP IND",,NOTE: IRUD5SEDMIS and IIUD5SEDMIS were created using the DSM-5 based SUD variables that do not include use disorder data from past year users but not misusers of prescription sedatives.,3
IMPUTED SUBSTANCE USE DISORDER,333,295,EDUD5SEDMIS,IRUD5SEDMIS,1,"SEDATIVE USE DISORDER, PY MISUSERS - IMP REV",,,2
IMPUTED SUBSTANCE USE DISORDER,333,295,EDUD5SEDMIS,IIUD5SEDMIS,1,"SEDATIVE USE DISORDER, PY MISUSERS - IMP IND",,NOTE: IRUD5SEDUNM and IIUD5SEDUNM were created using the DSM-5 based SUD variables that do not include use disorder data from past year misusers of prescription sedatives.,3
IMPUTED SUBSTANCE USE DISORDER,333,295,EDUD5SEDUNM,IRUD5SEDUNM,1,"SEDATIVE USE DISORDER, PY USERS BUT NOT MISUSERS - IMP REV",,,2
IMPUTED SUBSTANCE USE DISORDER,334,296,EDUD5SEDUNM,IIUD5SEDUNM,1,"SEDATIVE USE DISORDER, PY USERS BUT NOT MISUSERS - IMP IND",,,3
IMPUTED SUBSTANCE USE DISORDER,334,296,IRPYUD5ALC,IRPYSEV5ALC,1,ALCOHOL USE DISORDER SEVERITY IN THE PAST YEAR - IMP REV,"The next set of variables are imputation-revised measures of substance use disorder severity for alcohol and drugs and are based on the criteria in the Diagnostic and Statistical Manual of Mental Disorders, 5th edition. The severity of an SUD according to DSM-5 criteria is determined by the number of individual criteria recorded as positive for a particular substance. Respondents were classified as having an SUD of mild severity if they met two or three SUD criteria for that substance, an SUD of moderate severity if they met four or five SUD criteria for that substance, and a severe SUD if they met six or more SUD criteria for that substance. The construction of all SUD variables is described in more detail in the Nicotine Dependence and Substance Use Disorder appendix. NOTE: Respondents who reported past year alcohol use but indicated use of alcohol on 5 or fewer days in the past year were not asked the questions on alcohol use disorder. However, respondents who reported past year alcohol use and had a missing value for the number of days they used alcohol in the past year were asked the questions on alcohol use disorder. Therefore, it is possible for a respondent to have used alcohol on 5 or fewer days in the past year according to IRALCFY but to be classified as having a past year substance use disorder of alcohol.",,4
IMPUTED SUBSTANCE USE DISORDER,334,296,,IIPYSEV5ALC,1,ALCOHOL USE DISORDER SEVERITY IN THE PAST YEAR - IMP IND,,"NOTE: Respondents who reported past year marijuana use but indicated use of marijuana on 5 or fewer days in the past year were not asked the questions on marijuana use disorder. However, respondents who reported past year marijuana use and had a missing value for the number of days they used marijuana in the past year were asked the questions on marijuana use disorder. Therefore, it is possible for a respondent to have used marijuana on 5 or fewer days in the past year according to IRMJFY but to be classified as having a past year substance use disorder of marijuana.",3
IMPUTED SUBSTANCE USE DISORDER,334,296,IRPYUD5MRJ,IRPYSEV5MRJ,1,MARIJUANA USE DISORDER SEVERITY IN THE PAST YEAR - IMP REV,,,4
IMPUTED SUBSTANCE USE DISORDER,334,296,,IIPYSEV5MRJ,1,MARIJUANA USE DISORDER SEVERITY IN THE PAST YEAR - IMP IND,,"NOTE: Respondents who reported lifetime but not past year use of cocaine, but were past year users of cocaine according to the variable CONDLREC, were asked the questions on cocaine use disorder. Because the editing and imputation procedures for cocaine recency do not incorporate CONDLREC, it is possible for a respondent to be a lifetime but not a past year user of cocaine according to IRCOCRC, but to be classified as having past year substance use disorder of cocaine. The few respondents who were lifetime but not past year users of cocaine according to IRCOCRC but were missing for CONDLREC were considered past year nonusers.",3
IMPUTED SUBSTANCE USE DISORDER,334,296,IRPYUD5COC,IRPYSEV5COC,1,COCAINE USE DISORDER SEVERITY IN THE PAST YEAR - IMP REV,,,4
IMPUTED SUBSTANCE USE DISORDER,335,297,,IIPYSEV5COC,1,COCAINE USE DISORDER SEVERITY IN THE PAST YEAR - IMP IND,,"NOTE: Respondents who reported lifetime but not past year use of heroin, but were past year users of heroin according to the variables HRNDLREC, HRSMKREC, or HRSNFREC were asked the questions on heroin use disorder. Because the editing and imputation procedures for heroin recency do not incorporate HRNDLREC, HRSMKREC, or HRSNFREC, it is possible for a respondent to be a lifetime but not a past year user of heroin according to IRHERRC, but to be classified as having past year substance use disorder of heroin. The few respondents who were lifetime but not past year users of heroin according to IRHERRC but were missing for HRNDLREC, HRSMKREC, or HRSNFREC were considered past year nonusers.",3
IMPUTED SUBSTANCE USE DISORDER,335,297,IRPYUD5HER,IRPYSEV5HER,1,HEROIN USE DISORDER SEVERITY IN THE PAST YEAR - IMP REV,,,4
IMPUTED SUBSTANCE USE DISORDER,335,297,,IIPYSEV5HER,1,HEROIN USE DISORDER SEVERITY IN THE PAST YEAR - IMP IND,,"NOTE: Respondents who reported lifetime but not past year use of methamphetamine, but were past year users of methamphetamine according to the variable METHNDLRC, were asked the questions on methamphetamine use disorder. Because the editing and imputation procedures for methamphetamine recency do not incorporate METHNDLRC, it is possible for a respondent to be a lifetime but not a past year user of methamphetamine according to IRMETHAMREC, but to be classified as having past year substance use disorder of methamphetamine. The few respondents who were lifetime but not past year users of methamphetamine according to IRMETHAMREC but were missing for METHNDLRC were considered past year nonusers.",3
IMPUTED SUBSTANCE USE DISORDER,335,297,IRPYUD5MTH,IRPYSEV5MTH,1,METHAMPHETAMINE USE DISORDER SEVERITY IN PAST YR - IMP REV,,,4
IMPUTED SUBSTANCE USE DISORDER,335,297,,IIPYSEV5MTH,1,METHAMPHETAMINE USE DISORDER SEVERITY IN PAST YR - IMP IND,,,3
IMPUTED SUBSTANCE USE DISORDER,335,297,IRPYUD5HAL,IRPYSEV5HAL,1,HALLUCINOGEN USE DISORDER SEVERITY IN THE PAST YR - IMP REV,,,4
IMPUTED SUBSTANCE USE DISORDER,335,297,,IIPYSEV5HAL,1,HALLUCINOGEN USE DISORDER SEVERITY IN THE PAST YR - IMP IND,,,3
IMPUTED SUBSTANCE USE DISORDER,336,298,IRPYUD5INH,IRPYSEV5INH,1,INHALANT USE DISORDER SEVERITY IN THE PAST YEAR - IMP REV,,,4
IMPUTED SUBSTANCE USE DISORDER,336,298,,IIPYSEV5INH,1,INHALANT USE DISORDER SEVERITY IN THE PAST YEAR - IMP IND,,NOTE: IRSEVPNRMIS and IISEVPNRMIS were created using the DSM-5 based SUD variables that do not include use disorder data from past year users but not misusers of prescription pain relievers.,3
IMPUTED SUBSTANCE USE DISORDER,336,298,IRUD5PNRMIS,IRSEVPNRMIS,1,"PAIN RELIEVER USE DISORDER SEVERITY, PY MISUSERS - IMP REV",,,4
IMPUTED SUBSTANCE USE DISORDER,336,298,,IISEVPNRMIS,1,"PAIN RELIEVER USE DISORDER SEVERITY, PY MISUSERS - IMP IND",,NOTE: IRSEVPNRUNM and IISEVPNRUNM were created using the DSM-5 based SUD variables that do not include use disorder data from past year misusers of prescription pain relievers.,3
IMPUTED SUBSTANCE USE DISORDER,336,298,IRUD5PNRUNM,IRSEVPNRUNM,1,"PAIN RELIEVER USE DIS SEV, PY USERS BUT NOT MISUSERS-IMP REV",,,4
IMPUTED SUBSTANCE USE DISORDER,336,298,,IISEVPNRUNM,1,"PAIN RELIEVER USE DIS SEV, PY USERS BUT NOT MISUSERS-IMP IND",,NOTE: IRSEVTRQMIS and IISEVTRQMIS were created using the DSM-5 based SUD variables that do not include use disorder data from past year users but not misusers of prescription tranquilizers.,3
IMPUTED SUBSTANCE USE DISORDER,336,298,IRUD5TRQMIS,IRSEVTRQMIS,1,"TRANQUILIZER USE DISORDER SEVERITY, PY MISUSERS - IMP REV",,,4
IMPUTED SUBSTANCE USE DISORDER,336,298,,IISEVTRQMIS,1,"TRANQUILIZER USE DISORDER SEVERITY, PY MISUSERS - IMP IND",,NOTE: IRSEVTRQUNM and IISEVTRQUNM were created using the DSM-5 based SUD variables that do not include use disorder data from past year misusers of prescription tranquilizers.,3
IMPUTED SUBSTANCE USE DISORDER,337,299,IRUD5TRQUNM,IRSEVTRQUNM,1,"TRANQUILIZER USE DIS SEV, PY USERS BUT NOT MISUSERS-IMP REV",,,4
IMPUTED SUBSTANCE USE DISORDER,337,299,,IISEVTRQUNM,1,"TRANQUILIZER USE DIS SEV, PY USERS BUT NOT MISUSERS-IMP IND",,NOTE: IRSEVSTMMIS and IISEVSTMMIS were created using the DSM-5 based SUD variables that do not include use disorder data from past year users but not misusers of prescription stimulants.,3
IMPUTED SUBSTANCE USE DISORDER,337,299,IRUD5STMMIS,IRSEVSTMMIS,1,"STIMULANT USE DISORDER SEVERITY, PY MISUSERS - IMP REV",,,4
IMPUTED SUBSTANCE USE DISORDER,337,299,,IISEVSTMMIS,1,"STIMULANT USE DISORDER SEVERITY, PY MISUSERS - IMP IND",,NOTE: IRSEVSTMUNM and IISEVSTMUNM were created using the DSM-5 based SUD variables that do not include use disorder data from past year misusers of prescription stimulants.,3
IMPUTED SUBSTANCE USE DISORDER,337,299,IRUD5STMUNM,IRSEVSTMUNM,1,"STIMULANT USE DIS SEV, PY USERS BUT NOT MISUSERS - IMP REV",,,4
IMPUTED SUBSTANCE USE DISORDER,337,299,,IISEVSTMUNM,1,"STIMULANT USE DIS SEV, PY USERS BUT NOT MISUSERS - IMP IND",,NOTE: IRSEVSEDMIS and IISEVSEDMIS were created using the DSM-5 based SUD variables that do not include use disorder data from past year users but not misusers of prescription sedatives.,3
IMPUTED SUBSTANCE USE DISORDER,337,299,IRUD5SEDMIS,IRSEVSEDMIS,1,"SEDATIVE USE DISORDER SEVERITY, PY MISUSERS - IMP REV",,,4
IMPUTED SUBSTANCE USE DISORDER,338,300,,IISEVSEDMIS,1,"SEDATIVE USE DISORDER SEVERITY, PY MISUSERS - IMP IND",,NOTE: IRSEVSEDUNM and IISEVSEDUNM were created using the DSM-5 based SUD variables that do not include use disorder data from past year misusers of prescription sedatives.,3
IMPUTED SUBSTANCE USE DISORDER,338,300,IRUD5SEDUNM,IRSEVSEDUNM,1,"SEDATIVE USE DIS SEV, PY USERS BUT NOT MISUSERS - IMP REV",,,4
IMPUTED SUBSTANCE USE DISORDER,338,300,,IISEVSEDUNM,1,"SEDATIVE USE DIS SEV, PY USERS BUT NOT MISUSERS - IMP IND",,,3
RECODED SUBSTANCE USE DISORDER,339,301,"IRUD5SEDMIS, IRUD5TRQMIS",UD5TRQSDMIS,1,RC-TRANQUILIZER OR SEDATIVE USE DISORDER - PY MISUSERS,NOTE: The variables in this section are recoded variables that were created from one or more of the variables from the following section: Imputed Substance Use Disorder. NOTE: UD5TRQSDMIS was created using the DSM-5 based SUD variables that do not include use disorder data from past year users but not misusers of prescription tranquilizers or sedatives.,NOTE: UD5TRQSDUNM was created using the DSM-5 based SUD variables that do not include use disorder data from past year misusers of prescription tranquilizers or sedatives.,2
RECODED SUBSTANCE USE DISORDER,339,301,"IRUD5SEDUNM, IRUD5TRQUNM",UD5TRQSDUNM,1,RC-TRANQUILIZER/SEDATIVE USE DIS-PY USERS BUT NOT MISUSERS,,NOTE: UD5TRQSDANY was created using the DSM-5 based SUD variables that include use disorder data from all past year users of prescription tranquilizers or sedatives.,2
RECODED SUBSTANCE USE DISORDER,339,301,"UDYR5SEDANY, UDYR5TRQANY",UD5TRQSDANY,1,RC-TRANQUILIZER OR SEDATIVE USE DISORDER - PAST YEAR USERS,,NOTE: UD5PSYMIS was created using the DSM-5 based SUD variables that do not include use disorder data from past year users but not misusers of prescription drugs.,2
RECODED SUBSTANCE USE DISORDER,339,301,"IRUD5PNRMIS, IRUD5SEDMIS, IRUD5STMMIS, IRUD5TRQMIS",UD5PSYMIS,1,RC-PSYCHOTHERAPEUTIC USE DISORDER - PAST YEAR MISUSERS,,NOTE: UD5PSYUNM was created using the DSM-5 based SUD variables that do not include use disorder data from past year misusers of prescription drugs.,2
RECODED SUBSTANCE USE DISORDER,339,301,"IRUD5PNRUNM, IRUD5SEDUNM, IRUD5STMUNM, IRUD5TRQUNM",UD5PSYUNM,1,RC-PSYCHOTHERAPEUTIC USE DISORD - PY USERS BUT NOT MISUSERS,,NOTE: UD5PSYANY was created using the DSM-5 based SUD variables that include use disorder data from all past year users of prescription drugs.,2
RECODED SUBSTANCE USE DISORDER,339,301,"UDYR5PNRANY, UDYR5SEDANY, UDYR5STMANY, UDYR5TRQANY",UD5PSYANY,1,RC-PSYCHOTHERAPEUTIC USE DISORDER - PAST YEAR USERS,,NOTE: UD5OPIMIS was created using the DSM-5 based SUD variables that do not include use disorder data from past year users but not misusers of prescription pain relievers.,2
RECODED SUBSTANCE USE DISORDER,340,302,"IRPYUD5HER, IRUD5PNRMIS",UD5OPIMIS,1,RC-OPIOID USE DISORDER - PAST YEAR MISUSERS,,NOTE: UD5OPIUNM was created using the DSM-5 based SUD variables that do not include use disorder data from past year misusers of prescription pain relievers.,2
RECODED SUBSTANCE USE DISORDER,340,302,"IRPYUD5HER, IRUD5PNRUNM",UD5OPIUNM,1,RC-OPIOID USE DISORDER - PY USERS BUT NOT MISUSERS,,NOTE: UD5OPIANY was created using the DSM-5 based SUD variables that include use disorder data from all past year users of prescription pain relievers.,2
RECODED SUBSTANCE USE DISORDER,340,302,"IRPYUD5HER, UDYR5PNRANY",UD5OPIANY,1,RC-OPIOID USE DISORDER - PAST YEAR USERS,,NOTE: UD5HRPNRMIS was created using the DSM-5 based SUD variables that do not include use disorder data from past year users but not misusers of prescription pain relievers.,2
RECODED SUBSTANCE USE DISORDER,340,302,"IRPYUD5HER, IRUD5PNRMIS",UD5HRPNRMIS,1,RC-HEROIN/PAIN RELIEVER USE DISORDER - PAST YEAR MISUSERS,,NOTE: UD5HRPNRUNM was created using the DSM-5 based SUD variables that do not include use disorder data from past year misusers of prescription pain relievers.,4
RECODED SUBSTANCE USE DISORDER,340,302,"IRPYUD5HER, IRUD5PNRUNM",UD5HRPNRUNM,1,RC-HEROIN/PAIN RELIEVER USE DISORD-PY USERS BUT NOT MISUSERS,,NOTE: UD5HRPNRANY was created using the DSM-5 based SUD variables that include use disorder data from all past year users of prescription pain relievers.,4
RECODED SUBSTANCE USE DISORDER,340,302,"IRPYUD5HER, UDYR5PNRANY",UD5HRPNRANY,1,RC-HEROIN/PAIN RELIEVER USE DISORDER - PAST YEAR USERS,,NOTE: UD5CNSMIS was created using the DSM-5 based SUD variables that do not include use disorder data from past year users but not misusers of prescription stimulants.,4
RECODED SUBSTANCE USE DISORDER,341,303,"IRPYUD5COC, IRPYUD5MTH, IRUD5STMMIS",UD5CNSMIS,1,RC-CNS STIMULANT USE DISORDER - PAST YEAR MISUSERS,,NOTE: UD5CNSUNM was created using the DSM-5 based SUD variables that do not include use disorder data from past year misusers of prescription stimulants.,2
RECODED SUBSTANCE USE DISORDER,341,303,"IRPYUD5COC, IRPYUD5MTH, IRUD5STMUNM",UD5CNSUNM,1,RC-CNS STIMULANT USE DISORDER - PY USERS BUT NOT MISUSERS,,NOTE: UD5CNSANY was created using the DSM-5 based SUD variables that include use disorder data from all past year users of prescription stimulants.,2
RECODED SUBSTANCE USE DISORDER,341,303,"IRPYUD5COC, IRPYUD5MTH, UDYR5STMANY",UD5CNSANY,1,RC-CNS STIMULANT USE DISORDER - PAST YEAR USERS,,"NOTE: UD5ILLMIS was created using the DSM-5 based SUD variables that do not include use disorder data from past year users but not misusers of prescription drugs. (IRPYUD5COC, IRPYUD5HAL, IRPYUD5HER, IRPYUD5INH, IRPYUD5MRJ, IRPYUD5MTH, IRUD5PNRMIS, IRUD5SEDMIS, IRUD5STMMIS, IRUD5TRQMIS)",2
RECODED SUBSTANCE USE DISORDER,341,303,,UD5ILLMIS,1,RC-ILLICIT DRUG USE DISORDER - PAST YEAR MISUSERS,,"NOTE: UD5ILLUNM was created using the DSM-5 based SUD variables that do not include use disorder data from past year misusers of prescription drugs. (IRPYUD5COC, IRPYUD5HAL, IRPYUD5HER, IRPYUD5INH, IRPYUD5MRJ, IRPYUD5MTH, IRUD5PNRUNM, IRUD5SEDUNM, IRUD5STMUNM, IRUD5TRQUNM)",2
RECODED SUBSTANCE USE DISORDER,341,303,,UD5ILLUNM,1,RC-DRUG USE DISORDER - PAST YEAR USERS BUT NOT MISUSERS,,"NOTE: UD5ILLANY was created using the DSM-5 based SUD variables that include use disorder data from all past year users of prescription drugs. (IRPYUD5COC, IRPYUD5HAL, IRPYUD5HER, IRPYUD5INH, IRPYUD5MRJ, IRPYUD5MTH, UDYR5PNRANY, UDYR5SEDANY, UDYR5STMANY, UDYR5TRQANY)",2
RECODED SUBSTANCE USE DISORDER,341,303,,UD5ILLANY,1,RC-DRUG USE DISORDER - PAST YEAR USERS,,"NOTE: UD5IEMMIS was created using the DSM-5 based SUD variables that do not include use disorder data from past year users but not misusers of prescription drugs. (IRPYUD5COC, IRPYUD5HAL, IRPYUD5HER, IRPYUD5INH, IRPYUD5MTH, IRUD5PNRMIS, IRUD5SEDMIS, IRUD5STMMIS, IRUD5TRQMIS)",2
RECODED SUBSTANCE USE DISORDER,342,304,,UD5IEMMIS,1,RC-ILLICIT DRUG OTHER THAN MRJ USE DISORDER - PY MISUSERS,,"NOTE: UD5IEMUNM was created using the DSM-5 based SUD variables that do not include use disorder data from past year misusers of prescription drugs. (IRPYUD5COC, IRPYUD5HAL, IRPYUD5HER, IRPYUD5INH, IRPYUD5MTH, IRUD5PNRUNM, IRUD5SEDUNM, IRUD5STMUNM, IRUD5TRQUNM)",2
RECODED SUBSTANCE USE DISORDER,342,304,,UD5IEMUNM,1,RC-DRUG OTHER THAN MRJ USE DISORD-PY USERS BUT NOT MISUSERS,,"NOTE: UD5IEMANY was created using the DSM-5 based SUD variables that include use disorder data from all past year users of prescription drugs. (IRPYUD5COC, IRPYUD5HAL, IRPYUD5HER, IRPYUD5INH, IRPYUD5MTH, UDYR5PNRANY, UDYR5SEDANY, UDYR5STMANY, UDYR5TRQANY)",2
RECODED SUBSTANCE USE DISORDER,342,304,,UD5IEMANY,1,RC-DRUG OTHER THAN MRJ USE DISORDER - PAST YEAR USERS,,NOTE: UD5ILALMIS was created using the DSM-5 based SUD variables that do not include use disorder data from past year users but not misusers of prescription drugs.,2
RECODED SUBSTANCE USE DISORDER,342,304,"IRPYUD5ALC, UD5ILLMIS",UD5ILALMIS,1,RC-ILLICIT DRUG OR ALCOHOL USE DISORDER - PAST YEAR MISUSERS,,NOTE: UD5ILALUNM was created using the DSM-5 based SUD variables that do not include use disorder data from past year misusers of prescription drugs.,2
RECODED SUBSTANCE USE DISORDER,342,304,"IRPYUD5ALC, UD5ILLUNM",UD5ILALUNM,1,RC-DRUG OR ALCOHOL USE DISORDER - PY USERS BUT NOT MISUSERS,,NOTE: UD5ILALANY was created using the DSM-5 based SUD variables that include use disorder data from all past year users of prescription drugs.,2
RECODED SUBSTANCE USE DISORDER,342,304,"IRPYUD5ALC, UD5ILLANY",UD5ILALANY,1,RC-DRUG OR ALCOHOL USE DISORDER - PAST YEAR USERS,,NOTE: UD5ILAALMIS was created using the DSM-5 based SUD variables that do not include use disorder data from past year users but not misusers of prescription drugs.,2
RECODED SUBSTANCE USE DISORDER,343,305,"IRPYUD5ALC, UD5ILLMIS",UD5ILAALMIS,1,RC-ILLICIT DRUG AND ALCOHOL USE DISORDER-PAST YEAR MISUSERS,,NOTE: UD5ILAALUNM was created using the DSM-5 based SUD variables that do not include use disorder data from past year misusers of prescription drugs.,2
RECODED SUBSTANCE USE DISORDER,343,305,"IRPYUD5ALC, UD5ILLUNM",UD5ILAALUNM,1,RC-DRUG AND ALCOHOL USE DISORDER - PY USERS BUT NOT MISUSERS,,NOTE: UD5ILAALANY was created using the DSM-5 based SUD variables that include use disorder data from all past year users of prescription drugs.,2
RECODED SUBSTANCE USE DISORDER,343,305,"IRPYUD5ALC, UD5ILLANY",UD5ILAALANY,1,RC-DRUG AND ALCOHOL USE DISORDER - PAST YEAR USERS,,NOTE: UD5ILNALMIS was created using the DSM-5 based SUD variables that do not include use disorder data from past year users but not misusers of prescription drugs.,2
RECODED SUBSTANCE USE DISORDER,343,305,"IRPYUD5ALC, UD5ILLMIS",UD5ILNALMIS,1,"RC-ILL DRUG USE DISORDER, NO ALC USE DISORDER - PY MISUSERS",,NOTE: UD5ILNALUNM was created using the DSM-5 based SUD variables that do not include use disorder data from past year misusers of prescription drugs.,2
RECODED SUBSTANCE USE DISORDER,343,305,"IRPYUD5ALC, UD5ILLUNM",UD5ILNALUNM,1,"RC-DRUG USE DIS, NO ALC USE DIS - PY USERS BUT NOT MISUSERS",,NOTE: UD5ILNALANY was created using the DSM-5 based SUD variables that include use disorder data from all past year users of prescription drugs.,2
RECODED SUBSTANCE USE DISORDER,343,305,"IRPYUD5ALC, UD5ILLANY",UD5ILNALANY,1,"RC-DRUG USE DISORDER, NO ALC USE DISORDER - PAST YEAR USERS",,NOTE: UD5ALNILMIS was created using the DSM-5 based SUD variables that do not include use disorder data from past year users but not misusers of prescription drugs.,2
RECODED SUBSTANCE USE DISORDER,344,306,"IRPYUD5ALC, UD5ILLMIS",UD5ALNILMIS,1,"RC-ALC USE DISORDER, NO ILL DRUG USE DISORDER - PY MISUSERS",,NOTE: UD5ALNILUNM was created using the DSM-5 based SUD variables that do not include use disorder data from past year misusers of prescription drugs.,2
RECODED SUBSTANCE USE DISORDER,344,306,"IRPYUD5ALC, UD5ILLUNM",UD5ALNILUNM,1,"RC-ALC USE DIS, NO DRUG USE DIS-PY USERS BUT NOT MISUSERS",,NOTE: UD5ALNILANY was created using the DSM-5 based SUD variables that include use disorder data from all past year users of prescription drugs.,2
RECODED SUBSTANCE USE DISORDER,344,306,"IRPYUD5ALC, UD5ILLANY",UD5ALNILANY,1,"RC-ALC USE DISORDER, NO DRUG USE DISORDER - PAST YEAR USERS",,"NOTE: The following variables UDYR5PNRANY, UDYR5SEDANY, UDYR5STMANY, UDYR5TRQANY, SEVYRPNRANY, SEVYRTRQANY, SEVYRSTMANY, and SEVYRSEDANY were created using the DSM-5 based SUD variables that include use disorder data from all past year users of prescription drugs.",2
RECODED SUBSTANCE USE DISORDER,344,306,"IRUD5PNRMIS, IRUD5PNRUNM",UDYR5PNRANY,1,"RC-PAIN RELIEVER USE DISORDER, PY USERS",,,2
RECODED SUBSTANCE USE DISORDER,344,306,"IRUD5SEDMIS, IRUD5SEDUNM",UDYR5SEDANY,1,"RC-SEDATIVE USE DISORDER, PY USERS",,,2
RECODED SUBSTANCE USE DISORDER,344,306,"IRUD5STMMIS, IRUD5STMUNM",UDYR5STMANY,1,"RC-STIMULANT USE DISORDER, PY USERS",,,2
RECODED SUBSTANCE USE DISORDER,344,306,"IRUD5TRQMIS, IRUD5TRQUNM",UDYR5TRQANY,1,"RC-TRANQUILIZER USE DISORDER, PY USERS",,,2
RECODED SUBSTANCE USE DISORDER,344,306,"IRSEVPNRMIS, IRSEVPNRUNM",SEVYRPNRANY,1,"RC-PAIN RELIEVER USE DISORDER SEVERITY, PY USERS",,,4
RECODED SUBSTANCE USE DISORDER,345,307,"IRSEVTRQMIS, IRSEVTRQUNM",SEVYRTRQANY,1,"RC-TRANQUILIZER USE DISORDER SEVERITY, PY USERS",,,4
RECODED SUBSTANCE USE DISORDER,345,307,"IRSEVSTMMIS, IRSEVSTMUNM",SEVYRSTMANY,1,"RC-STIMULANT USE DISORDER SEVERITY, PY USERS",,,4
RECODED SUBSTANCE USE DISORDER,345,307,"IRSEVSEDMIS, IRSEVSEDUNM",SEVYRSEDANY,1,"RC-SEDATIVE USE DISORDER SEVERITY, PY USERS",,"NOTE: The following six substance use disorder (SUD) severity recoded variables were created using the DSM-5 based SUD variables that include use disorder data from all past year users of prescription drugs. These SUD severity recoded variables are defined as the maximum disorder severity level across multiple substances (each of the source variables represent a substance). When any of the source variables indicated a disorder (mild, moderate, or severe), these recoded variables are assigned the maximum severity level.",4
RECODED SUBSTANCE USE DISORDER,345,307,"SEVYRSEDANY, SEVYRTRQANY",SVYRTQSDANY,1,"RC-TRANQUILIZER OR SEDATIVE USE DISORDER SEVERITY, PY USERS",,,4
RECODED SUBSTANCE USE DISORDER,345,307,"SEVYRPNRANY, SEVYRSEDANY, SEVYRSTMANY, SEVYRTRQANY",SVYRPSYANY,1,"RC-PSYCHOTHERAPUETIC USE DISORDER SEVERITY, PY USERS",,,4
RECODED SUBSTANCE USE DISORDER,345,307,"IRPYSEV5HER, SEVYRPNRANY",SVYROPIANY,1,"RC-OPIOID USE DISORDER SEVERITY, PY USERS",,,4
RECODED SUBSTANCE USE DISORDER,345,307,"IRPYSEV5COC, IRPYSEV5MTH, SEVYRSTMANY",SVYRCNSANY,1,"RC-CNS STIMULANT USE DISORDER SEVERITY, PY USERS",,,4
RECODED SUBSTANCE USE DISORDER,346,308,,SVYRDUDANY,1,"RC-DRUG USE DISORDER SEVERITY, PY USERS","(IRPYSEV5COC, IRPYSEV5HAL, IRPYSEV5HER, IRPYSEV5INH, IRPYSEV5MRJ, IRPYSEV5MTH, SEVYRPNRANY, SEVYRSEDANY, SEVYRSTMANY, SEVYRTRQANY)",,4
RECODED SUBSTANCE USE DISORDER,346,308,,SVYRSUDANY,1,"RC-SUBSTANCE USE DISORDER SEVERITY, PY USERS","(IRPYSEV5ALC, IRPYSEV5COC, IRPYSEV5HAL, IRPYSEV5HER, IRPYSEV5INH, IRPYSEV5MRJ, IRPYSEV5MTH, SEVYRPNRANY, SEVYRSEDANY, SEVYRSTMANY, SEVYRTRQANY)",,4
SPECIAL TOPICS,347,309,SP01,BOOKED1,2,EVER ARRESTED AND BOOKED FOR BREAKING THE LAW,"The values in this section may be inconsistent with values for variables in other sections of the interview. Items in this section were edited when respondents legitimately skipped out of these items based on prior answers in earlier sections. Otherwise, variables in one section of the interview generally were not edited to make them consistent with variables in another section of the interview. This note applies to variables in this section marked by a1. The next questions are about encounters with the police or the court system. Not counting minor traffic violations, have you ever been arrested and booked for breaking the law? Being ""booked"" means that you were taken into custody and processed by the police or by someone connected with the courts, even if you were then released.",,7
SPECIAL TOPICS,347,309,"SP02, SP03S",NOBOOKY21,3,# TIMES ARRESTED AND BOOKED PAST 12 MONTHS,"Not counting minor traffic violations, how many times during the past 12 months have you been arrested and booked for breaking a law?",,9
SPECIAL TOPICS,347,309,SP03A,BKMVTHFT1,2,ARRSTD & BOOKED FOR MOT VEH THEFT PAST 12 MONTHS,"The next questions are about offenses that are against the law. As you read each question, please answer whether you were arrested and booked for that offense during the past 12 months. In the past 12 months, were you arrested and booked for motor vehicle theft?",,8
SPECIAL TOPICS,348,310,SP03B,BKLARCNY1,2,ARRSTD & BOOKED FOR LARCENY/THEFT PAST 12 MONTHS,"In the past 12 months, were you arrested and booked for larceny or theft? Do not include motor vehicle theft.",,9
SPECIAL TOPICS,348,310,SP03C,BKBURGL1,2,ARRSTD & BOOKED FOR BURGLARY/B & E PAST 12 MOS,"In the past 12 months, were you arrested and booked for burglary or breaking and entering?","NOTE: BKSRVIOL was created from answers to the following questions: In the past 12 months, were you arrested and booked for aggravated assault? In the past 12 months, were you arrested and booked for forcible rape? In the past 12 months, were you arrested and booked for murder, homicide, or nonnegligent manslaughter?",8
SPECIAL TOPICS,348,310,"SP03D, SP03G, SP03H",BKSRVIOL1,2,ARRSTD & BOOKED SERIOUS VIOL OFFENSE PST 12 MOS,,,8
SPECIAL TOPICS,348,310,SP03E,BKSMASLT1,2,ARRSTD & BOOKED FOR OTHER ASSAULT PAST 12 MONTHS,"In the past 12 months, were you arrested and booked for other assault, such as simple assault or battery?",,9
SPECIAL TOPICS,349,311,SP03F,BKROB1,2,ARRSTD & BOOKED FOR ROBBERY PAST 12 MONTHS,"In the past 12 months, were you arrested and booked for robbery?",,8
SPECIAL TOPICS,349,311,SP03I,BKARSON1,2,ARRSTD & BOOKED FOR ARSON PAST 12 MONTHS,"In the past 12 months, were you arrested and booked for arson?",,7
SPECIAL TOPICS,349,311,SP03J,BKDRVINF1,2,ARRSTD & BOOKED FOR DUI PAST 12 MONTHS,"In the past 12 months, were you arrested and booked for driving under the influence of alcohol or drugs?",,8
SPECIAL TOPICS,349,311,SP03K,BKDRUNK1,2,ARRSTD & BOOKED FOR DRUNKENNESS PAST 12 MONTHS,"In the past 12 months, were you arrested and booked for drunkenness or other liquor law violations?",,8
SPECIAL TOPICS,349,311,SP03L,BKPOSTOB1,2,ARRSTD & BOOKED FOR POSSES OF TOB PAST 12 MOS,"In the past 12 months, were you arrested and booked for possession of tobacco?",,7
SPECIAL TOPICS,350,312,SP03M,BKDRUG1,2,ARRSTD & BOOKED FOR POSSES/SALE DRUGS PAST 12 MOS,"In the past 12 months, were you arrested and booked for possession, manufacture, or sale of drugs?","NOTE: BKSEXNR was created from answers to the following questions: In the past 12 months, were you arrested and booked for prostitution or commercialized sex? In the past 12 months, were you arrested and booked for any other sexual offense, not including rape or prostitution?",9
SPECIAL TOPICS,350,312,"SP03N, SP03O",BKSEXNR1,2,ARRSTD & BOOKED SEX OFFENSE EXCL RAPE PST 12 MOS,,,7
SPECIAL TOPICS,350,312,SP03P,BKFRAUD1,2,ARRSTD & BOOKED FOR FRAUD/STOL GOODS PAST 12 MOS,"In the past 12 months, were you arrested and booked for fraud, possessing stolen goods, or vandalism?","NOTE: For the variable BKOTH, a code of 3 indicates that respondents did not originally answer ""yes"" to any of the questions about specific offenses for which they were arrested/booked in the past 12 months, including the question about ""some other offense."" However, these respondents subsequently specified a valid response for an offense in the past 12 months. A code of 5 in BKOTH indicates that respondents reported being arrested/booked at least once in the past 12 months but did not indicate at least one offense for which they were arrested in that period. In the past 12 months, were you arrested and booked for some other offense besides these that have been named? Please do not include minor traffic violations.",9
SPECIAL TOPICS,350,312,SP03Q,BKOTH1,2,ARRSTD & BOOKED FOR SOME OTHER OFF PAST 12 MOS,,,9
SPECIAL TOPICS,351,313,"SP03QSC, SP03RSC, SP03SSC",BKOTHOF21,2,OTHER OFFENSE PAST 12 MONTHS - SPECIFY,,,29
SPECIAL TOPICS,351,313,SP04,PROBATON1,2,ON PROBATION AT ANY TIME PAST 12 MONTHS,Were you on probation at any time during the past 12 months?,,6
SPECIAL TOPICS,351,313,SP05,PAROLREL1,2,ON PAROLE/SUPRV RELEASE PAST 12 MONTHS,"Were you on parole, supervised release, or other conditional release from prison at any time during the past 12 months?",,6
SPECIAL TOPICS,352,314,SP06A,DRVINALCO,2,DROVE UNDER INFLUENCE OF ALCOHOL PST 12 MOS,"During the past 12 months, have you driven a vehicle while you were under the influence of alcohol?",,8
SPECIAL TOPICS,352,314,SP06B,DRVINMARJ,2,DROVE UNDER INFLUENCE OF MARIJUANA PST 12 MOS,"During the past 12 months, have you driven a vehicle while you were under the influence of marijuana?",,8
SPECIAL TOPICS,352,314,SP06C,DRVINCOCN,2,DROVE UNDER INFLU OF COCAINE PST 12 MOS,"During the past 12 months, have you driven a vehicle while you were under the influence of [COKEFILL]?",,8
SPECIAL TOPICS,352,314,SP06D,DRVINHERN,2,DROVE UNDER INFLUENCE OF HEROIN PAST 12 MOS,"During the past 12 months, have you driven a vehicle while you were under the influence of heroin?",,5
SPECIAL TOPICS,352,314,SP06E,DRVINHALL,2,DROVE UNDER INFLU OF HALLUCINOGENS PAST 12 MOS,"During the past 12 months, have you driven a vehicle while you were under the influence of [LSFILL]?",,6
SPECIAL TOPICS,353,315,SP06F,DRVININHL,2,DROVE UNDER INFLUENCE OF INHALANTS PAST 12 MOS,"During the past 12 months, have you driven a vehicle while you were under the influence of any inhalant?",,6
SPECIAL TOPICS,353,315,SP06G,DRVINMETH,2,DROVE UNDER INFLU OF METHAMPHETAMINE PAST 12 MOS,"During the past 12 months, have you driven a vehicle while you were under the influence of methamphetamine?",,6
SPECIAL TOPICS,353,315,SP06H,DRVINALON,2,DROVE UNDER INFLUENCE OF ONLY ALCOHOL PST 12 MOS,"During the past 12 months, have you driven a vehicle while you were under the influence of alcohol only?","NOTE: MXMJPNLT is a renamed version of the variable MXMJPENL from prior years. In 2006 a new level (6 - No penalty) was added to the answer categories. Therefore, data from the previous variable MXMJPENL may not be comparable to data from the current variable MXMJPNLT. What is the maximum legal penalty in [STATE FILL FROM FIPE4] for first offense possession of an ounce or less of marijuana for your own use?",8
SPECIAL TOPICS,353,315,SP07,MXMJPNLT1,2,MAX PENALTY FOR 1ST MJ POSS < OUNCE IN YOUR STATE,,,10
RECODED SPECIAL TOPICS,354,316,DRVINALCO,DRVINALCO2,1,RC-DROVE UNDER INFLUENCE OF ALCOHOL IN PAST YEAR,"NOTE: The variables in this section are recoded variables that were created from one or more of the edited variables from the preceding section. NOTE: Certain source variables that were used to create recoded variables have valid values that might not have been reported or assigned for the current survey year. However, these values have been included in the general specifications in the codebook on how the recoded variables were created. See additional details about this issue in the Organization of the Data File section of this codebook introduction.",,3
RECODED SPECIAL TOPICS,354,316,DRVINMARJ,DRVINMARJ2,1,RC-DROVE UNDER INFLUENCE OF MARIJUANA IN PAST YEAR,,,3
RECODED SPECIAL TOPICS,354,316,"DRVINCOCN, DRVINHALL, DRVINHERN, DRVININHL, DRVINMARJ, DRVINMETH",DRVINDRG,1,RC-DROVE UNDER INFLUENCE OF SELECTED ILL DRUGS IN PAST YR,"The following variable, DRVINDRG, was created by examination of this driving under the influence list of selected drugs: marijuana (DRVINMARJ), cocaine or crack (DRVINCOCN), heroin (DRVINHERN), hallucinogens (DRVINHALL), inhalants (DRVININHL), and methamphetamine (DRVINMETH).",,3
RECODED SPECIAL TOPICS,354,316,"DRVINCOCN, DRVINHALL, DRVINHERN, DRVININHL, DRVINMETH",DRVINDROTMJ,1,RC-DROVE UNDER INFLUENCE OF SELECTED ILL DRG OTH MRJ IN PY,"The following variable, DRVINDROTMJ, was created by examination of this driving under the influence list of selected drugs: cocaine or crack (DRVINCOCN), heroin (DRVINHERN), hallucinogens (DRVINHALL), inhalants (DRVININHL), and methamphetamine (DRVINMETH).",,3
RECODED SPECIAL TOPICS,354,316,"DRVINALCO2, DRVINDRG",DRVINALDRG,1,RC-DROVE UNDER INFLUENCE OF ALC OR SELECTED ILL DRG IN PY,,,3
RECODED SPECIAL TOPICS,354,316,PAROLREL,PAROL,1,RC-PAROLE/SUPERVISED RELEASE STATUS IN THE PAST YEAR,,,3
RECODED SPECIAL TOPICS,354,316,PROBATON,PROB,1,RC-PROBATION STATUS IN THE PAST YEAR,,,3
PRIOR SUBSTANCE USE,355,317,LU01,MRJYRBFR1,2,USE MJ OR HASHISH EVEN ONCE YR BEFORE LAST,"The values in this section may be inconsistent with values for variables in other sections of the interview. Items in this section were edited when respondents legitimately skipped out of these items based on prior answers in earlier sections. Otherwise, variables in one section of the interview generally were not edited to make them consistent with variables in another section of the interview. This note applies to variables in this section marked by a1. NOTE: The variables MRJYRBFR and MRJAGLST were not edited with respect to one another. Therefore, inconsistencies could exist between these two variables. Earlier questions were about the past 12 months. This question is about the year before that, that is, from [DATEFILL - 12 MONTHS] to [DATEFILL]. During that year, beginning [DATEFILL - 12 MONTHS] and ending [DATEFILL], did you use marijuana or hashish, even once?",,7
PRIOR SUBSTANCE USE,355,317,LU02,MRJAGLST1,3,HOW OLD WERE YOU THE LAST TIME USED MARIJUANA,The computer recorded that you last used marijuana or hashish [MJREC FILL]. How old were you the last time you used marijuana or hashish?,,8
PRIOR SUBSTANCE USE,355,317,"LU02A, LU02B, LU02C",MRJYLU1,4,YEAR OF LAST MARIJUANA/HASHISH USE - RECODE,Did you last use marijuana or hashish in [CURRENT YEAR - 1] or [CURRENT YEAR]? Did you last use marijuana or hashish in [CURRENT YEAR - 2] or [CURRENT YEAR - 1]? In what month in [CURRENT YEAR] did you last use marijuana or hashish?,,8
PRIOR SUBSTANCE USE,356,318,"LU02C, LU02D",MRJMLU1,2,MONTH OF LAST MARIJUANA/HASHISH USE - RECODE,In what month in [CURRENT YEAR] did you last use marijuana or hashish? In what month in [YEAR FROM LU02a or LU02b] did you last use marijuana or hashish?,,19
PRIOR SUBSTANCE USE,356,318,LU03,CIGAGLST1,3,HOW OLD WERE YOU THE LAST TIME SMOKED CIGARETTE,Earlier the computer recorded that you last smoked part or all of a cigarette [CG06]. How old were you the last time you smoked part or all of a cigarette?,,8
PRIOR SUBSTANCE USE,356,318,"LU03A, LU03B, LU03C",CIGYLU1,4,YEAR OF LAST CIGARETTE USE - RECODE,Did you last smoke part or all of a cigarette in [CURRENT YEAR - 1] or [CURRENT YEAR]? Did you last smoke part or all of a cigarette in [CURRENT YEAR - 2] or [CURRENT YEAR - 1]? In what month in [CURRENT YEAR] did you last smoke part or all of a cigarette?,,8
PRIOR SUBSTANCE USE,357,319,"LU03C, LU03D",CIGMLU1,2,MONTH OF LAST CIGARETTE USE - RECODE,In what month in [CURRENT YEAR] did you last smoke part or all of a cigarette? In what month in [YEAR FROM LU03a or LU03b] did you last smoke part or all of a cigarette?,,19
PRIOR SUBSTANCE USE,357,319,LU04,CIGDLLST1,3,HOW OLD WERE YOU THE LAST TIME SMOKED CIGS DAILY,Earlier the computer also recorded that there was a period in your life when you smoked cigarettes every day for at least 30 days. How old were you when you last smoked cigarettes daily?,,7
PRIOR SUBSTANCE USE,357,319,"LU04A, LU04B, LU04C",CIGDLYLU1,4,YEAR OF LAST CIGARETTE USE EVERY DAY - RECODE,Did you last smoke cigarettes daily in [CURRENT YEAR - 1] or [CURRENT YEAR]? Did you last smoke cigarettes daily in [CURRENT YEAR - 2] or [CURRENT YEAR - 1]? In what month in [CURRENT YEAR] did you last smoke cigarettes daily?,,8
PRIOR SUBSTANCE USE,358,320,"LU04C, LU04D",CIGDLMLU1,2,MONTH OF LAST CIGARETTE USE EVERY DAY - RECODE,In what month in [CURRENT YEAR] did you last smoke cigarettes daily? In what month in [YEAR FROM LU04a or LU04b] did you last smoke cigarettes daily?,,19
PRIOR SUBSTANCE USE,358,320,LU05,SMKAGLAST1,3,HOW OLD WERE YOU LAST THE TIME USED SMOKELESS TOB,"The computer recorded that you last used ""smokeless"" tobacco [CGSNREC FILL]. How old were you the last time you used ""smokeless"" tobacco?",,8
PRIOR SUBSTANCE USE,358,320,"LU05A, LU05B, LU05C",SMKYRLAST1,4,"YEAR OF LAST ""SMOKELESS"" TOBACCO USE - RECODE","Did you last use ""smokeless"" tobacco in [CURRENT YEAR - 1] or [CURRENT YEAR]? Did you last use ""smokeless"" tobacco in [CURRENT YEAR - 2] or [CURRENT YEAR - 1]? In what month in [CURRENT YEAR] did you last use ""smokeless"" tobacco?",,8
PRIOR SUBSTANCE USE,359,321,"LU05C, LU05D",SMKMOLAST1,2,MONTH OF LAST SMOKELESS TOBACCO USE - RECODE,"In what month in [CURRENT YEAR] did you last use ""smokeless"" tobacco? In what month in [YEAR FROM LU05a or LU05b] did you last use ""smokeless"" tobacco?",,19
PRIOR SUBSTANCE USE,359,321,LU07,CGRAGLST1,3,HOW OLD WERE YOU THE LAST TIME SMOKED CIGAR,The computer recorded that you last smoked part or all of a cigar [CG37REC FILL]. How old were you the last time you smoked part or all of a cigar?,,7
PRIOR SUBSTANCE USE,359,321,"LU07A, LU07B, LU07C",CIGARYLU1,4,YEAR OF LAST CIGAR USE - RECODE,Did you last smoke part or all of a cigar in [CURRENT YEAR - 1] or [CURRENT YEAR]? Did you last smoke part or all of a cigar in [CURRENT YEAR - 2] or [CURRENT YEAR - 1]? In what month in [CURRENT YEAR] did you last smoke part or all of a cigar?,,8
PRIOR SUBSTANCE USE,360,322,"LU07C, LU07D",CIGARMLU1,2,MONTH OF LAST CIGAR USE - RECODE,In what month in [CURRENT YEAR] did you last smoke part or all of a cigar? In what month in [YEAR FROM LU07a or LU07b] did you last smoke part or all of a cigar?,,19
PRIOR SUBSTANCE USE,360,322,LU08,ALCAGLST1,3,HOW OLD WERE YOU LAST TIME DRANK ALCOHOL BEVERAGE,The computer recorded that you last drank an alcoholic beverage [ALCREC FILL]. How old were you the last time you drank an alcoholic beverage?,,8
PRIOR SUBSTANCE USE,360,322,"LU08A, LU08B, LU08C",ALCYLU1,4,YEAR OF LAST ALCOHOL USE - RECODE,Did you last drink an alcoholic beverage in [CURRENT YEAR - 1] or [CURRENT YEAR]? Did you last drink an alcoholic beverage in [CURRENT YEAR - 2] or [CURRENT YEAR - 1]? In what month in [CURRENT YEAR] did you last drink an alcoholic beverage?,,8
PRIOR SUBSTANCE USE,361,323,"LU08C, LU08D",ALCMLU1,2,MONTH OF LAST ALCOHOL USE - RECODE,In what month in [CURRENT YEAR] did you last drink an alcoholic beverage? In what month in [YEAR FROM LU08a or LU08b] did you last drink an alcoholic beverage?,,19
PRIOR SUBSTANCE USE,361,323,LU09,COCAGLST1,3,HOW OLD WERE YOU THE LAST TIME USED COCAINE,The computer recorded that you last used cocaine [CCREC FILL]. How old were you the last time you used cocaine?,,8
PRIOR SUBSTANCE USE,361,323,"LU09A, LU09B, LU09C",COCYLU1,4,YEAR OF LAST COCAINE USE - RECODE,Did you last use cocaine in [CURRENT YEAR - 1] or [CURRENT YEAR]? Did you last use cocaine in [CURRENT YEAR - 2] or [CURRENT YEAR - 1]? In what month in [CURRENT YEAR] did you last use cocaine?,,8
PRIOR SUBSTANCE USE,362,324,"LU09C, LU09D",COCMLU1,2,MONTH OF LAST COCAINE USE - RECODE,In what month in [CURRENT YEAR] did you last use cocaine? In what month in [YEAR FROM LU09a or LU09b] did you last use cocaine?,,19
PRIOR SUBSTANCE USE,362,324,LU10,CRKAGLST1,3,HOW OLD WERE YOU THE LAST TIME USED CRACK,"The computer recorded that you last used ""crack"" [CKREC FILL]. How old were you the last time you used ""crack?""",,7
PRIOR SUBSTANCE USE,362,324,"LU10A, LU10B, LU10C",CRKYLU1,4,YEAR OF LAST CRACK USE - RECODE,"Did you last use ""crack"" in [CURRENT YEAR - 1] or [CURRENT YEAR]? Did you last use ""crack"" in [CURRENT YEAR - 2] or [CURRENT YEAR - 1]? In what month in [CURRENT YEAR] did you last use ""crack""?",,8
PRIOR SUBSTANCE USE,363,325,"LU10C, LU10D",CRKMLU1,2,MONTH OF LAST CRACK USE - RECODE,"In what month in [CURRENT YEAR] did you last use ""crack""? In what month in [YEAR FROM LU10a or LU10b] did you last use ""crack""?",,19
PRIOR SUBSTANCE USE,363,325,LU11,HERAGLST1,3,HOW OLD WERE YOU THE LAST TIME USED HEROIN,The computer recorded that you last used heroin [HEREC FILL]. How old were you the last time you used heroin?,,7
PRIOR SUBSTANCE USE,363,325,"LU11A, LU11B, LU11C",HERYLU1,4,YEAR OF LAST HEROIN USE - RECODE,Did you last use heroin in [CURRENT YEAR - 1] or [CURRENT YEAR]? Did you last use heroin in [CURRENT YEAR - 2] or [CURRENT YEAR - 1]? In what month in [CURRENT YEAR] did you last use heroin?,,8
PRIOR SUBSTANCE USE,364,326,"LU11C, LU11D",HERMLU1,2,MONTH OF LAST HEROIN USE - RECODE,In what month in [CURRENT YEAR] did you last use heroin? In what month in [YEAR FROM LU11a or LU11b] did you last use heroin?,,19
PRIOR SUBSTANCE USE,364,326,LU12,HALLAGLST1,3,HOW OLD WERE YOU THE LAST TIME USED HALLUCINOGEN,The computer recorded that you last used [LSFILL] [HALLREC FILL]. How old were you the last time you used [LSFILL]?,,8
PRIOR SUBSTANCE USE,364,326,"LU12A, LU12B, LU12C",HALLYRLST1,4,YEAR OF LAST HALLUCINOGEN USE - RECODE,Did you last use [LSFILL] in [CURRENT YEAR - 1] or [CURRENT YEAR]? Did you last use [LSFILL] in [CURRENT YEAR - 2] or [CURRENT YEAR - 1]? In what month in [CURRENT YEAR] did you last use [LSFILL]?,,8
PRIOR SUBSTANCE USE,365,327,"LU12C, LU12D",HALLMOLST1,2,MONTH OF LAST HALLUCINOGEN USE - RECODE,In what month in [CURRENT YEAR] did you last use [LSFILL]? In what month in [YEAR FROM LU12a or LU12b] did you last use [LSFILL]?,,19
PRIOR SUBSTANCE USE,365,327,LU13,LSDAGLST1,3,HOW OLD WERE YOU THE LAST TIME USED LSD,The computer recorded that you last used LSD [LSDREC FILL]. How old were you the last time you used LSD?,,8
PRIOR SUBSTANCE USE,365,327,"LU13A, LU13B, LU13C",LSDYLU1,4,YEAR OF LAST LSD USE - RECODE,Did you last use LSD in [CURRENT YEAR - 1] or [CURRENT YEAR]? Did you last use LSD in [CURRENT YEAR - 2] or [CURRENT YEAR - 1]? In what month in [CURRENT YEAR] did you last use LSD?,,8
PRIOR SUBSTANCE USE,366,328,"LU13C, LU13D",LSDMLU1,2,MONTH OF LAST LSD USE - RECODE,In what month in [CURRENT YEAR] did you last use LSD? In what month in [YEAR FROM LU13a or LU13b] did you last use LSD?,,19
PRIOR SUBSTANCE USE,366,328,LU14,PCPAGLST1,3,HOW OLD WERE YOU THE LAST TIME USED PCP,The computer recorded that you last used PCP [PCPREC FILL]. How old were you the last time you used PCP?,,7
PRIOR SUBSTANCE USE,366,328,"LU14A, LU14B, LU14C",PCPYLU1,4,YEAR OF LAST PCP USE - RECODE,Did you last use PCP in [CURRENT YEAR - 1] or [CURRENT YEAR]? Did you last use PCP in [CURRENT YEAR - 2] or [CURRENT YEAR - 1]? In what month in [CURRENT YEAR] did you last use PCP?,,7
PRIOR SUBSTANCE USE,367,329,"LU14C, LU14D",PCPMLU1,2,MONTH OF LAST PCP USE - RECODE,In what month in [CURRENT YEAR] did you last use PCP? In what month in [YEAR FROM LU14a or LU14b] did you last use PCP?,,15
PRIOR SUBSTANCE USE,367,329,LU15,ECSTMOAGL1,3,HOW OLD WERE YOU THE LAST TIME USED ECSTASY/MOLLY,"The computer recorded that you last used ""Ecstasy"" or ""Molly"" also known as MDMA [ECSTREC FILL]. How old were you the last time you used ""Ecstasy"" or ""Molly"" ?",,7
PRIOR SUBSTANCE USE,367,329,"LU15A, LU15B, LU15C",ECSTMOYLU1,4,YEAR OF LAST ECSTASY OR MOLLY USE - RECODE,"Did you last use ""Ecstasy"" or ""Molly"" in [CURRENT YEAR - 1] or [CURRENT YEAR]? Did you last use ""Ecstasy"" or ""Molly"" in [CURRENT YEAR - 2] or [CURRENT YEAR - 1]? In what month in [CURRENT YEAR] did you last use ""Ecstasy"" or ""Molly""?",,8
PRIOR SUBSTANCE USE,368,330,"LU15C, LU15D",ECSTMOMLU1,2,MONTH OF LAST ECSTASY OR MOLLY USE - RECODE,"In what month in [CURRENT YEAR] did you last use ""Ecstasy"" or ""Molly""? In what month in [YEAR FROM LU15a or LU15b] did you last use ""Ecstasy"" or ""Molly""?",,19
PRIOR SUBSTANCE USE,368,330,LU16,INHLAGLST1,3,HOW OLD WERE YOU THE LAST TIME USED INHALANTS,The computer recorded that you last used any inhalants for kicks or to get high [INREC FILL]. How old were you the last time you used any inhalants for kicks or to get high?,,7
PRIOR SUBSTANCE USE,368,330,"LU16A, LU16B, LU16C",INHLYRLST1,4,YEAR OF LAST INHALANT USE - RECODE,Did you last use an inhalant for kicks or to get high in [CURRENT YEAR - 1] or [CURRENT YEAR]? Did you last use an inhalant for kicks or to get high in [CURRENT YEAR - 2] or [CURRENT YEAR - 1]? In what month in [CURRENT YEAR] did you last use an inhalant for kicks or to get high?,,8
PRIOR SUBSTANCE USE,369,331,"LU16C, LU16D",INHLMOLST1,2,MONTH OF LAST INHALANT USE - RECODE,In what month in [CURRENT YEAR] did you last use an inhalant for kicks or to get high? In what month in [YEAR FROM LU16a or LU16b] did you last use an inhalant for kicks or to get high?,,19
PRIOR SUBSTANCE USE,369,331,LU17,METHAGLST1,3,HOW OLD WERE YOU THE LAST TIME USED METH,The computer recorded that you last used methamphetamine [MEREC FILL]. How old were you the last time you used methamphetamine?,,7
PRIOR SUBSTANCE USE,369,331,"LU17A, LU17B, LU17C",METHYRLST1,4,YEAR OF LAST METHAMPHETAMINE USE - RECODE,Did you last use methamphetamine in [CURRENT YEAR - 1] or [CURRENT YEAR]? Did you last use methamphetamine in [CURRENT YEAR - 2] or [CURRENT YEAR - 1]? In what month in [CURRENT YEAR] did you last use methamphetamine?,,8
PRIOR SUBSTANCE USE,370,332,"LU17C, LU17D",METHMOLST1,2,MONTH OF LAST METH USE - RECODE,In what month in [CURRENT YEAR] did you last use methamphetamine? In what month in [YEAR FROM LU17a or LU17b] did you last use methamphetamine?,"NOTE: Respondents were assigned legitimate skip codes of 99 or 89 in CIGYRBFR if they reported in the core TOBACCO module that they last smoked a cigarette more than 3 years ago. Logically, these respondents would not have smoked a cigarette in the past 12 to 24 months. In addition, CIGYRBFR was not edited with respect to CIGAGLST or CIGDLLST. Therefore, inconsistencies could exist between CIGYRBFR and these other variables. Earlier questions were about the past 12 months. This question is about the year before that, that is, from [DATEFILL - 12 MONTHS] to [DATEFILL]. During that year, beginning [DATEFILL - 12 MONTHS] and ending [DATEFILL], did you smoke part or all of a cigarette, even once?",19
PRIOR SUBSTANCE USE,370,332,LU37,CIGYRBFR1,2,SMOKE ALL OR PART OF CIGARETTE IN YR BEFORE LAST,,"NOTE: The variables ALCYRBFR and ALCAGLST were not edited with respect to one another. Therefore, inconsistencies could exist between these two variables. Earlier questions were about the past 12 months. This question is about the year before that, that is, from [DATEFILL - 12 MONTHS] to [DATEFILL].] During that year, beginning [DATEFILL - 12 MONTHS] and ending [DATEFILL], did you have a drink of any type of alcoholic beverage, even once?",7
PRIOR SUBSTANCE USE,370,332,LU38,ALCYRBFR1,2,HAVE ALCOHOLIC BEVERAGE IN YEAR BEFORE LAST,,"NOTE: The variables COCYRBFR and COCAGLST were not edited with respect to one another. Therefore, inconsistencies could exist between these two variables. Earlier questions were about the past 12 months. This question is about the year before that, that is, from [DATEFILL - 12 MONTHS] to [DATEFILL]. During that year, beginning [DATEFILL - 12 MONTHS] and ending [DATEFILL], did you use any form of cocaine, even once?",7
PRIOR SUBSTANCE USE,371,333,LU39,COCYRBFR1,2,HAVE ANY FORM OF COCAINE IN YEAR BEFORE LAST,,,7
DRUG TREATMENT,372,334,TX01,TXEVRRCVD1,2,EVER RECEIVED ALCOHOL OR DRUG TREATMENT,"The values in this section may be inconsistent with values for variables in other sections of the interview. Items in this section were edited when respondents legitimately skipped out of these items based on prior answers in earlier sections. Otherwise, variables in one section of the interview generally were not edited to make them consistent with variables in another section of the interview. This note applies to variables in this section marked by a1. NOTE: Respondents were not asked questions in the SUBSTANCE TREATMENT module if they did not report lifetime use of alcohol, marijuana, cocaine, heroin, hallucinogens, inhalants, methamphetamine, or lifetime misuse of prescription psychotherapeutics (pain relievers, tranquilizers, stimulants, or sedatives). Codes of 91 in the edited SUBSTANCE TREATMENT variables indicate that the questions did not apply because respondents never used (or misused) any of these substances. NOTE: Changes to the drug treatment section of NSDUH in the 2021 questionnaire, including revisions to skip logic and to the reference periods for some measures, resulted in the renaming of many edited variables in this section. The new variable names are TXYRUSEADB, TXYRUSEALC, TXYRUSEMRJ, TXYRUSECOC, TXYRUSEHER, TXYRUSEINH, TXYRUSEMTH, TXYRUSEPNR, TXYRUSETRQ, TXYRUSESTM TXYRUSESED TXYRUSEOTH, TXYRUSEMAIN2, TXLTYMNPLC2, TXLTYPYHINS, TXLTYPYMCRE, TXLTYPYMCAD, TXLTYPYPUBL, TXLTYPYSVNG, TXLTYPYFAML, TXLTYPYCOUR, TXLTYPYMILT, TXLTYPYEMPL, TXLTYPYOTHR, TXLTYPYOTSP, and TXLTYPYFREE. The remaining variables in this section retained the names from previous years because the impact from the questionnaire changes was negligible. These next questions deal with treatment for alcohol and drug problems, not including cigarettes. Please report treatment or counseling designed to help you reduce or stop your alcohol or drug use. Please include detoxification and any other treatment for medical problems associated with your alcohol or drug use. Have you ever received treatment or counseling for your use of alcohol or any drug, not counting cigarettes?",,7
DRUG TREATMENT,372,334,TX02,TXYRRECVD1,2,EVER RECEIVED ALCOHOL OR DRUG TRMT PAST 12 MOS,"During the past 12 months, that is since [DATEFILL] have you received treatment or counseling for your use of alcohol or any drug, not counting cigarettes?",,9
DRUG TREATMENT,373,335,TX03,TXYRUSEADB1,2,"RCVD TREATMENT IN PAST 12 MOS FOR ALCOHOL, DRUGS, OR BOTH","During the past 12 months when you received treatment, was the treatment for alcohol use only, drug use only, or both alcohol and drug use?",,17
DRUG TREATMENT,373,335,TX04A,TXYRHOSOV1,2,RCVD TXFILL1 TRMT IN HOSP/OVERNIGHT PST 12 MOS,"During the past 12 months, have you received treatment for your [TXFILL1] in a hospital overnight or longer as an inpatient?",,9
DRUG TREATMENT,373,335,TX04A1,TXYRHOSAD1,2,"HOSP/OVERNIGHT TRMT FOR ALC, DRUGS, OR BOTH","Was the treatment you received in a hospital overnight or longer as an inpatient for your alcohol use, your drug use, or both?",,7
DRUG TREATMENT,373,335,TX04B,TXYRRESOV1,2,RCVD TXFILL1 TRMT REHAB CENTR/OVERNIGHT PST 12 MO,"During the past 12 months, have you received treatment for your [TXFILL1] in a residential drug or alcohol rehabilitation facility where you stayed overnight or longer?",,9
DRUG TREATMENT,374,336,TX04B1,TXYRRESAD1,2,"RES ALC/DRG REH TRMT FOR ALC, DRUGS, OR BOTH","Was the treatment you received in a residential drug or alcohol rehabilitation facility where you stayed overnight or longer for your alcohol use, your drug use, or both?",,8
DRUG TREATMENT,374,336,TX04C,TXYROUTPT1,2,RCVD TXFILL1 TRMT REHAB CENTR/OUTPT PST 12 MOS,"During the past 12 months, have you received treatment for your [TXFILL1] in a drug or alcohol rehabilitation facility as an outpatient?",,9
DRUG TREATMENT,374,336,TX04C1,TXYROUTAD1,2,"OUTPATIENT TRMT FOR ALC, DRUGS, OR BOTH","Was the treatment you received in a drug or alcohol rehabilitation facility as an outpatient for your alcohol use, your drug use, or both?",,7
DRUG TREATMENT,374,336,TX04D,TXYRMHCOP1,2,RCVD TXFILL1 TRMT MNT HEALTH CNTR/OUTPT PST 12 MO,"During the past 12 months, have you received treatment for your [TXFILL1] in a mental health center or facility as an outpatient?",,9
DRUG TREATMENT,375,337,TX04D1,TXYRMHCAD1,2,"MNT HEALTH CNTR TRMT FOR ALC, DRUGS, OR BOTH","Was the treatment you received in a mental health center or facility as an outpatient for your alcohol use, your drug use, or both?",,7
DRUG TREATMENT,375,337,TX04E,TXYREMRGN1,2,RCVD TXFILL1 TRMT IN EMERGENCY ROOM PAST 12 MOS,"During the past 12 months, have you received treatment for your [TXFILL1] in an emergency room?",,10
DRUG TREATMENT,375,337,TX04E1,TXYREMRAD1,2,"EMERGENCY ROOM TRMT FOR ALC, DRUGS, OR BOTH","Was the treatment you received in an emergency room for your alcohol use, your drug use, or both?",,7
DRUG TREATMENT,375,337,TX04F,TXYRDRPRV1,2,RCVD TXFILL1 TRMT IN PRIV DR.'S OFFICE PST 12 MOS,"During the past 12 months, have you received treatment for your [TXFILL1] in a private doctor's office?",,9
DRUG TREATMENT,375,337,TX04F1,TXYRDRPAD1,2,"PRIV DR.'S OFFICE TRMT FOR ALC, DRUGS, OR BOTH","Was the treatment you received in a private doctor's office for your alcohol use, your drug use, or both?",,7
DRUG TREATMENT,376,338,TX04G,TXYRPRISN1,2,RCVD TXFILL1 TRMT IN PRISON/JAIL PAST 12 MONTHS,"During the past 12 months, have you received treatment for your [TXFILL1] in a prison or jail?",,9
DRUG TREATMENT,376,338,TX04G1,TXYRPRIAD1,2,"PRISON/JAIL TRMT FOR ALC, DRUGS, OR BOTH","Was the treatment you received in a prison or jail for your alcohol use, your drug use, or both?",,7
DRUG TREATMENT,376,338,TX04H,TXYRSLFHP1,2,RCVD TXFILL1 TRMT IN SELF-HELP GROUP PAST 12 MOS,"During the past 12 months, have you received treatment for your [TXFILL1] in a self-help group such as Alcoholics Anonymous or Narcotics Anonymous?",,9
DRUG TREATMENT,376,338,TX04H1,TXYRSLFAD1,2,"SELF-HELP GROUP TRMT FOR ALC, DRUGS, OR BOTH","Was the treatment you received in a self-help group for your alcohol use, your drug use, or both?",,7
DRUG TREATMENT,377,339,TXSBTELE,TXYRTELE,2,RCVD ALC OR DRG TRMT OVER PHONE/EMAIL/VIDEO IN PST 12 MO,"During the past 12 months, have you received any professional counseling, medication or treatment for your alcohol or drug use over the phone, by email, or through video calling?",,9
DRUG TREATMENT,377,339,TX04I,TXYROTHER1,2,RCVD TXFILL1 TRMT IN SOME OTHER PLACE PAST 12 MOS,"During the past 12 months, have you received treatment for your [TXFILL1] in some other place besides these that have been listed?",,9
DRUG TREATMENT,377,339,TX04SC,TXYROTHSP21,3,OTHER PLACE RCVD TRMT PAST 12 MONTHS,,,26
DRUG TREATMENT,378,340,TX04I1,TXYROTHAD1,2,"OTHER PLACE TRMT FOR ALC, DRUGS, OR BOTH","Was the treatment you received in this other place for your alcohol use, your drug use, or both?",,6
DRUG TREATMENT,378,340,TX05,TXYRERDRG1,2,EVER VISIT EMER RM FOR TRMT OF ILL DRUG PST 12 MO,"During the past 12 months, that is, since [DATEFILL], did you visit a hospital emergency room to receive treatment for your use of cocaine, heroin, marijuana, PCP, LSD, or Methamphetamine?",,7
DRUG TREATMENT,378,340,TX06,TXYRERNUM21,3,# TIMES EMER RM FOR TRMT OF ILL DRUGS PST 12 MOS,"During the past 12 months, how many times did you visit a hospital emergency room to receive treatment for your use of cocaine, heroin, marijuana, PCP, LSD, or Methamphetamine?",,5
DRUG TREATMENT,378,340,TX07,TXCURRENT1,2,CURRENTLY RECEIVING TRMT/COUNSELING FOR TXFILL1,Are you currently receiving treatment or counseling for your [TXFILL1]?,,10
DRUG TREATMENT,378,340,TX08,NDTXYRADG1,2,NEED TRMT FOR USE OF ALCOHOL OR DRUG PAST 12 MOS,"During the past 12 months, did you need treatment or counseling for your alcohol or drug use?",,10
DRUG TREATMENT,379,341,TX09,NDMORTXYR1,2,NEED ADDL TRMT FOR USE OF ALCOHOL/DRUG PST 12 MOS,"During the past 12 months, did you need additional treatment or counseling for your alcohol or drug use?",,7
DRUG TREATMENT,379,341,TX10,NDMORTALC1,2,NEED ADDL TRMT FOR USE OF ALCOHOL PAST 12 MOS,"During the past 12 months, for which of the following drugs did you need additional treatment or counseling?",,6
DRUG TREATMENT,379,341,TX10,NDMORTMRJ1,2,NEED ADDL TRMT FOR USE OF MJ/HASH PAST 12 MOS,,,6
DRUG TREATMENT,379,341,TX10,NDMORTCOC1,2,NEED ADDL TRMT FOR USE OF COC/CRACK PAST 12 MOS,,,6
DRUG TREATMENT,379,341,TX10,NDMORTHER1,2,NEED ADDL TRMT FOR USE OF HEROIN PAST 12 MOS,,,6
DRUG TREATMENT,379,341,TX10,NDMORTHAL1,2,NEED ADDL TRMT FOR USE OF HALLUC PAST 12 MOS,,,6
DRUG TREATMENT,380,342,TX10,NDMORTINH1,2,NEED ADDL TRMT FOR USE OF INHALANTS PAST 12 MOS,,,5
DRUG TREATMENT,380,342,TX10,NDMORTMTH1,2,NEED ADDL TRMT FOR USE OF METHAMPHETAMINE PAST 12 MOS,,,6
DRUG TREATMENT,380,342,TX10,NDMORTPNR1,2,NEED ADDL TRMT FOR USE OF PAIN REL PST 12 MOS,,,6
DRUG TREATMENT,380,342,TX10,NDMORTTRQ1,2,NEED ADDL TRMT FOR USE OF TRAN PAST 12 MOS,,,6
DRUG TREATMENT,380,342,TX10,NDMORTSTM1,2,NEED ADDL TRMT FOR USE OF STIMULANTS PST 12 MOS,,,5
DRUG TREATMENT,380,342,TX10,NDMORTSED1,2,NEED ADDL TRMT FOR USE OF SEDATIVES PST 12 MOS,,,5
DRUG TREATMENT,380,342,TX10,NDMORTOTH1,2,NEED ADDL TRMT FOR USE OF SOME OTH DRG PST 12 MOS,,,6
DRUG TREATMENT,381,343,TX11,NDTXYRALC1,2,NEED TRMT FOR USE OF ALCOHOL PAST 12 MONTHS,During the past 12 months did you need treatment or counseling for your use of alcohol?,,8
DRUG TREATMENT,381,343,TX12,NDTXYRMRJ1,2,NEED TRMT FOR USE OF MARIJUANA/HASHISH PAST 12 MOS,"During the past 12 months, did you need treatment or counseling for your use of marijuana or hashish?",,9
DRUG TREATMENT,381,343,TX13,NDTXYRCOC1,2,NEED TRMT FOR USE OF COCAINE/CRACK PAST 12 MONTHS,"During the past 12 months, did you need treatment or counseling for your use of cocaine or 'crack'?",,8
DRUG TREATMENT,381,343,TX14,NDTXYRHER1,2,NEED TRMT FOR USE OF HEROIN PAST 12 MONTHS,"During the past 12 months, did you need treatment or counseling for your use of heroin?",,8
DRUG TREATMENT,382,344,TX15,NDTXYRHAL1,2,NEED TRMT FOR USE OF HALLUCINOGENS PAST 12 MONTHS,"During the past 12 months, did you need treatment or counseling for your use of hallucinogens?",,8
DRUG TREATMENT,382,344,TX16,NDTXYRINH1,2,NEED TRMT FOR USE OF INHALANTS PAST 12 MONTHS,"During the past 12 months, did you need treatment or counseling for your use of inhalants?",,9
DRUG TREATMENT,382,344,TX16A,NDTXYRMTH1,2,NEED TRMT FOR USE OF METHAMPHETAMINE PAST 12 MONTHS,"During the past 12 months, did you need treatment or counseling for your use of methamphetamine?",,8
DRUG TREATMENT,382,344,TX17,NDTXYRPNR1,2,NEED TRMT FOR USE OF RX PAIN RELIEVERS PST 12 MOS,"During the past 12 months, did you need treatment or counseling for your use of prescription pain relievers?",,10
DRUG TREATMENT,383,345,TX18,NDTXYRTRQ1,2,NEED TRMT FOR USE OF RX TRANQUILIZERS PST 12 MOS,"During the past 12 months, did you need treatment or counseling for your use of prescription tranquilizers?",,9
DRUG TREATMENT,383,345,TX19,NDTXYRSTM1,2,NEED TRMT FOR USE OF RX STIMULANTS PST 12 MOS,"During the past 12 months, did you need treatment or counseling for your use of prescription stimulants?",,9
DRUG TREATMENT,383,345,TX20,NDTXYRSED1,2,NEED TRMT FOR USE OF RX SEDATIVES PST 12 MOS,"During the past 12 months, did you need treatment or counseling for your use of prescription sedatives?",,9
DRUG TREATMENT,383,345,TX21,NDTXYROTH1,2,NEED TRMT FOR USE OF SOME OTHER DRUG PAST 12 MOS,"During the past 12 months, did you need treatment or counseling for your use of some other drug besides the ones just listed?",,10
DRUG TREATMENT,384,346,TX21SC1,NDTXYOTH11,4,OTHER DRUG NEEDED TRMT FOR PST 12 MOS - SPECIFY 1,,,16
DRUG TREATMENT,384,346,TX21SC2,NDTXYOTH21,4,OTHER DRUG NEEDED TRMT FOR PST 12 MOS - SPECIFY 2,,,8
DRUG TREATMENT,384,346,TX21SC3,NDTXYOTH31,4,OTHER DRUG NEEDED TRMT FOR PST 12 MOS - SPECIFY 3,,,6
DRUG TREATMENT,384,346,TX21SC4,NDTXYOTH41,4,OTHER DRUG NEEDED TRMT FOR PST 12 MOS - SPECIFY 4,,,6
DRUG TREATMENT,384,346,TX21SC5,NDTXYOTH51,4,OTHER DRUG NEEDED TRMT FOR PST 12 MOS - SPECIFY 5,,"NOTE: NDTXEFFRT was assigned a code of 11 if the respondent originally reported making an effort to obtain treatment but at least one of the following occurred: (a) the respondent was logically inferred to have gotten treatment in the past 12 months (TXYRRECVD=3); or (b) the respondent did not perceive a need for treatment for use of any of the specific drugs that he/she was asked about (i.e., all questions about the perceived need for treatment for specific drugs were answered as ""no""). During the past 12 months, did you make an effort to get treatment or counseling for your use of [TXFILL2]?",5
DRUG TREATMENT,385,347,TX22,NDTXEFFRT1,2,MAKE EFFORT FOR TRMT OF TXFILL2 PAST 12 MONTHS,,,8
DRUG TREATMENT,385,347,TX22A,NDTXNOCOV1,2,NOT GET TRMT COULDN'T AFFORD - NO HLTH CARE COVER,Which of these statements explain why you did not get the treatment or counseling you needed for your use of [TXFILL2]?,,9
DRUG TREATMENT,385,347,TX22A,NDTXNOTPY1,2,TREATMENT NOT COVERED ON HLTH CARE,,,9
DRUG TREATMENT,385,347,TX22A,NDTXTSPHR1,2,"NO TRANSPORTATION, TOO FAR AWAY, NOT CONVENIENT",,,8
DRUG TREATMENT,386,348,TX22A,NDTXWANTD1,2,TREATMENT NOT FOUND FOR TYPE WANTED,,,8
DRUG TREATMENT,386,348,TX22A,NDTXNSTOP1,2,NOT READY TO STOP USING [TXFILL2],,,9
DRUG TREATMENT,386,348,TX22A,NDTXPFULL1,2,NO OPENINGS IN THE PROGRAMS,,,8
DRUG TREATMENT,386,348,TX22A,NDTXDKWHR1,2,DIDN'T KNOW WHERE TO GET TREATMENT,,,8
DRUG TREATMENT,386,348,TX22A,NDTXNBRNG1,2,TREATMENT MIGHT CAUSE NEIGHBRS TO HAVE NEG OPIN,,,8
DRUG TREATMENT,387,349,TX22A,NDTXJOBNG1,2,TREATMENT MIGHT HAVE NEG. EFFECT ON JOB,,,9
DRUG TREATMENT,387,349,TX22B,NDTXNONED1,2,YOU DIDN'T THINK YOU NEEDED TREATMENT AT THE TIME,Which of these statements explain why you did not get the treatment or counseling you needed for your use of [TXFILL2]?,,9
DRUG TREATMENT,387,349,TX22B,NDTXHANDL1,2,YOU THOUGHT YOU COULD HANDLE THE PROB W/O TREATMT,,,9
DRUG TREATMENT,387,349,TX22B,NDTXNOHLP1,2,YOU DIDN'T THINK TREATMENT WOULD HELP,,,9
DRUG TREATMENT,387,349,TX22B,NDTXNTIME1,2,"YOU DIDN'T HAVE TIME (JOB, CHILDCARE, OR OTH COM)",,,8
DRUG TREATMENT,388,350,TX22B,NDTXFNDOU1,2,DIDN'T WANT OTHERS TO FIND OUT YOU NEEDED TRMT,,,9
DRUG TREATMENT,388,350,"TX22A, TX22B",NDTXOTRSN1,2,SOME OTHER REASON OR REASONS,,,8
DRUG TREATMENT,388,350,TX22SC1,NDTXMIMPT1,2,MOST IMPORTANT OTHER REASON DIDNT GET TRTMT,,,25
DRUG TREATMENT,388,350,TX23,NDMREFFRT1,2,MAKE EFFORT FOR ADDL TRMT FOR ALC/DRG PST 12 MOS,"During the past 12 months, did you make an effort to get additional treatment or counseling for your use of alcohol or any other drug?",,6
DRUG TREATMENT,389,351,TX23A,NDMRNOCOV1,2,NOT GET ADDITIONAL TRMT COULDN'T AFFORD - NO HLTH CARE COVER,Which of these statements explain why you did not get the additional treatment or counseling you needed for your use of alcohol or drugs?,,7
DRUG TREATMENT,389,351,TX23A,NDMRNOTPY1,2,ADDITIONAL TREATMENT NOT COVERED ON HLTH CARE,,,7
DRUG TREATMENT,389,351,TX23A,NDMRTSPHR1,2,"NO TRANSPORTATION, TOO FAR AWAY, NOT CONVENIENT FOR ADD TRMT",,,7
DRUG TREATMENT,389,351,TX23A,NDMRWANTD1,2,ADDITIONAL TREATMENT NOT FOUND FOR TYPE WANTED,,,7
DRUG TREATMENT,389,351,TX23A,NDMRNSTOP1,2,NOT READY TO STOP USING ALCOHOL OR DRUGS,,,7
DRUG TREATMENT,389,351,TX23A,NDMRPFULL1,2,NO OPENINGS IN THE PROGRAMS FOR ADDITIONAL TREATMENT,,,7
DRUG TREATMENT,390,352,TX23A,NDMRDKWHR1,2,DIDN'T KNOW WHERE TO GET ADDITIONAL TREATMENT,,,7
DRUG TREATMENT,390,352,TX23A,NDMRNBRNG1,2,TREATMENT MIGHT CAUSE NEIGHBRS TO HAVE NEG. OPIN,,,6
DRUG TREATMENT,390,352,TX23A,NDMRJOBNG1,2,ADDITIONAL TREATMENT MIGHT HAVE NEG. EFFECT ON JOB,,,7
DRUG TREATMENT,390,352,TX23B,NDMRNONED1,2,YOU DIDN'T THINK YOU NEEDED ADDITIONAL TREATMENT AT THE TIME,Which of these statements explain why you did not get the additional treatment or counseling you needed for your use of alcohol or drugs?,,7
DRUG TREATMENT,390,352,TX23B,NDMRHANDL1,2,YOU THOUGHT YOU COULD HANDLE THE PROB W/O ADDITIONAL TREATMT,,,8
DRUG TREATMENT,390,352,TX23B,NDMRNOHLP1,2,YOU DIDN'T THINK ADDITIONAL TREATMENT WOULD HELP,,,7
DRUG TREATMENT,391,353,TX23B,NDMRNTIME1,2,"DIDN'T HAVE TIME (JOB, CHILDCARE, OR OTH COM) FOR ADD TRMT",,,7
DRUG TREATMENT,391,353,TX23B,NDMRFNDOU1,2,DIDN'T WANT OTHERS TO FIND OUT YOU NEEDED ADDITIONAL TRMT,,,7
DRUG TREATMENT,391,353,"TX23A, TX23B",NDMROTRSN1,2,SOME OTHER REASON OR REASONS FOR NOT RCVG ADD TRMT,,,7
DRUG TREATMENT,391,353,TX23SC1,NDMRMIMPT1,2,MOST IMPORTANT OTHR REASON DIDNT GET ADDL TRTMT,,,10
DRUG TREATMENT,391,353,TX24,TXRCVDREC1,2,TIME SINCE LAST RCVD ALCOHOL OR DRUG TREATMENT,"How long has it been since you were last in treatment or counseling for your alcohol or drug use, not counting cigarettes?","NOTE: For most of the remaining questions in the SUBSTANCE TREATMENT module, the wording differed depending on whether respondents previously reported that they were still in treatment or that they were no longer in treatment. Where two question wordings appear for a given variable, the first wording was what respondents received if they reported that they were no longer in treatment. The second wording was what respondents received if they reported that they were still in treatment. What was the main place where you received treatment the last time you started treatment/are currently receiving treatment for your alcohol or other drug use, not counting cigarettes?",11
DRUG TREATMENT,392,354,"TX25, TX25SC1",TXLTPYMNPLC21,3,MAIN PLACE RCV TRMT LAST TIME/CURRENTLY,,,27
DRUG TREATMENT,392,354,TX26,TXYRUSEALC1,2,RECEIVED TREATMENT IN PAST 12 MOS FOR ALCOHOL,"During the past 12 months, did you receive treatment or counseling for your use of alcohol?",,10
DRUG TREATMENT,393,355,TX27,TXYRUSEMRJ1,2,RECEIVED TREATMENT IN PAST 12 MOS FOR MARIJUANA/HASHISH,"During the past 12 months, did you receive treatment or counseling for your use of marijuana or hashish?",,10
DRUG TREATMENT,393,355,TX28,TXYRUSECOC1,2,RECEIVED TREATMENT IN PAST 12 MOS FOR COCAINE/CRACK,"During the past 12 months, did you receive treatment or counseling for your use of cocaine or 'crack'?",,9
DRUG TREATMENT,393,355,TX29,TXYRUSEHER1,2,RECEIVED TREATMENT IN PAST 12 MOS FOR HEROIN,"During the past 12 months, did you receive treatment or counseling for your use of heroin?",,9
DRUG TREATMENT,393,355,TX30,TXYRUSEHAL1,2,RECEIVED TREATMENT IN PAST 12 MOS FOR HALLUCINOGENS,"During the past 12 months, did you receive treatment or counseling for your use of hallucinogens?",,10
DRUG TREATMENT,394,356,TX31,TXYRUSEINH1,2,RECEIVED TREATMENT IN PAST 12 MOS FOR INHALANTS,"During the past 12 months, did you receive treatment or counseling for your use of inhalants?",,9
DRUG TREATMENT,394,356,TX31A,TXYRUSEMTH1,2,RECEIVED TREATMENT IN PAST 12 MOS FOR METHAMPHETAMINE,"During the past 12 months, did you receive treatment or counseling for your use of methamphetamine?",,9
DRUG TREATMENT,394,356,TX32,TXYRUSEPNR1,2,RCVD TRMT IN PAST 12 MOS FOR PRESCRIPTION PAIN RELIEVERS,"During the past 12 months, did you receive treatment or counseling for your use of prescription pain relievers?",,11
DRUG TREATMENT,394,356,TX33,TXYRUSETRQ1,2,RCVD TRMT IN PAST 12 MOS FOR PRESCRIPTION TRANQUILIZERS,"During the past 12 months, did you receive treatment or counseling for your use of prescription tranquilizers?",,10
DRUG TREATMENT,395,357,TX34,TXYRUSESTM1,2,RECEIVED TRMT IN PAST 12 MOS FOR PRESCRIPTION STIMULANTS,"During the past 12 months, did you receive treatment or counseling for your use of prescription stimulants?",,10
DRUG TREATMENT,395,357,TX35,TXYRUSESED1,2,RECEIVED TRMT IN PAST 12 MOS FOR PRESCRIPTION SEDATIVE,"During the past 12 months, did you receive treatment or counseling for your use of prescription sedatives?",,10
DRUG TREATMENT,395,357,TX36,TXYRUSEOTH1,2,TRMT IN PAST 12 MOS FOR SOME OTHER DRUG,"During the past 12 months, did you receive treatment or counseling for your use of any other drug?",,11
DRUG TREATMENT,396,358,TX37,TXYRUSEMAIN21,2,MAIN DRUG FOR LAST/CURRENT TREATMENT,What was the main drug you entered treatment for the last time you were treated? What is the main drug for which you are currently receiving treatment or counseling?,,13
DRUG TREATMENT,396,358,"TX38, TX38SC",TXLTYOCOM21,2,OUTCOME OF LAST/CURRENT TREATMENT,What was the outcome of the treatment or counseling you last received?,,15
DRUG TREATMENT,397,359,"TX39, TX40DAY1, TX40DAY2, TX41MON1, TX41MON2, TX41YR1, TX41YR2",TXLTYDAYS21,5,RC - # DAYS IN ALC/DRG TMT SO FAR/LAST TIME - RECODE,"How long did you stay in treatment for your alcohol or drug use during your last treatment at [FILL IN ANSWER FROM TX25]? How long have you been in treatment for your alcohol or drug use at [FILL IN ANSWER FROM TX17]? How long did you stay in treatment for your alcohol or drug use during your last treatment? How long have you been in treatment for your alcohol or drug use so far? Please indicate whether you want to give your answer in days, months, or years. How many days have you been in treatment for your alcohol or drug use so far? How many days did you stay in treatment for your alcohol or drug use the last time? How many months have you been in treatment for your alcohol or drug use so far? How many months did you stay in treatment for your alcohol or drug use the last time? How many years have you been in treatment for your alcohol or drug use so far? How many years did you stay in treatment for your alcohol or drug use the last time?",,8
DRUG TREATMENT,397,359,TX42A,TXLTPYHINS1,2,HEALTH INSURANCE PAY FOR LAST/CURRENT TRMT,"Did private health insurance pay for the last treatment you received, even if it paid only part of the cost? Will private health insurance pay for the treatment you are currently receiving, even if it pays only part of the cost?",,9
DRUG TREATMENT,397,359,TX42B,TXLTPYMCRE1,2,MEDICARE PAY FOR LAST/CURRENT TRMT,"Did Medicare pay for the last treatment you received, even if it paid only part of the cost? Will Medicare pay for the treatment you are currently receiving, even if it pays only part of the cost?",,8
DRUG TREATMENT,398,360,TX42C,TXLTPYMCAD1,2,MEDICAID PAY FOR LAST/CURRENT TRMT,"Did Medicaid pay for the last treatment you received, even if it paid only part of the cost? Will Medicaid pay for the treatment you are currently receiving, even if it pays only part of the cost?",,9
DRUG TREATMENT,398,360,TX42D,TXLTPYPUBL1,2,PUBLIC ASSISTANCE PAY FOR LAST/CURRENT TRMT,"Did a public assistance program other than Medicaid pay for the last treatment you received, even if it paid only part of the cost? Will a public assistance program other than Medicaid pay for the treatment you are currently receiving, even if it pays only part of the cost?",,9
DRUG TREATMENT,398,360,TX42E,TXLTPYSVNG1,2,OWN SAVINGS PAY FOR LAST/CURRENT TRMT,"Did you use your own savings or earnings to pay for the last treatment you received, even if you paid only part of the cost? Will you use your own savings or earnings to pay for the treatment you are currently receiving, even if you pay only part of the cost?",,9
DRUG TREATMENT,399,361,"TX42F, TX42G, TX42H, TX42J",TXLTPYOTHR21,2,SOME OTHER SOURCE PAY FOR LAST/CURRENT TRMT,Was your last treatment paid for by some other source besides those that have been listed? Will the treatment you are currently receiving be paid for by some other source besides those that have been listed?,,10
DRUG TREATMENT,399,361,TX42I,TXLTPYEMPL1,2,EMPLOYER PAY FOR LAST/CURRENT TRMT,"Did your employer pay for the last treatment you received, even if it paid only part of the cost? Will your employer pay for the treatment you are currently receiving, even if it pays only part of the cost?",,9
DRUG TREATMENT,399,361,TX42K,TXLTPYFREE1,2,LAST/CURRENT TREATMENT WAS/IS FREE,Was the last treatment you received free? Is the treatment you are currently receiving free?,,8
DRUG TREATMENT,399,361,TX44,TXYRONDTX1,2,WAS DETOX THE ONLY TRMT RCVD PAST 12 MONTHS,Think about all the treatment or counseling you received for your [TXFILL1] during the past 12 months. Was detoxification the only [TXFILL1] treatment you received during the past 12 months?,"NOTE: The variables TXYALONAG, TXYALODRG, TXYALODAG, TXYDRONAG, TXYDROALC, TXYDROAAG, TXYALDAAG, and TXYALDDAG pertain to respondents who received substance treatment in the past 12 months. TXYALONAG, TXYALODRG, and TXYALODAG pertain to respondents who reported that they received treatment only for alcohol in the past 12 months. TXYDRONAG, TXYDROALC, and TXYDROAAG pertain to respondents who reported that they received treatment only for other drugs in the past 12 months. TXYALDAAG and TXYALDDAG pertain to respondents who reported receiving treatment for both alcohol and other drugs in the past 12 months. Earlier you reported that you received treatment or counseling for your use of alcohol during the past 12 months. How old were you when you first received treatment or counseling for your alcohol use?",9
DRUG TREATMENT,400,362,TX49,TXYALONAG1,3,AGE WHEN FIRST RCVD TRMT/CNSLG FOR ALC USE,,,7
DRUG TREATMENT,400,362,TX49A,TXYALODRG1,2,EVER RCVD TRMT FOR DRUGS (ONLY PAST YR ALC TRMT),"Have you ever received treatment or counseling for your use of any drug, not including cigarettes or alcohol?",,8
DRUG TREATMENT,400,362,TX49B,TXYALODAG1,3,AGE WHEN FIRST RCVD TRMT/CNSLG FOR DRUG USE,How old were you when you first received treatment or counseling for your drug use?,,7
DRUG TREATMENT,400,362,TX50,TXYDRONAG1,3,AGE WHEN FIRST RCVD TRMT/CNSLG FOR DRUG USE,Earlier you reported that you received treatment or counseling for your drug use during the past 12 months. How old were you when you first received treatment or counseling for your drug use?,,8
DRUG TREATMENT,401,363,TX50A,TXYDROALC1,2,EVER RCVD TMT FOR ALCOHOL (ONLY PAST YR DRUG TMT),Have you ever received treatment or counseling for your alcohol use?,,7
DRUG TREATMENT,401,363,TX50B,TXYDROAAG1,3,AGE WHEN FIRST RCVD TRMT/CNSLG FOR ALC USE,How old were you when you first received treatment or counseling for your alcohol use?,,6
DRUG TREATMENT,401,363,TX51,TXYALDAAG1,3,AGE WHEN FIRST RCVD TRMT/CNSLG FOR ALC USE,"Earlier, you reported that you received treatment or counseling for your drug and alcohol use during the past 12 months. How old were you when you first received treatment or counseling for your use of alcohol?",,6
DRUG TREATMENT,401,363,TX51A,TXYALDDAG1,3,AGE WHEN FIRST RCVD TRMT/CNSLG FOR DRUG USE,How old were you when you first received treatment or counseling for your drug use?,"NOTE: TXFGALAGE is a ""flag"" variable that indicates when the first receipt of alcohol treatment in TXYALONAG, TXYDROAAG, or TXYALDAAG is inconsistent with the first use of alcohol (from ALCTRY). When TXFGALAGE=5, the respondent previously reported never using alcohol. However, the respondent subsequently reported an age for first receipt of alcohol treatment, based on some indication of alcohol treatment in TXYRUSEADB.",6
DRUG TREATMENT,401,363,,TXFGALAGE1,2,CONSISTENCY OF ALC TX AGE WITH ALC AFU,,"NOTE: TXFGDGAGE is a ""flag"" variable that indicates when the first receipt of drug treatment in TXYALODAG, TXYDRONAG, or TXYALDDAG is inconsistent with the earliest reported first use of drugs. When TXFGDGAGE=5, the respondent previously reported never using (or misusing) marijuana, cocaine, heroin, hallucinogens, inhalants, or prescription psychotherapeutics (pain relievers, tranquilizers, stimulants, or sedatives). However, the respondent subsequently reported an age for first receipt of drug treatment, based on some indication of drug treatment in TXYRUSEADB.",8
DRUG TREATMENT,402,364,,TXFGDGAGE1,2,CONSISTENCY OF FIRST DRUG TX AGE WITH DRUG AFUS,,"NOTE: TXFGADAGE is a ""flag"" variable that indicates when an inconsistency exists between the first receipt of alcohol or drug treatment and the earliest reported first use of alcohol or drugs. If TXFGALAGE=5 or TXFGDGAGE=5, then TXFGADAGE=5.",7
DRUG TREATMENT,402,364,,TXFGADAGE1,2,CONSISTENCY OF FIRST TX AGE WITH ALC/DRUG AFUS,,,8
DRUG TREATMENT,402,364,TX52,TXSHGWENT1,2,WENT TO SELF-HELP GRP/12-STEP PGMS PAST 12 MOS,"The next question is about self-help groups. Some examples of self-help groups for alcohol or drug use are AA or Alcoholics Anonymous, NA or Narcotics Anonymous, CA or Cocaine Anonymous, and CMA or Crystal Meth Anonymous. During the past 12 months, did you go to any self-help group meetings or 12-step programs to receive help for your own use of alcohol or any drug, not counting cigarettes?",,8
DRUG TREATMENT,402,364,TX53,TXSHGALDB1,2,WENT TO SELF-HELP GRP FOR ALC ONLY/DRUG ONLY/BOTH,"Did you go to the self-help group because of your alcohol use only, your drug use only, or because of both alcohol and drug use?","NOTE: TXSHGFLAG compares the consistency of data in the self-help group variable TXSHGWENT and the self-help group variable TXYRSLFHP. TXSHGFLAG has a value of 1 when TXSHGWENT was answered as ""yes"" but TXYRSLFHP indicates that respondents did not receive treatment in a self-help group, even though they reported that they received treatment in the past 12 months. TXSHGFLAG has a value of 2 when TXSHGWENT was answered as ""yes"" but TXYRRECVD or TXEVRRCVD indicated that respondents never received any treatment in the past 12 months or lifetime, respectively. TXSHGFLAG has a value of 3 when TXSHGWENT was not answered as ""yes"" but TXYRSLFHP indicates that respondents were logically inferred to have gotten treatment in a self-help group in the past 12 months. TXSHGFLAG has a value of 4 when TXSHGWENT was answered as ""yes"" but TXYRSLFHP was answered as ""don't know"" or ""refused"" or it was blank. Finally, TXSHGFLAG has a value of 5 when TXSHGWENT was answered as ""don't know"" or ""refused"" but TXYRSLFHP was answered as ""no.""",10
DRUG TREATMENT,403,365,,TXSHGFLAG1,2,CONSISTENCY FLAG BETWEEN TXSHGWENT AND TXYRSLFHP,,,6
RECODED DRUG TREATMENT,404,366,TXEVRRCVD,TXEVRRCVD2,1,RC-RCVD TRT ANY LOC FOR ILL DRG OR ALC USE IN LIFETIME,"NOTE: Certain source variables that were used to create recoded variables have valid values that might not have been reported or assigned for the current survey year. However, these values have been included in the general specifications in the codebook on how the recoded variables were created. See additional details about this issue in the Organization of the Data File section of this codebook introduction. NOTE: The variables in this section are recoded variables that were created from one or more of the variables from three of the preceding sections: Drug Treatment or Recoded Substance Use Disorder. NOTE: The following seven recoded variables contain information about receiving treatment at any location in lifetime or in the past year.",,2
RECODED DRUG TREATMENT,404,366,TXYRUSEADB,TXYRALC,1,RC-RCVD TRT ANY LOC FOR ALC USE - PST YR,,,2
RECODED DRUG TREATMENT,404,366,TXYRUSEADB,TXYRILL,1,RC-RCVD TRT ANY LOC FOR ILL DRG USE - PST YR,,,2
RECODED DRUG TREATMENT,404,366,TXYRUSEADB,TXYRALNIL,1,RC-RCVD TRT ANY LOC FOR ALC BUT NOT ILL DRG - PST YR,"A respondent was classified as receiving treatment at any location in the past year for alcohol use but not illicit drug use, TXYRALNIL, if they received only alcohol use treatment at any location in the past year (TXYRUSEADB=1,4,21). Respondents with unknown illicit drug use treatment (TXYRUSEADB=4) or who reported receiving alcohol use treatment only but in later treatment questions indicated receiving illicit drug use treatment (TXYRUSEADB=25) are not classified as receiving treatment for alcohol use only.",,2
RECODED DRUG TREATMENT,404,366,TXYRUSEADB,TXYRILNAL,1,RC-RCVD TRT ANY LOC FOR ILL DRG BUT NOT ALC - PST YR,"A respondent was classified as receiving treatment at any location in the past year for illicit drug use but not alcohol use, TXYRILNAL, if they received only illicit drug use treatment at any location in the past year (TXYRUSEADB=2,5). Respondents with unknown alcohol use treatment (TXYRUSEADB=12) are not classified as receiving treatment for illicit drug use only.",,2
RECODED DRUG TREATMENT,404,366,TXYRRECVD,TXYRRECVD2,1,RC-RCVD TRT ANY LOC FOR ILL DRG OR ALC - PST YR,,,2
RECODED DRUG TREATMENT,404,366,TXYRUSEADB,TXYRILANAL,1,RC-RCVD TRT ANY LOC FOR ILL DRG AND ALC - PST YR,,NOTE: The following 14 recoded variables contain respondent information about receiving treatment in the past year for various substances.,2
RECODED DRUG TREATMENT,405,367,TXYRUSEMRJ,TXYRUSEMRJ2,1,RC-RCVD TREATMENT FOR MARIJUANA IN PAST YEAR,,,2
RECODED DRUG TREATMENT,405,367,TXYRUSECOC,TXYRUSECOC2,1,RC-RCVD TREATMENT FOR COCAINE IN PAST YEAR,,,2
RECODED DRUG TREATMENT,405,367,TXYRUSEHER,TXYRUSEHER2,1,RC-RCVD TREATMENT FOR HEROIN IN PAST YEAR,,,2
RECODED DRUG TREATMENT,405,367,TXYRUSEHAL,TXYRUSEHAL2,1,RC-RCVD TREATMENT FOR HALLUCINOGENS IN PAST YEAR,,,2
RECODED DRUG TREATMENT,405,367,TXYRUSEINH,TXYRUSEINH2,1,RC-RCVD TREATMENT FOR INHALANTS IN PAST YEAR,,,2
RECODED DRUG TREATMENT,405,367,TXYRUSEMTH,TXYRUSEMTH2,1,RC-RCVD TREATMENT FOR METHAMPHETAMINE IN PAST YEAR,,,2
RECODED DRUG TREATMENT,405,367,TXYRUSEPNR,TXYRUSEPNR2,1,RC-RCVD TREATMENT FOR PAIN RELIEVERS IN PAST YEAR,,,2
RECODED DRUG TREATMENT,405,367,TXYRUSETRQ,TXYRUSETRQ2,1,RC-RCVD TREATMENT FOR TRANQUILIZERS IN PAST YEAR,,,2
RECODED DRUG TREATMENT,405,367,TXYRUSESTM,TXYRUSESTM2,1,RC-RCVD TREATMENT FOR STIMULANTS IN PAST YEAR,,,2
RECODED DRUG TREATMENT,405,367,TXYRUSESED,TXYRUSESED2,1,RC-RCVD TREATMENT FOR SEDATIVES IN PAST YEAR,,,2
RECODED DRUG TREATMENT,406,368,"TXYRUSEPNR2, TXYRUSESED2, TXYRUSESTM2, TXYRUSETRQ2",TXYRUSEPSY,1,RC-RCVD TREATMENT FOR PSYCHOTHERAPEUTICS IN PY,"The following variable, TXYRUSEPSY, was created by examination of the receipt of treatment in the past year for pain relievers (TXYRUSEPNR2), tranquilizers (TXYRUSETRQ2), sedatives (TXYRUSESED2), and stimulants (TXYRUSESTM2).",,2
RECODED DRUG TREATMENT,406,368,"TXYRUSESED2, TXYRUSETRQ2",TXYRUSETRSD,1,RC-RCVD TREATMENT FOR TRQ OR SED IN PAST YEAR,,,2
RECODED DRUG TREATMENT,406,368,"TXYRUSEHER2, TXYRUSEPNR2",TXYRUSEOPI,1,RC-RCVD TREATMENT FOR OPIOIDS IN PAST YEAR,,,2
RECODED DRUG TREATMENT,406,368,"TXYRUSECOC2, TXYRUSEMTH2, TXYRUSESTM2",TXYRUSECNS,1,RC-RCVD TREATMENT FOR CNS STIM IN PAST YEAR,,NOTE: The following 6 recoded variables contain payment information about respondent's last or current treatment.,2
RECODED DRUG TREATMENT,406,368,TXLTPYHINS,TXLTPYHINS2,1,RC-LAST/CURR ILL DRG/ALC TRT PAID FOR BY INSURANCE,,,2
RECODED DRUG TREATMENT,406,368,TXLTPYMCRE,TXLTPYMCRE2,1,RC-LAST/CURR ILL DRG/ALC TRT PAID FOR BY MEDICARE,,,2
RECODED DRUG TREATMENT,406,368,TXLTPYMCAD,TXLTPYMCAD2,1,RC-LAST/CURR ILL DRG/ALC TRT PAID FOR BY MEDICAID,,,2
RECODED DRUG TREATMENT,406,368,TXLTPYPUBL,TXLTPYPUBL2,1,RC-LAST/CURR ILL DRG/ALC TRT PAID FOR BY PUBLIC ASST,,,2
RECODED DRUG TREATMENT,406,368,TXLTPYSVNG,TXLTPYSVNG2,1,RC-LAST/CURR ILL DRG/ALC TRT PAID FOR BY OWN SAVINGS,,,2
RECODED DRUG TREATMENT,407,369,TXLTPYEMPL,TXLTPYEMPL2,1,RC-LAST/CURR ILL DRG/ALC TRT PAID FOR BY EMPLOYER,,"NOTE: The following seven recoded variables contain information about receiving treatment at a specialty facility in the past year. A respondent was classified as receiving treatment in the past year for alcohol use at a specialty facility, TXYRSPALC, that is a hospital (inpatient), a rehabilitation facility (in or outpatient), or at a mental health center if they met either of these conditions: 1. Reported receiving only alcohol treatment in the past year (TXYRALDGB=1, 4, 11) and that treatment was received at one of the four specialty facilities (TXYRHOSOV=1, 3, 5 or TXYRRESOV=1, 3, 5 or TXYROUTPT=1, 3, 5 or TXYRMHCOP=1, 3, 5 or TXYROTHSP2=21, 22, 23, 24, 45, 46, 56, 64, 76, 81, 86). 2. Reported receiving both illicit drug and alcohol treatment in the past year (TXYRALDGB=3, 6) and reported specifically receiving alcohol treatment at one of the four specialty facilities in the follow-up questions (TXYRHOSAD=1, 3 or TXYRRESAD=1, 3 or TXYROUTAD=1, 3 or TXYRMHCAD=1, 3 or (TXYROTHSP2=21, 22, 23, 24, 45, 46, 56, 64, 76, 81, 86 and TXYROTHAD=1, 3)). (TXYRHOSAD, TXYRHOSOV, TXYRMHCAD, TXYRMHCOP, TXYROTHAD, TXYROTHSP2, TXYROUTAD, TXYROUTPT, TXYRRESAD, TXYRRESOV, TXYRUSEADB)",2
RECODED DRUG TREATMENT,407,369,,TXYRSPALC,1,RC-RCVD TRMT AT SPEC FAC FOR ALC - PST YR,,,2
RECODED DRUG TREATMENT,407,369,,TXYRSPILL,1,RC-RCVD TRMT AT SPEC FAC FOR ILL DRG - PST YR,"A respondent was classified as receiving treatment in the past year for illicit drug use at a specialty facility, TXYRSPILL, that is a hospital (inpatient), a rehabilitation facility (in or outpatient), or a mental health center if they met either of these conditions: 1. Reported receiving only illicit drug treatment in the past year (TXYRALDGB=2, 5, 12) and that treatment was received at one of the four specialty facilities (TXYRHOSOV=1, 3, 5 or TXYRRESOV=1, 3, 5 or TXYROUTPT=1, 3, 5 or TXYRMHCOP=1, 3, 5 or TXYROTHSP2=21, 22,23, 24, 45, 46, 56, 64, 76, 81, 86). 2. Reported receiving both illicit drug and alcohol treatment in the past year (TXYRALDGB=3, 6) and reported specifically receiving illicit drug treatment at one of the four specialty facilities in the follow-up questions (TXYRHOSAD=2, 3 or TXYRRESAD=2, 3 or TXYROUTAD=2, 3 or TXYRMHCAD=2, 3 or (TXYROTHSP2=21, 22, 23, 24, 45, 46, 56, 64, 76, 81, 86 and TXYROTHAD=2, 3)). (TXYRHOSAD, TXYRHOSOV, TXYRMHCAD, TXYRMHCOP, TXYROTHAD, TXYROTHSP2, TXYROUTAD, TXYROUTPT, TXYRRESAD, TXYRRESOV, TXYRUSEADB)",,2
RECODED DRUG TREATMENT,408,370,,TXYSPALNIL,1,RC-RCVD TRMT AT SPEC FAC FOR ALC NOT ILL DRG - PST YR,"A respondent was classified as receiving treatment in the past year for alcohol use but not illicit drug use at a specialty facility, TXYSPALNIL, that is a hospital (inpatient), a rehabilitation facility (in or outpatient), or at a mental health center if they met one of the following conditions: 1. Reported receiving only alcohol treatment in the past year (TXYRALDGB=1) and that treatment was received at a specialty facility (TXYRHOSOV=1, 3, 5 or TXYRRESOV=1, 3, 5 or TXYROUTPT=1, 3, 5 or TXYRMHCOP=1, 3, 5 or TXYROTHSP2=21, 22, 23, 24, 45, 46, 56, 64, 76, 81, 86). 2. Reported receiving only alcohol treatment in the past year but also reported receiving treatment for illicit drug use during their last or current treatment (TXYRALDGB=11), the reported alcohol treatment was received at one of the four specialty facilities (TXYRHOSOV=1, 3, 5 or TXYRRESOV=1, 3, 5 or TXYROUTPT=1, 3, 5 or TXYRMHCOP=1, 3, 5 or TXYROTHSP2=21, 22, 23, 24, 45, 46, 56, 64, 76, 81, 86), and their last or current treatment was not at one of the four specialty facilities (TXLTCURRSP=0). 3. Reported receiving both illicit drug and alcohol treatment in the past year (TXYRALDGB=3, 6) and reported specifically receiving only alcohol treatment at one of the four specialty facilities in the follow-up questions (TXYRHOSAD=1 or TXYRRESAD=1 or TXYROUTAD=1 or TXYRMHCAD=1 or (TXYROTHAD=1 and TXYROTHSP2=21, 22, 23, 24, 45, 46, 56, 64, 76, 81, 86)) but did not report specifically receiving illicit drug treatment or illicit drug and alcohol treatment at one of the four specialty facilities in the follow-up questions (TXYRHOSAD NE 2, 3 or TXYRRESAD NE 2, 3 or TXYROUTAD NE 2, 3 or TXYRMHCAD NE 2, 3 or (TXYROTHAD NE 2, 3 and TXYROTHSP2=21, 22, 23, 24, 45, 46, 56, 64, 76, 81, 86) or TXYROTHSP2 NE 21, 22, 23, 24, 45, 46, 56, 64, 76, 81, 86). For the logically assigned levels of TXYRALDGB, the creation of this variable may be unclear; therefore, details for classifying respondents as not receiving alcohol only treatment at a specialty facility for these logically assigned levels are below: 1. Reported receiving alcohol treatment in the past year but illicit drug treatment status is unknown (TXYRALDGB=4) or reported receiving illicit drug treatment in the past year but alcohol treatment status is unknown (TXYRALDGB=5). 2. Reported receiving only illicit drug treatment in the past year but also reported receiving treatment for alcohol during their last or current treatment (TXYRALDGB=12). 3. Reported receiving only alcohol treatment in the past year but also reported receiving treatment for illicit drug use during their last or current treatment (TXYRALDGB=11) and the reported alcohol treatment was not at a specialty facility (TXYRHOSOV=2, 94, 97, 98 and TXYRRESOV=2, 94, 97, 98 and TXYROUTPT=2, 94, 97, 98 and TXYRMHCOP=2, 94, 97, 98 and TXYROTHSP2 NE 21, 22, 23, 24, 45, 46, 56, 64, 76, 81, 86). 4. Reported receiving only alcohol treatment in the past year but also reported receiving treatment for illicit drug use during their last or current treatment (TXYRALDGB=11) and their reported alcohol treatment was at a specialty facility (TXYRHOSOV=1, 3, 5 or TXYRRESOV=1, 3, 5 or TXYROUTPT=1, 3, 5 or TXYRMHCOP=1, 3, 5 or TXYROTHSP2=21, 22, 23, 24, 45, 46, 56, 64, 76, 81, 86) but their last or current treatment was at a specialty facility (TXLTCURRSP=1) and included treatment for illicit drug use. (TXLTPYCURRSP, TXYRHOSAD, TXYRHOSOV, TXYRMHCAD, TXYRMHCOP, TXYROTHAD, TXYROTHSP2, TXYROUTAD, TXYROUTPT, TXYRRESAD, TXYRRESOV, TXYRUSEADB)",,2
RECODED DRUG TREATMENT,409,371,,TXYSPILNAL,1,RC-RCVD TRMT AT SPEC FAC FOR ILL DRG NOT ALC - PST YR,"A respondent was classified as receiving treatment in the past year for illicit drug use but not alcohol use at a specialty facility, TXYSPILNAL, that is a hospital (inpatient), a rehabilitation facility (in or outpatient), or at a mental health center if they met one of the following conditions: 1. Reported receiving only illicit drug treatment in the past year (TXYRALDGB=2) and that treatment was received at a specialty facility (TXYRHOSOV=1, 3, 5 or TXYRRESOV=1, 3, 5 or TXYROUTPT=1, 3, 5 or TXYRMHCOP=1, 3, 5 or TXYROTHSP2=21, 22, 23, 24, 45, 46, 56, 64, 76, 81, 86). 2. Reported receiving only illicit drug treatment in the past year but also reported receiving treatment for alcohol use during their last or current treatment (TXYRALDGB=12), the reported illicit drug treatment was received at one of the four specialty facilities (TXYRHOSOV=1, 3, 5 or TXYRRESOV=1, 3, 5 or TXYROUTPT=1, 3, 5 or TXYRMHCOP=1, 3, 5 or TXYROTHSP2=21, 22, 23, 24, 45, 46, 56, 64, 76, 81, 86), and their last or current treatment was not at one of the four specialty facilities (TXLTCURRSP=0). 3. Reported receiving both illicit drug and alcohol treatment in the past year (TXYRALDGB=3, 6) and reported specifically receiving only illicit drug treatment at one of the four specialty facilities in the follow-up questions (TXYRHOSAD=2 or TXYRRESAD=2 or TXYROUTAD=2 or TXYRMHCAD=2 or (TXYROTHAD=2 and TXYROTHSP2=21, 22, 23, 24, 45, 46, 56, 64, 76, 81, 86)) but did not report specifically receiving alcohol treatment or illicit drug and alcohol treatment at one of the four specialty facilities in the follow- up questions (TXYRHOSAD NE 1, 3 or TXYRRESAD NE 1, 3 or TXYROUTAD NE 1, 3 or TXYRMHCAD NE 1, 3 or (TXYROTHAD NE 1, 3 and TXYROTHSP2=21, 22, 23, 24, 45, 46, 56, 64, 76, 81, 86) or TXYROTHSP2 NE 21, 22, 23, 24, 45, 46, 56, 64, 76, 81, 86). For the logically assigned levels of TXYRALDGB, the creation of this variable may be unclear; therefore, details for classifying respondents as not receiving illicit drug only treatment at a specialty facility for these logically assigned levels are below: 1. Reported receiving alcohol treatment in the past year but illicit drug treatment status is unknown (TXYRALDGB=4) or reported receiving illicit drug treatment in the past year but alcohol treatment status is unknown (TXYRALDGB=5). 2. Reported receiving only alcohol treatment in the past year but also reported receiving treatment for illicit drugs during their last or current treatment (TXYRALDGB=11). 3. Reported receiving only illicit drug treatment in the past year but also reported receiving treatment for alcohol use during their last or current treatment (TXYRALDGB=12) and the reported illicit drug treatment was not at a specialty facility (TXYRHOSOV=2, 94, 97, 98 and TXYRRESOV=2, 94, 97, 98 and TXYROUTPT=2, 94, 97, 98 and TXYRMHCOP=2, 94, 97, 98 and TXYROTHSP2 NE 21, 22, 23, 24, 45, 46, 56, 64, 76, 81, 86). 4. Reported receiving only illicit drug treatment in the past year but also reported receiving treatment for alcohol use during their last or current treatment (TXYRALDGB=12) and their reported illicit drug treatment was at a specialty facility (TXYRHOSOV=1, 3, 5 or TXYRRESOV=1, 3, 5 or TXYROUTPT=1, 3, 5 or TXYRMHCOP=1, 3, 5 or TXYROTHSP2=21, 22, 23, 24, 45, 46, 56, 64, 76, 81, 86) but their last or current treatment was at a specialty facility (TXLTCURRSP=1) and included treatment for alcohol use. (TXLTPYCURRSP, TXYRHOSAD, TXYRHOSOV, TXYRMHCAD, TXYRMHCOP, TXYROTHAD, TXYROTHSP2, TXYROUTAD, TXYROUTPT, TXYRRESAD, TXYRRESOV, TXYRUSEADB)",,2
RECODED DRUG TREATMENT,409,371,"TXYRHOSOV, TXYRMHCOP, TXYROTHSP2, TXYROUTPT, TXYRRECVD, TXYRRESOV",TXYRSPILAL,1,RC-RCVD TRMT AT SPEC FAC FOR ILL DRG OR ALC - PST YR,"A respondent was classified as receiving treatment in the past year for illicit drug or alcohol use at a specialty facility, TXYRSPILAL, if they reported receiving treatment for illicit drug or alcohol use in the past year (TXYRRECVD=1, 3) and treatment was received at either a hospital (inpatient), or rehabilitation facility (in or outpatient), or a mental health center (TXYRHOSOV=1, 3, 5 or TXYRRESOV=1, 3, 5 or TXYROUTPT= 1, 3, 5 or TXYRMHCOP=1, 3, 5 or TXYROTHSP2=21, 22, 23, 24, 45, 46, 56, 64, 76, 81, 86).",,2
RECODED DRUG TREATMENT,409,371,"TXYRSPALC, TXYRSPILL",TXYSILANAL,1,RC-RCVD TRT AT SPEC FAC FOR ILL DRG AND ALC - PST YR,,,2
RECODED DRUG TREATMENT,409,371,TXLTPYMNPLC2,TXLTPYCURRSP,1,RC-LAST/CURRENT TRT AT SPECIALTY FACILITY - PST YR,,"NOTE: The following 27 recoded variables contain information about where a respondent received treatment in the past year. NOTE: The following nine recoded variables contain information about where a respondent received alcohol use treatment in the past year. A respondent received treatment for alcohol use in the past year at the specified location if they met either of these conditions: 1. Received treatment in the past 12 months for both illicit drug and alcohol use (TXYRUSEADB=3, 6, 23) and reported a positive response to the specific treatment location (TXYRXXXXX=1, 3, 5) and reported receiving treatment at the specific location for alcohol use or both illicit drug and alcohol use (TXYRXXXAD=1, 3). 2. Received treatment in the past 12 months for alcohol use only (including respondents with unknown illicit drug use treatment, and respondents who reported receiving treatment for a specific illicit drug in the past year) (TXYRUSEADB=1, 4, 11, 21, 25) and reported a positive response to the specific treatment location (TXYRXXXXX=1, 3, 5).",2
RECODED DRUG TREATMENT,410,372,"TXYRHOSAD, TXYRHOSOV, TXYRUSEADB",TXYRHOSAL,1,RC-RCVD ALC TRT AT A HOSPITAL AS INP - PST YR,,,2
RECODED DRUG TREATMENT,410,372,"TXYRRESAD, TXYRRESOV, TXYRUSEADB",TXYRRESAL,1,RC-RCVD ALC TRT AT AN INP REHAB FAC - PST YR,,,2
RECODED DRUG TREATMENT,410,372,"TXYROUTAD, TXYROUTPT, TXYRUSEADB",TXYROUTAL,1,RC-RCVD ALC TRT AT AN OUTP REHAB FAC - PST YR,,,2
RECODED DRUG TREATMENT,410,372,"TXYRMHCAD, TXYRMHCOP, TXYRUSEADB",TXYRMHCAL,1,RC-RCVD ALC TRT AT A MNTL HLTH CNTR - PST YR,,,2
RECODED DRUG TREATMENT,410,372,"TXYREMRAD, TXYREMRGN, TXYRUSEADB",TXYREMRAL,1,RC-RCVD ALC TRT AT AN EMERGENCY ROOM - PST YR,,,2
RECODED DRUG TREATMENT,410,372,"TXYRDRPAD, TXYRDRPRV, TXYRUSEADB",TXYRDRPAL,1,RC-RCVD ALC TRT AT A DOCTOR'S OFFICE - PST YR,,,2
RECODED DRUG TREATMENT,410,372,"TXYRPRIAD, TXYRPRISN, TXYRUSEADB",TXYRPRIAL,1,RC-RCVD ALC TRT AT A PRISON/JAIL - PST YR,,,2
RECODED DRUG TREATMENT,410,372,"TXYRSLFAD, TXYRSLFHP, TXYRUSEADB",TXYRSLFAL,1,RC-RCVD ALC TRT AT A SELF-HELP GROUP - PST YR,,,2
RECODED DRUG TREATMENT,411,373,"TXYRTELE, TXYRUSEADB",TXYRTELEAL,1,RV-RCVD VIRTUAL TREATMENT FOR ALCOHOL USE - PAST YEAR,,"NOTE: The following nine recoded variables contain information about where a respondent received illicit drug use treatment in the past year. A respondent received treatment for illicit drug use in the past year at the specified location if they met either of these conditions: 1. Received treatment in the past 12 months for both illicit drug and alcohol use (TXYRUSEADB=3, 6, 23) and reported a positive response to the specific treatment location (TXYRXXXXX=1, 3, 5) and reported receiving treatment at the specific location for illicit drug use or both illicit drug and alcohol use (TXYRXXXAD=2, 3). 2. Received treatment in the past 12 months for illicit drug use only (including respondents with unknown alcohol use treatment) (TXYRUSEADB=2, 5, 12) and reported a positive response to the specific treatment location (TXYRXXXXX=1, 3, 5).",2
RECODED DRUG TREATMENT,411,373,"TXYRHOSAD, TXYRHOSOV, TXYRUSEADB",TXYRHOSIL,1,RC-RCVD ILL DRUG TRT AT A HOSPITAL AS INP - PST YR,,,2
RECODED DRUG TREATMENT,411,373,"TXYRRESAD, TXYRRESOV, TXYRUSEADB",TXYRRESIL,1,RC-RCVD ILL DRUG TRT AT AN INP REHAB FAC - PST YR,,,2
RECODED DRUG TREATMENT,411,373,"TXYROUTAD, TXYROUTPT, TXYRUSEADB",TXYROUTIL,1,RC-RCVD ILL DRUG TRT AT AN OUTP REHAB FAC - PST YR,,,2
RECODED DRUG TREATMENT,411,373,"TXYRMHCAD, TXYRMHCOP, TXYRUSEADB",TXYRMHCIL,1,RC-RCVD ILL DRUG TRT AT A MNTL HLTH CNTR - PST YR,,,2
RECODED DRUG TREATMENT,411,373,"TXYREMRAD, TXYREMRGN, TXYRUSEADB",TXYREMRIL,1,RC-RCVD ILL DRUG TRT AT AN EMERGENCY ROOM - PST YR,,,2
RECODED DRUG TREATMENT,411,373,"TXYRDRPAD, TXYRDRPRV, TXYRUSEADB",TXYRDRPIL,1,RC-RCVD ILL DRUG TRT AT A DOCTOR'S OFFICE - PST YR,,,2
RECODED DRUG TREATMENT,411,373,"TXYRPRIAD, TXYRPRISN, TXYRUSEADB",TXYRPRIIL,1,RC-RCVD ILL DRUG TRT AT A PRISON/JAIL - PST YR,,,2
RECODED DRUG TREATMENT,411,373,"TXYRSLFAD, TXYRSLFHP, TXYRUSEADB",TXYRSLFIL,1,RC-RCVD ILL DRUG TRT AT A SELF-HELP GROUP - PST YR,,,2
RECODED DRUG TREATMENT,412,374,"TXYRTELE, TXYRUSEADB",TXYRTELEIL,1,RV-RCVD VIRTUAL TREATMENT FOR ILL DRUG USE - PAST YEAR,,NOTE: The following nine recoded variables contain information about where a respondent received illicit drug or alcohol use treatment in the past year.,2
RECODED DRUG TREATMENT,412,374,TXYRHOSOV,TXYRHOSOV2,1,RC-RCVD ILL DRG/ALC TRT AT A HOSPITAL AS INP - PST YR,,,2
RECODED DRUG TREATMENT,412,374,TXYRRESOV,TXYRRESOV2,1,RC-RCVD ILL DRG/ALC TRT AT AN INP REHAB FAC - PST YR,,,2
RECODED DRUG TREATMENT,412,374,TXYROUTPT,TXYROUTPT2,1,RC-RCVD ILL DRG/ALC TRT AT AN OUTP REHAB FAC - PST YR,,,2
RECODED DRUG TREATMENT,412,374,TXYRMHCOP,TXYRMHCOP2,1,RC-RCVD ILL DRG/ALC TRT AT A MNTL HLTH CNTR - PST YR,,,2
RECODED DRUG TREATMENT,412,374,TXYREMRGN,TXYREMRGN2,1,RC-RCVD ILL DRG/ALC TRT AT AN EMERGENCY ROOM - PST YR,,,2
RECODED DRUG TREATMENT,412,374,TXYRDRPRV,TXYRDRPRV2,1,RC-RCVD ILL DRG/ALC TRT AT A DOCTOR'S OFFICE - PST YR,,,2
RECODED DRUG TREATMENT,412,374,TXYRPRISN,TXYRPRISN2,1,RC-RCVD ILL DRG/ALC TRT AT A PRISON/JAIL - PST YR,,,2
RECODED DRUG TREATMENT,412,374,TXYRSLFHP,TXYRSLFHP2,1,RC-RCVD ILL DRG/ALC TRT AT A SELF-HELP GROUP - PST YR,,,2
RECODED DRUG TREATMENT,412,374,TXYRTELE,TXYRTELE2,1,RC-RCVD VIRTUAL TREATMENT FOR ILL DRG OR ALC - PAST YEAR,,"NOTE: The following three recoded variables contain information about a respondent's need for treatment in the past year. TXND5YRALC, TXND5ILLMIS, and TXND5ILALMIS are based on DSM-5 use disorder criteria; recodes based on DSM-5 use disorder criteria were used starting with the 2020 Detailed Tables. Specific informaiton about the DSM-5 use disorder criteria used in these recodes can be found in the Nicotine Dependence and Substance Use Disorder Appendix. A respondent was classified as needing treatment for alcohol use in the past year, TXND5YRALC, if they met at least one of the following two criteria: 1. Alcohol use disorder in the past year (based on DSM-5 criteria) (IRPYUD5ALC=1) 2. Received treatment for alcohol use at a specialty facility in the past year including a hospital (inpatient), rehabilitation facility (in or outpatient), or mental health center (TXYRSPALC=1).",2
RECODED DRUG TREATMENT,413,375,"IRPYUD5ALC, TXYRSPALC",TXND5YRALC,1,RC-NEED TREATMENT FOR ALCOHOL USE - PAST YEAR - DSM-5,,,2
RECODED DRUG TREATMENT,413,375,"TXYRSPILL, UD5ILLMIS",TXND5ILLMIS,1,RC-NEED TRT FOR ILL DRUG USE - PAST YEAR - DSM-5 - MIS,"A respondent was classified as needing treatment for illicit drug use in the past year, TXND5ILLMIS, if they met at least one of the following two criteria: 1. Illicit drug use disorder in the past year (based on DSM-5 criteria) (UD5ILLMIS=1) 2. Received treatment for illicit drug use at a specialty facility in the past year including a hospital (inpatient), rehabilitation facility (in or outpatient), or mental health center (TXYRSPILL=1).",,2
RECODED DRUG TREATMENT,413,375,"TXYRSPILAL, UD5ILALMIS",TXND5ILALMIS,1,RC-NEED TRT FOR SUBSTANCE USE - PAST YEAR-DSM-5 - MIS,"A respondent was classified as needing treatment for illicit drug or alcohol use in the past year, TXND5ILALMIS, if they met at least one of the following two criteria: 1. Illicit drug or alcohol use disorder (based on DSM-5 criteria) (UD5ILALMIS=1). 2. Received treatment for illicit drug or alcohol use at a specialty facility in the past year including a hospital (inpatient), rehabilitation facility (in or outpatient), or mental health center (TXYRSPILAL=1).","NOTE: The following three recoded variables contain information about respondents feeling a need for treatment in the past year. A respondent was classified as feeling a need for alcohol use treatment in the past year, NDFLTXALC, if they met either of these conditions: 1. Reported feeling a need for treatment for alcohol in the past year (NDTXYRADG=1, 11, 13 and NDTXYRALC=1, 3, 11, 13). 2. Reported feeling a need for ADDITIONAL treatment for alcohol in the past year (NDMORTXYR=1 and NDMORTALC=1).",2
RECODED DRUG TREATMENT,413,375,"NDMORTALC, NDMORTXYR, NDTXYRADG, NDTXYRALC",NDFLTXALC,1,RC-FELT NEED FOR TRT FOR ALCOHOL USE - PST YR,,,2
RECODED DRUG TREATMENT,414,376,,NDFLTXILL,1,RC-FELT NEED FOR TRT FOR ILLICIT DRUG USE - PST YR,"A respondent was classified as feeling a need for illicit drug treatment in the past year, NDFLTXILL, if they met either of these conditions: 1. Reported feeling a need for illicit drug or alcohol use treatment in the past year (NDTXYRADG=1, 11, 13), and reported feeling a need for treatment for the use (or misuse for prescription drugs) of one or more illicit drugs in the past year (i.e., marijuana, cocaine, heroin, hallucinogens, inhalants, methamphetamine, pain relievers, tranquilizers, stimulants, or sedatives) (NDTXYRXXX=1, 3, 11, 13), or some other drug (NDTXYROTH=1, 3, 5, 11, 13). 2. Reported feeling a need for ADDITIONAL illicit drug use treatment or alcohol use treatment in the past year (NDMORTXYR=1), and reported feeling a need for ADDITIONAL treatment for the use (or misuse for prescription drugs) of one or more illicit drugs in the past year (i.e., marijuana, cocaine, heroin, hallucinogens, inhalants, methamphetamine, pain relievers, tranquilizers, stimulants, or sedatives) (NDMORTXXX=1), or some other drug (NDMORTOTH=1). (NDMORTCOC, NDMORTHAL, NDMORTHER, NDMORTINH, NDMORTMRJ, NDMORTMTH, NDMORTOTH, NDMORTPNR, NDMORTSED, NDMORTSTM, NDMORTTRQ, NDMORTXYR, NDTXYRADG, NDTXYRCOC, NDTXYRHAL, NDTXYRHER, NDTXYRINH, NDTXYRMRJ, NDTXYRMTH, NDTXYROTH, NDTXYRPNR, NDTXYRSED, NDTXYRSTM, NDTXYRTRQ)",,2
RECODED DRUG TREATMENT,414,376,"NDMORTXYR, NDTXYRADG",NDFLTXILAL,1,RC-FELT NEED FOR TRT FOR ILL DRG OR ALC USE - PST YR,,"NOTE: The following three variables pertain to respondents feeling a need and making an effort to obtain treatment in the past year. A respondent was classified as feeling a need for substance use treatment and making an effort to get substance use treatment in the past year, NDTXEFXXXX=1, if they felt a need for treatment for their substance use (NDFLTXXXX=1) and if they reported making an effort to get treatment (NDTXEFFRT=1,11) or reported making an effort to get ADDITIONAL treatment (NDMREFFRT=1). A respondent was classified as feeling a need for and NOT making an effort to get substance use treatment in the past year, NDTXEFTXXX=2, if they felt a need for treatment for their substance use (NDFLTXXXX=1) and if they made no effort/had unknown effort to get treatment (NDTXEFFRT=2, 12, 94, 97, 98) and made no effort/had unknown effort to get ADDITIONAL treatment (NDMREFFRT=2, 94, 97, 98).",2
RECODED DRUG TREATMENT,414,376,"NDFLTXALC, NDMREFFRT, NDTXEFFRT",NDTXEFTALC,1,RC-FELT NEED/MADE EFFORT FOR TRT FOR ALCOHOL USE - PST YR,,,3
RECODED DRUG TREATMENT,414,376,"NDFLTXILL, NDMREFFRT, NDTXEFFRT",NDTXEFTILL,1,RC-FELT NEED/MADE EFFORT FOR TRT FOR ILL DRG USE - PST YR,,,3
RECODED DRUG TREATMENT,414,376,"NDFLTXILAL, NDMREFFRT, NDTXEFFRT",NDTXEFILAL,1,RC-FLT NEED/MADE EFFORT FOR TRT FOR ILL DRG/ALC USE - PST YR,,"NOTE: The following three recoded variables define if a respondent needed treatment in the past year but did not receive treatment at a specialty facility (treatment gap). NOSPT5YRAL, TXNR5ILLMIS, and TXNR5ILALMIS are based on DSM-5 use disorder criteria; recodes based on DSM-5 use disorder criteria were used starting with the 2020 Detailed Tables. Specific information about the DSM-5 use disorder criteria used in these recodes can be found in the Nicotine Dependence and Substance Use Disorder Appendix. The following variable, NOSPT5YRAL, is defined as needing alcohol treatment in the past year, but not receiving alcohol treatment at a specialty facility. This treatment measure is referred to as a treatment gap.",3
RECODED DRUG TREATMENT,415,377,"TXND5YRALC, TXYRSPALC",NOSPT5YRAL,1,"RC-NEED TRT FOR ALC USE, NOT RCVD TRT SPEC FAC-PST YR-DSM-5",,,2
RECODED DRUG TREATMENT,415,377,"TXND5ILLMIS, TXYRSPILL",TXNR5ILLMIS,1,"RC-NEED TRT ILL DRG USE, NOT RCVD TRT SPC FAC-PY-DSM-5 - MIS","The following variable, TXNR5ILLMIS, is defined as needing illicit drug treatment in the past year, but not receiving illicit drug treatment at a specialty facility. This treatment measure is referred to as a treatment gap.",,2
RECODED DRUG TREATMENT,415,377,"TXND5ILALMIS, TXYRSPILAL",TXNR5ILALMIS,1,"RC-NEED TRT FOR SUB USE, NOT RCVD TRT SPC FAC-PY-DSM-5 -MIS","The following variable, TXNR5ILALMIS, is defined as needing illicit drug or alcohol treatment in the past year, but not receiving illicit drug or alcohol treatment at a specialty facility. This treatment measure is referred to as a treatment gap.",NOTE: The following 15 recoded variables contain respondent information about reasons for not receiving substance treatment in the past year or not receiving additional substance treatment in the past year.,2
RECODED DRUG TREATMENT,415,377,"NDFLTXILAL, NDMRNOCOV, NDTXNOCOV",NDTRNNOCOV,1,RC-FLT ND NO TRT/ADDL TRT PST YR B/C COULDNT AFFORD/NO INSUR,,,3
RECODED DRUG TREATMENT,415,377,"NDFLTXILAL, NDMRNOTPY, NDTXNOTPY",NDTRNNOTPY,1,RC-FLT ND NO TRT/ADDL TRT PST YR B/C INS DIDNT COVR TRT/COST,,,3
RECODED DRUG TREATMENT,415,377,"NDFLTXILAL, NDMRTSPHR, NDTXTSPHR",NDTRNTSPHR,1,RC-FLT ND NO TRT/ADDL TRT PST YR B/C NO TRANSPORTATION,,,3
RECODED DRUG TREATMENT,415,377,"NDFLTXILAL, NDMRWANTD, NDTXWANTD",NDTRNWANTD,1,RC-FLT ND NO TRT/ADDL TRT PST YR B/C TRT WNTD NOT OFERD,,,3
RECODED DRUG TREATMENT,416,378,"NDFLTXILAL, NDMRNSTOP, NDTXNSTOP",NDTRNNSTOP,1,RC-FLT ND NO TRT/ADDL TRT PST YR B/C NOT READY TO STOP USE,,,3
RECODED DRUG TREATMENT,416,378,"NDFLTXILAL, NDMRPFULL, NDTXPFULL",NDTRNPFULL,1,RC-FLT ND NO TRT/ADDL TRT PST YR B/C NO OPENINGS IN PROGRAM,,,3
RECODED DRUG TREATMENT,416,378,"NDFLTXILAL, NDMRDKWHR, NDTXDKWHR",NDTRNDKWHR,1,RC-FLT ND NO TRT/ADDL TRT PST YR B/C DIDNT KNOW WHERE TO GO,,,3
RECODED DRUG TREATMENT,416,378,"NDFLTXILAL, NDMRNBRNG, NDTXNBRNG",NDTRNNBRNG,1,RC-FLT ND NO TRT/ADDL TRT PST YR B/C NBR HAVE NEG OPIN,,,3
RECODED DRUG TREATMENT,416,378,"NDFLTXILAL, NDMRJOBNG, NDTXJOBNG",NDTRNJOBNG,1,RC-FLT ND NO TRT/ADDL TRT PST YR B/C HAVE NEG EFFECT ON JOB,,,3
RECODED DRUG TREATMENT,416,378,"NDFLTXILAL, NDMRNONED, NDTXNONED",NDTRNNONED,1,RC-FLT ND NO TRT/ADDL TRT PST YR B/C DIDNT FEEL NEED FOR TRT,,,3
RECODED DRUG TREATMENT,416,378,"NDFLTXILAL, NDMRHANDL, NDTXHANDL",NDTRNHANDL,1,RC-FLT ND NO TRT/ADDL TRT PST YR B/C COULD HANDL PRB W/O TRT,,,3
RECODED DRUG TREATMENT,416,378,"NDFLTXILAL, NDMRNOHLP, NDTXNOHLP",NDTRNNOHLP,1,RC-FLT ND NO TRT/ADDL TRT PST YR B/C DIDNT THINK WOULD HELP,,,3
RECODED DRUG TREATMENT,416,378,"NDFLTXILAL, NDMRNTIME, NDTXNTIME",NDTRNNTIME,1,RC-FLT ND NO TRT/ADDL TRT PST YR B/C DIDNT HAVE TIME,,,3
RECODED DRUG TREATMENT,417,379,"NDFLTXILAL, NDMRFNDOU, NDTXFNDOU",NDTRNFNDOU,1,RC-FLT ND NO TRT/ADDL TRT PST YR B/C NOT WANT OTHRS FIND OUT,,,3
RECODED DRUG TREATMENT,417,379,"NDFLTXILAL, NDMRMIMPT, NDTXMIMPT",NDTRNMIMPT,1,RC-FLT ND NO TRT/ADDL TRT PST YR B/C SOME OTHER REASON,"The following variable, NDTRNMIMPT, was assigned a positive response if a respondent felt a need for substance use treatment in the past year (NDFLTXILAL=1) and reported the reason for not receiving treatment or not receiving additional treatment as some other reason than the 14 reasons listed above (NDTXMIMPT or NDMRMIMPT=16-33, 35-69). A negative response was assigned if a respondent felt a need for substance use treatment in the past year (NDFLTXILAL=1) but did not meet the above criteria for some other reason (NDTXMIMPT or NDMRMIMPT not equal to 16-33, 35-69).",,3
HEALTH,418,380,HLTH02,PREGNANT,2,ARE YOU PREGNANT,"The values in this section may be inconsistent with values for variables in other sections of the interview. Items in this section were edited when respondents legitimately skipped out of these items based on prior answers in earlier sections. Otherwise, variables in one section of the interview generally were not edited to make them consistent with variables in another section of the interview. This note applies to variables in this section marked by a1. The next questions are about your health and health care. Are you currently pregnant?","NOTE: In the variable HTANSWER, reported preferences to answer in feet and inches or in inches only were combined into a single value. Reported preferences to answer in meters and centimeters or in centimeters only were combined into a single value. This question asks about your height. To answer in feet and inches, press 1. To answer in meters and centimeters, press 2. To answer in inches only, press 3. To answer in centimeters only, press 4. Then press [ENTER] to continue.",7
HEALTH,418,380,HLTH04,HTANSWER1,2,PREFERRED WAY TO REPORT HEIGHT,,"NOTE: HTINCHE2 was recoded to inches from reports of heights in feet and inches, meters and centimeters, or centimeters only. Heights in meters and centimeters first were converted to centimeters. For respondents who chose to report their height in metric units, a conversion factor was applied of 0.393701 inches to 1 centimeter to produce a height in inches. HTINCHE2 was then rounded to the nearest integer and top coded at 75 inches and bottom coded at 55 inches. About how tall are you, without shoes? First, please type in the number of feet, then press [ENTER]. Please type in the number of inches and then press [ENTER]. About how tall are you, without shoes? First, please type in the number of meters, then press [ENTER]. Please type in the number of centimeters and then press [ENTER].",6
HEALTH,418,380,"HLTH05, HLTH06A, HLTH06B, HLTH07, HLTH08A, HLTH08B",HTINCHE21,3,HEIGHT IN INCHES WITHOUT SHOES - RECODE,,,5
HEALTH,419,381,HLTH09,WTANSWER1,2,PREFERRED WAY TO REPORT WEIGHT,"The next question asks about your weight. To answer in pounds, press 1. To answer in kilograms, press 2. Then press [ENTER] to continue.","NOTE: WTPOUND2 was recoded to pounds from reports of weights in kilograms. For respondents who chose to report their weight in kilograms, a conversion factor was applied of 2.20462 pounds to 1 kilogram to produce a weight in pounds. Females aged 12 to 44 who were currently pregnant were asked to report their weight before they got pregnant. WTPOUND2 was then rounded to the nearest integer and top coded at 295 pounds and bottom coded at 75 pounds. About how much do you weigh? Please type in the number of pounds and then press [ENTER]. About how much do you weigh? Please type in the number of kilograms and then press [ENTER]. About how much did you weigh before you got pregnant? Please type in the number of pounds and then press [ENTER]. About how much did you weigh before you got pregnant? Please type in the number of kilograms and then press [ENTER].",6
HEALTH,419,381,"HLTH10, HLTH12, HLTH13, HLTH14",WTPOUND21,3,WEIGHT IN POUNDS - RECODE,,,5
HEALTH,419,381,HLTH16,NMERTMT2,3,# OF TIMES BEEN TREATED IN EMER ROOM PAST 12 MOS,"During the past 12 months, that is since DATEFILL, how many different times have you been treated in an emergency room for any reason?",,5
HEALTH,419,381,HLTH17,INHOSPYR,2,STAYED OVERNIGHT AS INPNT IN HOSP PAST 12 MOS,"During the past 12 months, have you stayed overnight or longer as an inpatient in a hospital?",,6
HEALTH,420,382,HLTH18,NMNGTHS2,3,# NIGHTS STAYED IN HOSPITAL OVERNIGHT OR LONGER,"During the past 12 months, how many nights were you an inpatient in a hospital?",,7
HEALTH,420,382,HLTH19,NMVSOPT2,3,# OUTPATIENT VISITS PAST 12 MOS - RECODE,"During the past 12 months, how many times have you visited a doctor, nurse, physician assistant or nurse practitioner about your own health at a doctor’s office, a clinic, or some other place?",,9
HEALTH,420,382,HLTH19DK,NMVSOEST,2,# TIMES VISITED DR ABOUT OWN HEALTH PST YR,"What is your best guess of how many times you have visited a doctor, nurse, physician assistant or nurse practitioner about your own health at a doctor’s office, a clinic, or some other place in the past 12 months?",,13
HEALTH,420,382,HLTHTELE,TELEAPTYR,2,TALK TO DOC ABOUT HEALTH OVER PHONE/EMAIL/VIDEO PST 12 MOS,"During the past 12 months, have you talked to a doctor, physician assistant, or nurse practitioner about your own health over the phone, by email, or through video calling instead of going to an in-person appointment?",,6
HEALTH,421,383,HLTH20A,HPUSETOB,2,HEALTH PROF ASKED PST 12 MOS: TOBACCO USE,"During the past 12 months, did any doctor or other health care professional ask, either in person or on a form, if you: a. Smoke cigarettes or use any other tobacco products?",,7
HEALTH,421,383,HLTH20B,HPUSEALC,2,HEALTH PROF ASKED PST 12 MOS: ALCOHOL USE,b. Drink alcohol?,,7
HEALTH,421,383,HLTH20C,HPUSEDRG,2,HEALTH PROF ASKED PST 12 MOS: DRUG USE,c. Use marijuana or other illegal drugs?,"NOTE: If respondents reported that they last smoked cigarettes, used smokeless tobacco, or smoked cigars more than 12 months prior to their interview date and they did not smoke pipe tobacco in the past 30 days (or never smoked pipe tobacco), codes of 93 in HPQTTOB indicate that these respondents had not used tobacco products in the past 12 months. Respondents who smoked tobacco in a pipe in their lifetime were asked whether they did so in the past 30 days but they were not asked whether they smoked tobacco in a pipe more than 30 days ago but within the past 12 months. If respondents reported never using tobacco products or not using them in the past 12 months (including not smoking tobacco in a pipe in the past 30 days) and also that they did not have any health care visits in the past 12 months (emergency room visits, overnight hospitalizations, or outpatient visits, or telehealth encounters), indication that these respondents had not used tobacco products in the past 12 months or in their lifetime (as indicated by codes of 91 or 93) took precedence over assignment of codes to indicate that these respondents did not have any health care visits in the past 12 months. Codes of 99 in HPQTTOB applied to respondents who used tobacco products in the past 12 months or whose status as a tobacco user in the past 12 months was unknown but who did not have any health care visits in the past 12 months. During the past 12 months, did any doctor or other health care professional advise you to quit smoking cigarettes or quit using any other tobacco products?",7
HEALTH,422,384,HLTH21,HPQTTOB,2,HEALTH PROF ADVISED YOU TO QUIT TOBACCO USE,,"NOTE: In HPALCAMT, HPALCFRQ, HPALCPRB, HPALCCUT, HPALCTX, and HPALCNOT, if respondents reported never using alcohol or not using it in the past 12 months and also that they did not have any health care visits in the past 12 months (emergency room visits, overnight hospitalizations, outpatient visits, or telehealth encounters), indication that respondents never used alcohol or did not use it in the past 12 months (as indicated by codes of 91 or 93) took precedence over assignment of codes to indicate that these respondents did not have any health care visits in the past 12 months. Codes of 99 in these variables applied to respondents who used alcohol in the past 12 months or whose status as a past year alcohol user was unknown but who did not have any health care visits in the past 12 months. Please think about all of the talks you have had with a doctor or other health care professional during the past 12 months when you answer this question. Choose the statement or statements below that describe any discussions you may have had in person with a doctor or other health professional about your alcohol use. Please think about [VISITFILL] during the past 12 months when you answer this question. Choose the statement or statements below that describe any discussion you may have had in person with a doctor or other health professional about your alcohol use. To select more than one statement, press the space bar between each number you type. When you have finished, press [ENTER].",9
HEALTH,422,384,HLTH221,HPALCAMT,2,DOCTOR ASKED HOW MUCH YOU DRINK,,,9
HEALTH,423,385,HLTH222,HPALCFRQ,2,DOCTOR ASKED HOW OFTEN YOU DRINK,,,9
HEALTH,423,385,HLTH223,HPALCPRB,2,DOCTOR ASKED IF ANY DRINKING PROBS,,,8
HEALTH,423,385,HLTH224,HPALCCUT,2,DOCTOR ADVISED YOU TO CUT DOWN ON DRINKING,,,8
HEALTH,423,385,HLTH225,HPALCTX,2,DOCTOR OFFERED INFO ABOUT ALCOHOL TREATMT,,,8
HEALTH,423,385,HLTH226,HPALCNOT,2,DOCTOR DIDNT DISCUSS MY ALCOHOL USE WITH ME,,"NOTE: In HPDRGTALK, if respondents reported never using marijuana, cocaine (including crack), heroin, hallucinogens, inhalants, or methamphetamine or not using these substances in the past 12 months and also that they did not have any health care visits in the past 12 months (emergency room visits, overnight hospitalizations, outpatient visits, or telehealth encounters), indication that respondents never used these drugs or last used any of them more than 12 months ago (as indicated by codes of 91 or 93) took precedence over assignment of codes to indicate that these respondents did not have any health care visits in the past 12 months. Codes of 99 in HPDRGTALK applied to respondents who used any of these drugs in the past 12 months or whose status as a past year user was unknown but who did not have any health care visits in the past 12 months. During the past 12 months, did any doctor or other health care professional talk to you about your use of [MARIJUANA/COCAINE/CRACK/HEROIN/INHALANTS/HALLUCINOGENS/METHAMPHETAMINE]?",7
HEALTH,424,386,HLTH23,HPDRGTALK,2,HEALTH PROF DISCUSSED MY DRUG USE WITH ME,,,9
HEALTH,424,386,HLTH24,STDANYYR1,2,HAD SEXUALLY TRANSMITTED DISEASE PST 12 MOS,"These next questions are about certain medical conditions. During the past 12 months, did you have a sexually transmitted disease such as chlamydia, gonorrhea, herpes or syphilis?",,6
HEALTH,424,386,HLTH2501,HRTCONDEV1,2,EVER TOLD HAD HEART CONDITION,"Below is a list of health conditions that you may have had during your lifetime. Please read the list and type in the numbers of all of the conditions that a doctor or other health care professional has ever told you that you had. To select more than one condition, press the space bar between each number you type. When you have finished, press [ENTER].",,7
HEALTH,424,386,HLTH2502,DIABETEVR1,2,EVER TOLD HAD DIABETES/SUGAR DIABETES,,,7
HEALTH,425,387,HLTH2503,COPDEVER1,2,EVER TOLD HAD CHRONIC BRONCHITIS OR COPD,,,7
HEALTH,425,387,HLTH2504,CIRROSEVR1,2,EVER TOLD HAD CIRRHOSIS OF THE LIVER,,,7
HEALTH,425,387,HLTH2505,HEPBCEVER1,2,EVER TOLD HAD HEPATITIS B OR C,,,7
HEALTH,425,387,HLTH2506,KIDNYDSEV1,2,EVER TOLD HAD KIDNEY DISEASE,,,7
HEALTH,425,387,HLTH2507,ASTHMAEVR1,2,EVER TOLD HAD ASTHMA,,,7
HEALTH,425,387,HLTH2508,HIVAIDSEV1,2,EVER TOLD HAD HIV OR AIDS,,,7
HEALTH,426,388,HLTH2509,CANCEREVR1,2,EVER TOLD HAD CANCER,,,7
HEALTH,426,388,HLTH2510,HIGHBPEVR1,2,EVER TOLD HAD HIGH BLOOD PRESSURE,,,7
HEALTH,426,388,HLTH2511,NONABOVEV1,2,NEVER HAD ANY OF THESE CONDITIONS,,,6
HEALTH,426,388,HLTH2601,CABLADDER1,2,TYPE OF CANCER: BLADDER,"What kind of cancer was it? Enter all that apply. To select more than one category, press the space bar between the numbers. When you have finished, press [ENTER].",,7
HEALTH,426,388,"HLTH2602, HLTH2612, HLTH2615",CABLOLEULYM,2,TYPE OF CANCER: BLOOD/LEUKEMIA/LYMPHOMA,,,7
HEALTH,426,388,"HLTH2603, HLTH2604, HLTH2624, HLTH2630",CAOTHER2,2,TYPE OF CANCER: OTHER,,,7
HEALTH,427,389,HLTH2605,CABREAST1,2,TYPE OF CANCER: BREAST,,,7
HEALTH,427,389,HLTH2606,CACERVIX1,2,TYPE OF CANCER: CERVIX (FEMALES ONLY),,,6
HEALTH,427,389,"HLTH2607, HLTH2621",CACOLNRECT,2,TYPE OF CANCER: COLON/RECTUM,,,7
HEALTH,427,389,"HLTH2608, HLTH2625",CAESOPSTOM,2,TYPE OF CANCER: ESOPHAGUS/STOMACH,,,7
HEALTH,427,389,"HLTH2609, HLTH2613, HLTH2619",CAGALLIVPAN,2,TYPE OF CANCER: GALLBLADDER/LIVER/PANCREAS,,,7
HEALTH,427,389,HLTH2610,CAKIDNEY1,2,TYPE OF CANCER: KIDNEY,,,7
HEALTH,428,390,"HLTH2611, HLTH2614",CALARYLUNG,2,TYPE OF CANCER: LARYNX/WINDPIPE/LUNG,,,7
HEALTH,428,390,HLTH2616,CAMELANOM1,2,TYPE OF CANCER: MELANOMA,,,7
HEALTH,428,390,"HLTH2617, HLTH2627",CAMOUTTHRO,2,TYPE OF CANCER: MOUTH/TONGUE/LIP/THROAT/PHARYNX,,,7
HEALTH,428,390,HLTH2618,CAOVARY1,2,TYPE OF CANCER: OVARY (FEMALES ONLY),,,6
HEALTH,428,390,"HLTH2620, HLTH2626",CAPROSTEST,2,TYPE OF CANCER: PROSTATE/TESTIS (MALES ONLY),,,7
HEALTH,428,390,HLTH2622,CASKINOTH1,2,TYPE OF CANCER: SKIN (NOT MELANOMA),,,7
HEALTH,429,391,HLTH2623,CASKINDK1,2,TYPE OF CANCER: SKIN DON'T KNOW WHICH KIND,,,7
HEALTH,429,391,HLTH2628,CATHYROID1,2,TYPE OF CANCER: THYROID,,,7
HEALTH,429,391,HLTH2629,CAUTERUS1,2,TYPE OF CANCER: UTERUS (FEMALES ONLY),,NOTE: The question corresponding to CANCERYR was skipped if respondents reported first being diagnosed with any form of cancer at their current age because it could be logically inferred that they had cancer in the past year. Did you have cancer during the past 12 months?,6
HEALTH,429,391,HLTH29,CANCERYR1,2,HAD ANY CANCER PAST 12 MONTHS,,"NOTE: The variables HRTCONDAG, DIABETEAG, COPDAGE, CIRROSAGE, HEPBAGE, KIDNYDSAG, ASTHMAAGE, HIVAIDSAG, and HIGHBPAGE represent the ages when specific health conditions other than cancer were first diagnosed. Beginning in 2016, the questions instructed respondents to enter 1 if they were diagnosed before they were 1 year old. In 2016, however, respondents were still allowed to enter 0 for the age when they were first diagnosed. Beginning in 2017, a response of 0 is no longer allowed. How old were you when your heart condition or heart disease was first diagnosed?",7
HEALTH,429,391,HLTH30,HRTCONDAG1,3,AGE HEART CONDITION 1ST DIAGNOSED,,NOTE: The question corresponding to HRTCONDYR was skipped if respondents reported first being diagnosed with a heart condition at their current age because it could be logically inferred that they a heart condition in the past year. Did you have any kind of heart condition or heart disease in the past 12 months?,6
HEALTH,430,392,HLTH31,HRTCONDYR1,2,HAD HEART CONDITION PAST 12 MONTHS,,,8
HEALTH,430,392,HLTH32,DIABETEAG1,3,AGE DIABETES 1ST DIAGNOSED,How old were you when your diabetes or sugar diabetes was first diagnosed?,,6
HEALTH,430,392,HLTH33,COPDAGE1,3,AGE COPD 1ST DIAGNOSED,"How old were you when your chronic bronchitis, emphysema, or chronic obstructive pulmonary disease, also called COPD were first diagnosed?",,6
HEALTH,430,392,HLTH34,CIRROSAGE1,3,AGE CIRRHOSIS 1ST DIAGNOSED,How old were you when your cirrhosis of the liver was first diagnosed?,,6
HEALTH,430,392,HLTH35,HEPBCAGE1,3,AGE HEPATITIS 1ST DIAGNOSED,How old were you when your hepatitis was first diagnosed?,,6
HEALTH,431,393,HLTH36,KIDNYDSAG1,3,AGE KIDNEY DISEASE 1ST DIAGNOSED,How old were you when your kidney disease was first diagnosed?,,6
HEALTH,431,393,HLTH37,ASTHMAAGE1,3,AGE ASTHMA 1ST DIAGNOSED,How old were you when your asthma was first diagnosed?,,6
HEALTH,431,393,HLTH38,ASTHMANOW1,2,STILL HAVE ASTHMA,Do you still have asthma?,,7
HEALTH,431,393,HLTH39,HIVAIDSAG1,3,AGE 1ST FOUND OUT HAD HIV/AIDS,How old were you when you found out you had HIV or AIDS?,,6
HEALTH,431,393,HLTH40,HIGHBPMED1,2,TAKING MEDS FOR HIGH BLOOD PRESSURE,Are you currently taking prescription medicine for your high blood pressure?,,6
HEALTH,432,394,HLTH41,HIGHBPAGE1,3,AGE WHEN HIGH BLOOD PRESSURE 1ST DIAGNOSED,How old were you when your high blood pressure was first diagnosed?,,6
RECODED HEALTH,433,395,PREGNANT,PREG,1,RC-PREGNANT FEMALES AGED 12-44,"NOTE: The variables in this section are recoded variables that were created from one or more of the edited variables from the preceding section. NOTE: Certain source variables that were used to create recoded variables have valid values that might not have been reported or assigned for the current survey year. However, these values have been included in the general specifications in the codebook on how the recoded variables were created. See additional details about this issue in the Organization of the Data File section of this codebook introduction.",,2
RECODED HEALTH,433,395,PREGNANT,PREG2,1,RC-PREGNANCY STATUS OF FEMALES AGED 12-44,,,4
RECODED HEALTH,433,395,PREG,TRIMEST,1,RC-CURRENT TRIMESTER OF PREGNANCY-FEMALES AGED 12-44,,,5
RECODED HEALTH,433,395,"HTINCHE2, WTPOUND2",BMI2,12,RC-BODY MASS INDEX (BMI),"BMI2 was created from the variables WTPOUND2 and HTINCHE2 according to the formula of 703 times WTPOUND2 divided by the square of HTINCHE2. BMI2 was set to a SAS missing value (unknown) if WTPOUND2 had a value of 9985, 9994, 9997, or 9998 or if HTINCHE2 had a value of 985, 994, 997, or 998.",,2
RECODED HEALTH,433,395,TELEAPTYR,TELEAPTYR2,1,RC-TALK TO DOC ABOUT VIRTUAL SERVICE TREATMENT-PAST YEAR,,,3
ADULT MENTAL HEALTH SERVICE UTILIZATION,434,396,"ADMT01, ADMTREF1",AUINPYR1,2,STAY OVNT IN HOSP FOR MH TRMT PST 12 MOS,"The values in this section may be inconsistent with values for variables in other sections of the interview. Items in this section were edited when respondents legitimately skipped out of these items based on prior answers in earlier sections. Otherwise, variables in one section of the interview generally were not edited to make them consistent with variables in another section of the interview. This note applies to variables in this section marked by a1. NOTE: This variable incorporates the value from a probe question that was asked when the respondent answered REFUSED to this question. These next questions are about treatment and counseling for problems with emotions, nerves or mental health. Please do not include treatment for alcohol or drug use. During the past 12 months, have you stayed overnight or longer in a hospital or other facility to receive treatment or counseling for any problem you were having with your emotions, nerves, or mental health? Please do not include treatment for alcohol or drug use.",,8
ADULT MENTAL HEALTH SERVICE UTILIZATION,434,396,ADMT02,AUINPSYH1,2,MH TRMT IN PRIV/PUB PSYCH HOSP PST 12 MOS,Where did you stay overnight or longer to receive mental health treatment or counseling during the past 12 months?,,7
ADULT MENTAL HEALTH SERVICE UTILIZATION,434,396,ADMT02,AUINPGEN1,2,MH TRMT IN PSYCH UNIT OF GEN HOSP PST 12 MOS,,,6
ADULT MENTAL HEALTH SERVICE UTILIZATION,434,396,ADMT02,AUINMEDU1,2,MH TRMT IN MED UNIT OF GEN HOSP PST 12 MOS,,,7
ADULT MENTAL HEALTH SERVICE UTILIZATION,435,397,ADMT02,AUINAHSP1,2,MH TRMT IN ANOTHER TYPE HOSP PST 12 MOS,,,6
ADULT MENTAL HEALTH SERVICE UTILIZATION,435,397,ADMT02,AUINRESD1,2,MH TRMT IN RESID TRMT CENTER PST 12 MOS,,,6
ADULT MENTAL HEALTH SERVICE UTILIZATION,435,397,ADMT02,AUINSFAC1,2,MH TRMT IN SOME OTHER FACIL PST 12 MOS,,,7
ADULT MENTAL HEALTH SERVICE UTILIZATION,435,397,ADMT04,AUNMPSY21,3,# NIGHTS IN PRIV/PUB PSYCH HOSP PST 12 MOS,"During the past 12 months, how many nights did you spend in a private or public psychiatric hospital for mental health care?",,7
ADULT MENTAL HEALTH SERVICE UTILIZATION,435,397,ADMT05,AUNMPGE21,3,# NIGHTS IN PSYCH UNIT OF GEN HOSP PST 12 MOS,"During the past 12 months, how many nights did you spend in the psychiatric unit of a general hospital for mental health care?",,6
ADULT MENTAL HEALTH SERVICE UTILIZATION,435,397,ADMT06,AUNMMED21,3,# NIGHTS IN MED UNIT OF GEN HOSP PST 12 MOS,"During the past 12 months, how many nights did you spend in the medical unit of a general hospital for mental health care?",,6
ADULT MENTAL HEALTH SERVICE UTILIZATION,436,398,ADMT07,AUNMAHS21,3,# NIGHTS IN ANOTHER TYPE OF HOSP PST 12 MOS,"During the past 12 months, how many nights did you spend in some other type of hospital for mental health care?",,5
ADULT MENTAL HEALTH SERVICE UTILIZATION,436,398,ADMT08,AUNMRES21,3,# NIGHTS IN RESID TRMT CENTER PST 12 MOS,"During the past 12 months, how many nights did you spend in a residential treatment center for mental health care?",,6
ADULT MENTAL HEALTH SERVICE UTILIZATION,436,398,ADMT09,AUNMSFA21,3,# NIGHTS IN SOME OTHER FACIL PST 12 MOS,"During the past 12 months, how many nights did you spend in some other type of facility for mental health care?",,7
ADULT MENTAL HEALTH SERVICE UTILIZATION,436,398,ADMT10,AUPINSLF1,2,INPAT MH CARE PYMNT: SELF OR LIVE-IN FAM MBR,Who paid or will pay for the inpatient mental health care you received during the past 12 months?,,7
ADULT MENTAL HEALTH SERVICE UTILIZATION,436,398,ADMT10,AUPINOFM1,2,INPAT MH CARE PYMNT: FAM MBR NOT LIVING W/YOU,,,6
ADULT MENTAL HEALTH SERVICE UTILIZATION,436,398,ADMT10,AUPINPHI1,2,INPAT MH CARE PYMNT: PRIVATE HEALTH INSUR,,,6
ADULT MENTAL HEALTH SERVICE UTILIZATION,437,399,ADMT10,AUPINMCR1,2,INPATIENT MH CARE PAYMENT: MEDICARE,,,6
ADULT MENTAL HEALTH SERVICE UTILIZATION,437,399,ADMT10,AUPINMCD1,2,INPATIENT MH CARE PAYMENT: MEDICAID,,,6
ADULT MENTAL HEALTH SERVICE UTILIZATION,437,399,ADMT10,AUPINREH1,2,INPAT MH CARE PYMNT: REHABILITATION PROG,,,6
ADULT MENTAL HEALTH SERVICE UTILIZATION,437,399,ADMT10,AUPINEMP1,2,INPATIENT MH CARE PAYMENT: EMPLOYER,,,6
ADULT MENTAL HEALTH SERVICE UTILIZATION,437,399,ADMT10,AUPINMIL1,2,INPATIENT MH CARE PAYMENT: MILITARY SOURCE,,,6
ADULT MENTAL HEALTH SERVICE UTILIZATION,437,399,ADMT10,AUPINPUB1,2,INPAT MH CARE PYMNT: OTHER PUBLIC SOURCE,,,6
ADULT MENTAL HEALTH SERVICE UTILIZATION,438,400,ADMT10,AUPINPRV1,2,INPAT MH CARE PYMNT: OTHER PRIVATE SOURCE,,,6
ADULT MENTAL HEALTH SERVICE UTILIZATION,438,400,ADMT10,AUPINFRE1,2,INPATIENT MENTAL HEALTH CARE WAS FREE,,,7
ADULT MENTAL HEALTH SERVICE UTILIZATION,438,400,ADMT12,AUPINFM21,2,AMT YOU/FAMILY PAID FOR INPAT MH CARE,How much did you or your family pay for the inpatient mental health care you received during the past 12 months? Do not count any money that has been or will be reimbursed by insurance or any other source.,"NOTE: This variable incorporates the value from a probe question that was asked when the respondent answered REFUSED to this question. The list below includes some of the places where people can get outpatient treatment or counseling for problems with their emotions, nerves, or mental health. During the past 12 months, did you receive any outpatient treatment or counseling for any problem you were having with your emotions, nerves, or mental health at any of the places listed below? Please do not include treatment for alcohol or drug use. - An outpatient mental health clinic or center - The office of a private therapist, psychologist, psychiatrist, social worker, or counselor that was not part of a clinic - A doctor's office that was not part of a clinic - An outpatient medical clinic - A partial day hospital or day treatment program - Some other place",13
ADULT MENTAL HEALTH SERVICE UTILIZATION,438,400,"ADMT13, ADMTREF2",AUOPTYR1,2,RCVD OUTPATIENT MH TRMT PST 12 MOS,,,8
ADULT MENTAL HEALTH SERVICE UTILIZATION,439,401,ADMT14,AUOPMENT1,2,MH TRMT IN OUTPATIENT MH CNTR PST 12 MOS,Where did you receive outpatient mental health treatment or counseling during the past 12 months?,,8
ADULT MENTAL HEALTH SERVICE UTILIZATION,439,401,ADMT14,AUOPTHER1,2,MH TRMT IN PRIV THERAPIST'S OFC PST 12 MOS,,,7
ADULT MENTAL HEALTH SERVICE UTILIZATION,439,401,ADMT14,AUOPDOC1,2,MH TRMT IN NON-CLINIC DR.'S OFC PST 12 MOS,,,6
ADULT MENTAL HEALTH SERVICE UTILIZATION,439,401,ADMT14,AUOPCLNC1,2,MH TRMT IN OUTPAT MED CLINIC PST 12 MOS,,,8
ADULT MENTAL HEALTH SERVICE UTILIZATION,439,401,ADMT14,AUOPDTMT1,2,MH TRMT IN DAY TREATMENT PGM PST 12 MOS,,,6
ADULT MENTAL HEALTH SERVICE UTILIZATION,439,401,ADMT14,AUOPOTOP1,2,MH TRMT IN OTHER OUTPAT PLACE PST 12 MOS,,,6
ADULT MENTAL HEALTH SERVICE UTILIZATION,440,402,ADMT15SC,AUOPYRS21,2,OTH FACIL RCVD OUTPAT MH TRMT PAST 12 MOS,,,25
ADULT MENTAL HEALTH SERVICE UTILIZATION,440,402,ADMT16,AUNMMEN21,3,# VISITS TO OUTPATIENT MH CNTR PST 12 MOS,"During the past 12 months, how many visits did you make to an outpatient mental health clinic or center for mental health care?",,7
ADULT MENTAL HEALTH SERVICE UTILIZATION,440,402,ADMT17,AUNMTHE21,3,# VISITS TO PRIV THERAPIST'S OFC PST 12 MOS,"During the past 12 months, how many outpatient visits did you make to a private therapist, psychologist, psychiatrist, social worker, or counselor for mental health care?",,6
ADULT MENTAL HEALTH SERVICE UTILIZATION,440,402,ADMT18,AUNMDOC21,3,# VISITS TO NON-CLINIC DR.'S OFC PST 12 MOS,"During the past 12 months, how many outpatient visits did you make to a doctor's office for mental health care?",,6
ADULT MENTAL HEALTH SERVICE UTILIZATION,441,403,ADMT19,AUNMCLN21,3,# VISITS TO OUTPAT MED CLINIC PST 12 MOS,"During the past 12 months, how many outpatient visits did you make to an outpatient medical clinic for mental health care?",,6
ADULT MENTAL HEALTH SERVICE UTILIZATION,441,403,ADMT20,AUNMDTM21,3,# VISITS TO DAY TREATMENT PGM PST 12 MOS,"During the past 12 months, how many outpatient visits did you make to a partial day hospital or day treatment program for mental health care?",,5
ADULT MENTAL HEALTH SERVICE UTILIZATION,441,403,ADMT21,AUNMOTO21,3,# VISIT OTPT SOME OTHER FACILITY PST 12 MOS,"During the past 12 months, how many outpatient visits did you make to some other type of facility for mental health care?",,6
ADULT MENTAL HEALTH SERVICE UTILIZATION,441,403,ADMT22,AUPOPSLF1,2,OUPAT MH CARE PYMNT: SELF OR LIVE-IN FAM MBR,Who paid or will pay for the outpatient mental health care you received during the past 12 months?,,7
ADULT MENTAL HEALTH SERVICE UTILIZATION,441,403,ADMT22,AUPOPOFM1,2,OUPAT MH CARE PYMNT: FAM MBR NOT LIVING W/YOU,,,6
ADULT MENTAL HEALTH SERVICE UTILIZATION,441,403,ADMT22,AUPOPPHI1,2,OUPAT MH CARE PYMNT: PRIVATE HEALTH INSUR,,,6
ADULT MENTAL HEALTH SERVICE UTILIZATION,442,404,ADMT22,AUPOPMCR1,2,OUTPATIENT MH CARE PAYMENT: MEDICARE,,,6
ADULT MENTAL HEALTH SERVICE UTILIZATION,442,404,ADMT22,AUPOPMCD1,2,OUTPATIENT MH CARE PAYMENT: MEDICAID,,,6
ADULT MENTAL HEALTH SERVICE UTILIZATION,442,404,ADMT22,AUPOPREH1,2,OUPAT MH CARE PYMNT: REHABILITATION PROG,,,6
ADULT MENTAL HEALTH SERVICE UTILIZATION,442,404,ADMT22,AUPOPEMP1,2,OUTPATIENT MH CARE PAYMENT: EMPLOYER,,,6
ADULT MENTAL HEALTH SERVICE UTILIZATION,442,404,ADMT22,AUPOPMIL1,2,OUTPATIENT MH CARE PAYMENT: MILITARY SOURCE,,,6
ADULT MENTAL HEALTH SERVICE UTILIZATION,442,404,ADMT22,AUPOPPUB1,2,OUPAT MH CARE PYMNT: OTHER PUBLIC SOURCE,,,6
ADULT MENTAL HEALTH SERVICE UTILIZATION,443,405,ADMT22,AUPOPPRV1,2,OUPAT MH CARE PYMNT: OTHER PRIVATE SOURCE,,,6
ADULT MENTAL HEALTH SERVICE UTILIZATION,443,405,ADMT22,AUPOPFRE1,2,OUTPATIENT MENTAL HEALTH CARE WAS FREE,,,6
ADULT MENTAL HEALTH SERVICE UTILIZATION,443,405,ADMT23,AUPOPMOS1,2,PAYMENT FOR MOST OF OUTPATIENT MH CARE,Who paid or will pay most of the cost for the outpatient mental health care you received during the past 12 months?,,13
ADULT MENTAL HEALTH SERVICE UTILIZATION,443,405,ADMT24,AUPOPAMT1,2,AMT YOU/FAMILY PAID FOR OUPAT MH CARE,How much did you or your family pay for the outpatient mental health care you received during the past 12 months? Do not count any money that has been or will be reimbursed by insurance or any other source.,,13
ADULT MENTAL HEALTH SERVICE UTILIZATION,444,406,ATXMHTEL,AUMHTELYR1,2,ADULT RCVD MENTAL HLTH TRMT OVER PHONE/EMAIL/VIDEO PST 12 MS,"During the past 12 months have you received any professional counseling, medication or treatment for your mental health, emotions, or behavior over the phone, by email, or through video calling?","NOTE: This variable incorporates the value from a probe question that was asked when the respondent answered REFUSED to this question. During the past 12 months, did you take any prescription medication that was prescribed for you to treat a mental or emotional condition?",8
ADULT MENTAL HEALTH SERVICE UTILIZATION,444,406,"ADMT25, ADMTREF3",AURXYR1,2,TOOK ANY PRESCRIP MED FOR MH COND PAST 12 MOS,,,7
ADULT MENTAL HEALTH SERVICE UTILIZATION,444,406,ADMT26,AUUNMTYR1,2,NEEDED MH TRMT BUT DIDN'T GET IT PAST 12 MOS,"During the past 12 months, was there any time when you needed mental health treatment or counseling for yourself but didn't get it?",,7
ADULT MENTAL HEALTH SERVICE UTILIZATION,444,406,ADMT27,AUUNCOST1,2,NO MH TMT COULDN'T AFFORD COST,Which of these statements explains why you did not get the mental health treatment or counseling you needed?,,8
ADULT MENTAL HEALTH SERVICE UTILIZATION,444,406,ADMT27,AUUNNBR1,2,NO MH TMT CONCERN ABOUT OPIN OF NEIGHBRS,,,7
ADULT MENTAL HEALTH SERVICE UTILIZATION,445,407,ADMT27,AUUNJOB1,2,NO MH TMT CONCERN ABOUT EFFECT ON JOB,,,6
ADULT MENTAL HEALTH SERVICE UTILIZATION,445,407,ADMT27,AUUNNCOV1,2,NO MH TMT HEALTH INSUR DIDN'T COVER,,,6
ADULT MENTAL HEALTH SERVICE UTILIZATION,445,407,ADMT27,AUUNENUF1,2,NO MH TMT NOT ENUF HEALTH INSUR COVERAGE,,,6
ADULT MENTAL HEALTH SERVICE UTILIZATION,445,407,ADMT27,AUUNWHER1,2,NO MH TMT DIDN'T KNOW WHERE TO GO FOR SVC,,,7
ADULT MENTAL HEALTH SERVICE UTILIZATION,445,407,ADMT27,AUUNCFID1,2,NO MH TMT CONCERN ABOUT CONFIDENTIALITY,,,7
ADULT MENTAL HEALTH SERVICE UTILIZATION,445,407,ADMT27,AUUNCMIT1,2,NO MH TMT MIGHT BE COMMITTED/TAKE MEDS,,,7
ADULT MENTAL HEALTH SERVICE UTILIZATION,446,408,ADMT27A,AUUNNOND1,2,NO MH TMT DON'T THINK NEEDED AT THAT TIME,Which of these statements explain why you did not get the mental health treatment or counseling you needed?,,7
ADULT MENTAL HEALTH SERVICE UTILIZATION,446,408,ADMT27A,AUUNHNDL1,2,NO MH TMT THOUGHT COULD HANDLE WITHOUT TMT,,,7
ADULT MENTAL HEALTH SERVICE UTILIZATION,446,408,ADMT27A,AUUNNHLP1,2,NO MH TMT DIDN'T THINK TMT WOULD HELP,,,7
ADULT MENTAL HEALTH SERVICE UTILIZATION,446,408,ADMT27A,AUUNBUSY1,2,NO MH TMT DIDN'T HAVE TIME,,,7
ADULT MENTAL HEALTH SERVICE UTILIZATION,446,408,ADMT27A,AUUNFOUT1,2,NO MH TMT DIDN'T WANT OTHERS TO FIND OUT,,,7
ADULT MENTAL HEALTH SERVICE UTILIZATION,446,408,ADMT27A,AUUNNTSP1,2,NO MH TMT HAD NO TRANSPORTATION OR TMT TOO FAR,,,7
ADULT MENTAL HEALTH SERVICE UTILIZATION,447,409,"ADMT27, ADMT27A",AUUNSOR1,2,NO MH TMT FOR SOME OTHER REASON,,,6
ADULT MENTAL HEALTH SERVICE UTILIZATION,447,409,ADM27SC1,AUUNRIM21,2,MOST IMPORTNT OTH REAS DIDNT GET MH TMT PST 12 MO,,,48
ADULT MENTAL HEALTH SERVICE UTILIZATION,448,410,ADMT29A,AUALTYR1,2,RCVD ALTERNATIVE MENT HLTH TRMT PAST 12 MOS,"Earlier, we asked whether you have received prescription medicines, inpatient treatment or outpatient treatment for your emotions, nerves or mental health. The list below contains possible sources of treatment, counseling or support that were not mentioned before. Acupuncturist or acupressurist Chiropractor Herbalist In-person support group or self-help group Internet support group or chat room Spiritual or religious advisor, such as a pastor, priest, rabbi Telephone hotline Massage therapist Did you receive treatment, counseling or support from any other sources such as these during the past 12 months?",,8
ADULT MENTAL HEALTH SERVICE UTILIZATION,448,410,ADMT29B,AUALACUP1,2,RCVD ALT MH TMT FROM ACUPUNCTURIST PST 12 MOS,"From what source did you receive other treatment, counseling or support for problems with your emotions, nerves or mental health in the past 12 months?",,8
ADULT MENTAL HEALTH SERVICE UTILIZATION,448,410,ADMT29B,AUALCHIR1,2,RCVD ALT MH TMT FROM CHIROPRACTOR PST 12 MOS,,,6
ADULT MENTAL HEALTH SERVICE UTILIZATION,448,410,ADMT29B,AUALHERB1,2,RCVD ALT MH TMT FROM HERBALIST PAST 12 MONTHS,,,7
ADULT MENTAL HEALTH SERVICE UTILIZATION,449,411,ADMT29B,AUALSGRP1,2,RCVD ALT MH TMT FR IN-PERS SUPPORT GRP PST 12 MOS,,,8
ADULT MENTAL HEALTH SERVICE UTILIZATION,449,411,ADMT29B,AUALINET1,2,RCVD ALT MH TMT FROM INTERNET GROUP PST 12 MOS,,,7
ADULT MENTAL HEALTH SERVICE UTILIZATION,449,411,ADMT29B,AUALRELG1,2,RCVD ALT MH TMT FROM RELIGIOUS ADVISOR PST 12 MOS,,,8
ADULT MENTAL HEALTH SERVICE UTILIZATION,449,411,ADMT29B,AUALHLIN1,2,RCVD ALT MH TMT FROM PHONE HOTLINE PST 12 MOS,,,7
ADULT MENTAL HEALTH SERVICE UTILIZATION,449,411,ADMT29B,AUALMASG1,2,RCVD ALT MH TMT FROM MASSAGE THERAPIST PST 12 MOS,,,6
ADULT MENTAL HEALTH SERVICE UTILIZATION,449,411,ADMT29B,AUALOTH1,2,RCVD ALT MH TMT FROM OTHER SOURCE PST 12 MOS,,,6
ADULT MENTAL HEALTH SERVICE UTILIZATION,450,412,ADM29BSC,AUALOTS21,3,OTH SOURCE OF ALTERN MH TMT PST 12 MOS - SPECIFY,,,31
ADULT MENTAL HEALTH SERVICE UTILIZATION,450,412,ADMT30,AUMOTVYR1,2,HOW PROMPTED TO GET MH TREATMENT PST 12 MOS,Please think about the mental health treatment or counseling you received during the past 12 months. Which of these statements best describes how you were prompted to get treatment?,,8
RECODED ADULT MENTAL HEALTH SERVICE UTILIZATION,451,413,AUINPYR,AMHINP2,1,RC-RCVD INPATIENT MENTAL HEALTH TRT IN PST YR,"NOTE: The variables in this section are recoded variables that were created from one or more variables from the following sections: Adult Mental Health Service Utilization and Recoded Drug Treatment. NOTE: Certain source variables that were used to create recoded variables have valid values that might not have been reported or assigned for the current survey year. However, these values have been included in the general specifications in the codebook on how the recoded variables were created. See additional details about this issue in the Organization of the Data File section of this codebook introduction.",,3
RECODED ADULT MENTAL HEALTH SERVICE UTILIZATION,451,413,"AUOPOTOP, AUOPTYR, AUOPYRS2",AMHOUTP4,1,RC-RCVD OUTPATIENT MENTAL HEALTH TRT IN PST YR,"Starting with the 2021 NSDUH, the following variable for received outpatient mental health treatment/counseling in the past year, AMHOUTP4, defines respondents who reported receiving outpatient mental health treatment/counseling in the past year at only “Some Other Place” (AUOPTYR=1 and only AUOPOTOP=1,3) and AUOPYRS2=85, 94, 97, 98 as a system missing. Levels of AUOPYRS2 were also re-classified between valid or invalid outpatient locations. AMHOUTP4 is defined as system missing if a respondent reported receiving outpatient mental health treatment/counseling in the past year at only """"Some Other Place"""" (AUOPTYR=1 and only AUOPOTOP=1, 3) and their write-in response was classified as an invalid outpatient mental health treatment/counseling location or alternative treatment/support (AUOPYRS2=7, 8, 10, 11, 17, 30, 55, 56, 59, 71, 85, 94, 97, 98). In addition to the responses described above, respondents aged 12-17 and those coded as logically assigned yes, bad data, legitimate skip, don't know, refused, or blank (AUOPTYR=3, 85, 89, 94, 97, 98, 99) were also defined as system missing. A respondent was assigned a positive response if they indicated they had received outpatient mental health treatment/counseling in the past year (AUOPTYR=1) and they did not indicate an alternative source or invalid outpatient location (AUOPYRS2 not =7, 8, 10, 11, 17, 30, 55, 56, 59, 71, 85, 94, 97, 98) as their only location for outpatient treatment.",,3
RECODED ADULT MENTAL HEALTH SERVICE UTILIZATION,451,413,AURXYR,AMHRX2,1,RC-RCVD PRESC MED FOR MENTAL HLTH TRT IN PST YR,,,3
RECODED ADULT MENTAL HEALTH SERVICE UTILIZATION,451,413,"AMHINP2, AMHOUTP4, AMHRX2",AMHTXRC4,1,"RC-RCVD INPATIENT, OUTPATIENT, OR RX MH TRT IN PST YR","The following variable for received any mental health treatment in the past year, AMHTXRC4, was revised starting with the 2021 NSDUH to use the updated outpatient mental health treatment variable (AMHOUTP4).",,3
RECODED ADULT MENTAL HEALTH SERVICE UTILIZATION,451,413,AUMHTELYR,AUMHTELYR2,1,RC-RCVD VIRTUAL MENTAL HEALTH TREATMENT IN PAST YEAR,,,3
RECODED ADULT MENTAL HEALTH SERVICE UTILIZATION,452,414,"AMHINP2, AMHOUTP4, AMHRX2, AUMHTELYR2",AMHTXYR4,1,"RC-RCVD INPATNT, OUTPATNT, RX, OR VIRTUAL MH TRT IN PST YR","The following variable for received any mental health treatment including virtual treatment in the past year, AMHTXYR4, was revised starting with the 2021 NSDUH to use the updated outpatient mental health treatment variable (AMHOUTP4).",,3
RECODED ADULT MENTAL HEALTH SERVICE UTILIZATION,452,414,"AMHINP2, AMHOUTP4, AMHRX2",AMHSVTYP4,1,RC-TYPE OF MENTAL HEALTH TRT RCVD IN PST YR,"The following variable, AMHSVTYP4, classifies what type of mental health treatment/counseling was received in the past year. Respondents who reported receiving treatment for mental health were classified in one of seven mutually exclusive categories. This variable was revised starting with the 2021 NSDUH to use the updated outpatient mental health treatment variable (AMHOUTP4). A respondent was assigned to level one if they reported receiving inpatient treatment only (AMHINP2=1 and AMHOUTP4=2 and AMHRX2=2), to level two if they reported receiving outpatient treatment only (AMHINP2=2 and AMHOUTP4=1 and AMHRX2=2), to level three if they reported receiving prescription medication treatment only (AMHINP2=2 and AMHOUTP4=2 and AMHRX2=1), to level four if they reported receiving both inpatient and outpatient treatment only (AMHINP2=1 and AMHOUTP4=1 and AMHRX2=2), to level five if they reported receiving inpatient and prescription medication treatment only (AMHINP2=1 and AMHOUTP4=2 and AMHRX2=1), to level six if they reported receiving outpatient and prescription medication treatment only (AMHINP2=2 and AMHOUTP4=1 and AMHRX2=1), or to level seven if they reported receiving inpatient, outpatient, and prescription medication treatment (AMHINP2=1 and AMHOUTP4=1 and AMHRX2=1). Respondents who did not receive inpatient, outpatient, or prescription medication mental health treatment in the past year were assigned to level eight (AMHINP2=2 and AMHOUTP4=2 and AMHRX2=2). Respondents whose specific treatment was not distinguishable due to missing values in one or more of the three source variables (AMHINP2, AMHOUTP4, or AMHRX2) were assigned a system missing.",,9
RECODED ADULT MENTAL HEALTH SERVICE UTILIZATION,452,414,AUUNMTYR,AMHTXND2,1,RC-PERCEIVED UNMET NEED/DID NOT RCV MH TRT IN PST YR,"The following variable, AMHTXND2, is defined as feeling a perceived need for mental health treatment/counseling that was not received. This is often referred to as ""unmet need.""",,3
RECODED ADULT MENTAL HEALTH SERVICE UTILIZATION,452,414,"AMHTXND2, AMHTXRC4",AMHTXAND4,1,"RC-PERCEIVED UNMET NEED/RECEIPT OF INP, OUTP, RX MH TRT STAT","The following variable, AMHTXAND4, is defined as feeling a perceived need for mental health treatment/counseling that was not received (often referred to as “unmet need”) and receipt of mental health treatment/counseling. This variable was revised starting with the 2021 NSDUH to use the updated received any mental health treatment variable (AMHTXRC4).","NOTE: The following seven variables contain information about the location of outpatient mental health treatment/counseling received in the past year. These variables were revised starting with the 2021 NSDUH to use the updated outpatient mental health treatment variable (AMHOUTP4). Only respondents who reported having received outpatient mental health treatment/counseling (AMHOUTP4=1) can be defined as having received it at the location. A respondent was allowed to report any of five specific locations or ""Some Other Place"". If a respondent reported ""Some Other Place,"" they were asked to provide a description of the other location in a follow-up question. The first five variables below were created by examination of the variables containing information on the five specific locations, while the last two variables were created by examination of the variables containing information on the other-specify locations which were grouped into two main categories.",5
RECODED ADULT MENTAL HEALTH SERVICE UTILIZATION,453,415,"AMHOUTP4, AUOPMENT",MHLMNT4,1,RC-RCVD OUTP MH TRT AT MH CLINIC/CENTER IN PST YR,,,3
RECODED ADULT MENTAL HEALTH SERVICE UTILIZATION,453,415,"AMHOUTP4, AUOPTHER",MHLTHER4,1,RC-RCVD OUTP MH TRT AT PRIV THERAPIST OFC IN PST YR,,,3
RECODED ADULT MENTAL HEALTH SERVICE UTILIZATION,453,415,"AMHOUTP4, AUOPDOC",MHLDOC4,1,RC-RCVD OUTP MH TRT AT NON CLINIC DR OFFCE IN PST YR,,,3
RECODED ADULT MENTAL HEALTH SERVICE UTILIZATION,453,415,"AMHOUTP4, AUOPCLNC",MHLCLNC4,1,RC-RCVD OUTP MH TRT AT MEDICAL CLINIC IN PST YR,,,3
RECODED ADULT MENTAL HEALTH SERVICE UTILIZATION,453,415,"AMHOUTP4, AUOPDTMT",MHLDTMT4,1,RC-RCVD OUTP MH TRT AT DAY HOSP OR TRT PGM IN PST YR,,"NOTE: The following variables, MHLSCHL4 and MHLOTH4, were created by examination of the other-specify write-in responses for locations where a respondent received outpatient mental health treatment/counseling. See additional information included above the location of outpatient mental health treatment recode variable, MHLMNT4. In addition to changes discussed in that note, these two variables have been further revised due to the reclassification of some AUOPYRS2 levels (i.e., valid or invalid outpatient locations). The following variable, MHLSCHL4, was assigned a positive response if a respondent indicated receiving outpatient mental health treatment/counseling in the past year (AMHOUTP4=1) at some location other than the five locations defined above (AUOPOTOP=1) and the location was classified as """"School or University Setting/Clinic/Center"""" (AUOPYRS2=9). A negative response was assigned if the respondent indicated receiving outpatient mental health treatment/counseling in the past year (AMHOUTP4=1) at one of the five locations defined above but not some location other than these five locations (AUOPOTOP=6 AND AUOPYRS2=99), at some location other than the five locations defined above or """"School or University Setting/Clinic/Center"""" and this location was classified as a valid outpatient treatment location (AUOPYRS2=1-5, 12-15, 18-21, 23, 24, 25, 27, 31, 40, 41, 43, 53, 58, 60, 70, 73,77), or if they did not receive outpatient mental health treatment in the past year (AMHOUTP4=2). Respondents who indicated receiving outpatient treatment in the past year (AMHOUTP4=1) at some location other than the five locations defined above (AUOPOTOP=1) and the location was classified as an invalid or alternative source of treatment (AUOPYRS2=7, 8, 10, 11, 17, 30, 55, 56, 59, 71), bad data, don't know, refused, or blank (AUOPYRS2=85, 94, 97, 98), aged 12-17 (AUOPYRS2=89, 99 and AMHOUTP4=.), or classified as missing for receiving outpatient treatment in the past year (AMHOUTP4=.) were set to system missing.",3
RECODED ADULT MENTAL HEALTH SERVICE UTILIZATION,454,416,"AMHOUTP4, AUOPOTOP, AUOPYRS2",MHLSCHL4,1,RC-RCVD OUTP MH TRT AT A SCHOOL SETTING IN PST YR,,,3
RECODED ADULT MENTAL HEALTH SERVICE UTILIZATION,454,416,"AMHOUTP4, AUOPOTOP, AUOPYRS2",MHLOTH4,1,RC-RCVD OUTP MH TRT AT SOME OTHER PLACE IN PST YR,"The following variable, MHLOTH4, was assigned a positive response if a respondent indicated receiving outpatient mental health treatment/counseling in the past year (AMHOUTP4=1) at some location other than the six locations defined above and was classified as a valid location for outpatient mental health treatment/counseling and not considered an alternative source of treatment (AUOPOTOP=1 and AUOPYRS2=12-15, 18-21, 23, 24, 25, 27, 31, 40, 41, 43, 53, 58, 60, 70, 73, 77). A negative response was assigned if the respondent indicated receiving outpatient mental health treatment/counseling in the past year (AMHOUTP4=1) at one of the first five specified locations but not some location other than these locations (AUOPOTOP=6 and AUOPYRS2=99), indicated some other location to be one of the six specified locations defined above (AUOPYRS2=1-5, 9), or if reported not receiving outpatient mental health treatment in the past year (AMHOUTP4=2). Respondents who indicated receiving outpatient treatment in the past year (AMHOUTP4=1) at some location other than the five locations defined above (AUOPOTOP=1) and the location was classified as an invalid or alternative source of treatment (AUOPYRS2=7, 8, 10, 11, 17, 30, 55, 56, 59, 71), bad data, don't know, refused, or blank (AUOPYRS2=85, 94, 97, 98), aged 12-17 (AUOPYRS2=89, 99 and AMHOUTP4=.), or classified as missing for receiving outpatient treatment in the past year (AMHOUTP4=.) were set to system missing.",NOTE: The following 11 variables contain information about the source of payment for outpatient mental health treatment/counseling received in the past year. These variables were revised starting with the 2021 NSDUH to use the updated outpatient mental health treatment variable (AMHOUTP4). A respondent must have reported having received outpatient mental health treatment in the past year (AMHOUTP4=1) in order to be asked questions on the source of payment for treatment. A respondent was allowed to report any of 11 specific sources of payment.,3
RECODED ADULT MENTAL HEALTH SERVICE UTILIZATION,454,416,"AMHOUTP4, AUPOPSLF",MHPDSLF4,1,RC-SELF/HHOLD FAM MBR PAID FOR OUTP MH TRT IN PST YR,,,3
RECODED ADULT MENTAL HEALTH SERVICE UTILIZATION,454,416,"AMHOUTP4, AUPOPOFM",MHPDOFM4,1,RC-NON-HHOLD FAM MBR PAID FOR OUTP MH TRT IN PST YR,,,3
RECODED ADULT MENTAL HEALTH SERVICE UTILIZATION,455,417,"AMHOUTP4, AUPOPPHI",MHPDPHI4,1,RC-PRIV HEALTH INSUR PAID FOR OUTP MH TRT IN PST YR,,,3
RECODED ADULT MENTAL HEALTH SERVICE UTILIZATION,455,417,"AMHOUTP4, AUPOPMCR",MHPDMCR4,1,RC-MEDICARE PAID FOR OUTP MH TRT IN PST YR,,,3
RECODED ADULT MENTAL HEALTH SERVICE UTILIZATION,455,417,"AMHOUTP4, AUPOPMCD",MHPDMCD4,1,RC-MEDICAID PAID FOR OUTP MH TRT IN PST YR,,,3
RECODED ADULT MENTAL HEALTH SERVICE UTILIZATION,455,417,"AMHOUTP4, AUPOPREH",MHPDREH4,1,RC-REHAB PGM PAID FOR OUTP MH TRT IN PST YR,,,3
RECODED ADULT MENTAL HEALTH SERVICE UTILIZATION,455,417,"AMHOUTP4, AUPOPEMP",MHPDEMP4,1,RC-EMPLOYER PAID FOR OUTP MH TRT IN PST YR,,,3
RECODED ADULT MENTAL HEALTH SERVICE UTILIZATION,455,417,"AMHOUTP4, AUPOPMIL",MHPDMIL4,1,RC-VA OR MILITARY PGM PAID FOR OUTP MH TRT IN PST YR,,,3
RECODED ADULT MENTAL HEALTH SERVICE UTILIZATION,455,417,"AMHOUTP4, AUPOPPUB",MHPDPUB4,1,RC-OTH PUBLIC SOURCE PAID FOR OUTP MH TRT IN PST YR,,,3
RECODED ADULT MENTAL HEALTH SERVICE UTILIZATION,455,417,"AMHOUTP4, AUPOPPRV",MHPDPRV4,1,RC-OTH PRIVATE SOURCE PAID FOR OUTP MH TRT IN PST YR,,,3
RECODED ADULT MENTAL HEALTH SERVICE UTILIZATION,455,417,"AMHOUTP4, AUPOPFRE",MHPDFRE4,1,RC-FREE - NOBODY PAID FOR OUTP MH TRT IN PST YR,,"NOTE: The following 16 variables contain information about the reasons for not receiving mental health treatment/counseling that was needed in the past year. A respondent must have reported not receiving mental health treatment that was needed in the past year (AMHTXND2=1) in order to be asked the questions on the reason for not receiving treatment. A respondent was allowed to report any of eight specific reasons or ""Some Other Reason."" If a respondent reported ""Some Other Reason,"" they were allowed to report any of six additional specific reasons or report ""Some Other Reason"" again. If a respondent reported ""Some Other Reason"" again, they were then asked to provide the most important other reason in a followup question. The first 14 variables below were created by examination of the variables containing information on the 14 specific reasons; while the last two variables were created by examination of the most important other-specify reasons.",3
RECODED ADULT MENTAL HEALTH SERVICE UTILIZATION,456,418,"AMHTXND2, AUUNCOST",MHRCOST2,1,RC-NO MH TRT IN PST YR B/C COULD NOT AFFORD COST,,,3
RECODED ADULT MENTAL HEALTH SERVICE UTILIZATION,456,418,"AMHTXND2, AUUNNBR",MHRNBRS2,1,RC-NO MH TRT IN PST YR B/C FEAR OF NEIGHBRS NEG OPIN,,,3
RECODED ADULT MENTAL HEALTH SERVICE UTILIZATION,456,418,"AMHTXND2, AUUNJOB",MHRJOBS2,1,RC-NO MH TRT IN PST YR B/C FEAR OF NEG AFFECT ON JOB,,,3
RECODED ADULT MENTAL HEALTH SERVICE UTILIZATION,456,418,"AMHTXND2, AUUNNCOV",MHRNCOV2,1,RC-NO MH TRT IN PST YR B/C INSUR NOT COVER AT ALL,,,3
RECODED ADULT MENTAL HEALTH SERVICE UTILIZATION,456,418,"AMHTXND2, AUUNENUF",MHRENUF2,1,RC-NO MH TRT IN PST YR B/C INSUR NOT PAY ENOUGH,,,3
RECODED ADULT MENTAL HEALTH SERVICE UTILIZATION,456,418,"AMHTXND2, AUUNWHER",MHRWHER2,1,RC-NO MH TRT IN PST YR B/C DID NOT KNOW WHERE TO GO,,,3
RECODED ADULT MENTAL HEALTH SERVICE UTILIZATION,456,418,"AMHTXND2, AUUNCFID",MHRCFID2,1,RC-NO MH TRT IN PST YR B/C CONFIDENTIALITY CONCERNS,,,3
RECODED ADULT MENTAL HEALTH SERVICE UTILIZATION,456,418,"AMHTXND2, AUUNCMIT",MHRCMIT2,1,RC-NO MH TRT IN PST YR B/C FEAR BEING COMMITTED/MED,,,3
RECODED ADULT MENTAL HEALTH SERVICE UTILIZATION,457,419,"AMHTXND2, AUUNNOND",MHRNOND2,1,RC-NO MH TRT IN PST YR B/C DIDN'T THINK TRT NEEDED,,,3
RECODED ADULT MENTAL HEALTH SERVICE UTILIZATION,457,419,"AMHTXND2, AUUNHNDL",MHRHAND2,1,RC-NO MH TRT IN PST YR B/C THGT COULD HANDLE PRB W/O,,,3
RECODED ADULT MENTAL HEALTH SERVICE UTILIZATION,457,419,"AMHTXND2, AUUNNHLP",MHRNOHP2,1,RC-NO MH TRT IN PST YR B/C DIDN'T THNK TRT WOULD HELP,,,3
RECODED ADULT MENTAL HEALTH SERVICE UTILIZATION,457,419,"AMHTXND2, AUUNBUSY",MHRTIME2,1,RC-NO MH TRT IN PST YR B/C DIDN'T HAVE TIME,,,3
RECODED ADULT MENTAL HEALTH SERVICE UTILIZATION,457,419,"AMHTXND2, AUUNFOUT",MHRFOUT2,1,RC-NO MH TRT IN PST YR B/C DIDNT WANT OTH TO FIND OUT,,,3
RECODED ADULT MENTAL HEALTH SERVICE UTILIZATION,457,419,"AMHTXND2, AUUNNTSP",MHRTRAN2,1,RC-NO MH TRT IN PST YR B/C NO TRANS OR INCONVENIENT,,"NOTE: The following variables, MHRCOVID and MHRSOTH2, were created by examination of the other-specify write-in responses for the most important reason adults did not receive mental health services. See additional information included above MHRCOST2, the reason for not receiving mental health treatment/counseling that was needed in the past year. The following variable, MHRCOVID, was assigned a positive response if a respondent reported not receiving mental health treatment that was needed in the past year (AMHTXND2=1) and reported the most important other-specify reason for not receiving that treatment was a COVID-19- related reason (AUUNRIMP=60-65). A negative response was assigned if a respondent reported not receiving mental health treatment that was needed in the past year (AMHTXND2=1) and reported the most important other-specify reason was not COVID-19 related, did/had appt for mental health treatment/counseling, or did not report the most important other-specify reason for not receiving this treatment (AUUNSOR=1, 6 and AUUNRIMP=1-59, 70, 85, 94, 97, 98, 99).",3
RECODED ADULT MENTAL HEALTH SERVICE UTILIZATION,457,419,"AMHTXND2, AUUNRIM2, AUUNSOR",MHRCOVID,1,RC-NO MH TRT IN PST YR B/C COVID-19 RELATED REASON,,,3
RECODED ADULT MENTAL HEALTH SERVICE UTILIZATION,458,420,"AMHTXND2, AUUNRIM2, AUUNSOR",MHRSOTH2,1,RC-NO MH TRT IN PST YR B/C SOME OTHER REASON,"The following variable, MHRSOTH2, was assigned a positive response if a respondent reported not receiving mental health treatment that was needed in the past year (AMHTXND2=1) and the reason for not receiving that treatment was other than the fourteen reasons listed above (AUUNSOR=1 and AUUNRIM2=15-59). A negative response was assigned if a respondent reported not receiving mental health treatment that was needed in the past year (AMHTXND2=1) and reported one of the reasons listed in the fourteen variables above, respondent did/had appt for mental health treatment/counseling or did not report an other-specify reason for not receiving this treatment (AUUNSOR=1, 6 and AUUNRIM2=1-14, 60- 70, 85, 94, 97, 98, 99).",NOTE: The following four variables were created by using a combination of variables from the following sections: Recoded Adult Mental Health Service Utilization and Recoded Drug Treatment. Specifications on how the individual Recoded Adult Mental Health Service Utilization variable was defined can be found above. Specifications on how the individual Recoded Drug Treatment variable was defined can be found in the Recoded Drug Treatment section. These variables were revised starting with the 2021 NSDUH to use the updated received any mental health treatment variable (AMHTXRC4).,3
RECODED ADULT MENTAL HEALTH SERVICE UTILIZATION,458,420,"AMHTXRC4, TXYRSPILAL",RCVMHOSPTX4,1,RC-RCVD MH TRT OR SUB TRT AT SPEC FAC IN PST YR,,,3
RECODED ADULT MENTAL HEALTH SERVICE UTILIZATION,458,420,"AMHTXRC4, TXYRSPILAL",RCVMHNSPTX4,1,RC-RCVD MH TRT BUT NOT SUB TRT AT SPEC FAC IN PST YR,,,3
RECODED ADULT MENTAL HEALTH SERVICE UTILIZATION,458,420,"AMHTXRC4, TXYRSPILAL",RCVSPTXNMH4,1,RC-RCVD SUB TRT AT SPEC FAC BUT NOT MH TRT IN PST YR,,,3
RECODED ADULT MENTAL HEALTH SERVICE UTILIZATION,458,420,"AMHTXRC4, TXYRSPILAL",RCVMHASPTX4,1,RC-RCVD BOTH MH TRT AND SUB TRT AT SPEC FAC IN PST YR,,NOTE: The following four variables were created by using a combination of variables from the following sections: Recoded Adult Mental Health Service Utilization and Recoded Drug Treatment. Specifications on how the individual Recoded Adult Mental Health Service Utilization variable was defined can be found above. Specifications on how the individual Recoded Drug Treatment variable was defined can be found in the Recoded Drug Treatment section. These variables were revised starting with the 2021 NSDUH to use the updated received any mental health treatment variable (AMHTXYR4).,3
RECODED ADULT MENTAL HEALTH SERVICE UTILIZATION,458,420,"AMHTXYR4, TXYRSPILAL",RVMHVROSPTX4,1,RC-RCVD MH/VIRTUAL TRT OR SUB TRT AT SPEC FAC IN PST YR,,,3
RECODED ADULT MENTAL HEALTH SERVICE UTILIZATION,459,421,"AMHTXYR4, TXYRSPILAL",RVMHVRNSPTX4,1,RC-RCVD MH/VIRTUAL TRT BUT NOT SUB TRT AT SPEC FAC IN PST YR,,,3
RECODED ADULT MENTAL HEALTH SERVICE UTILIZATION,459,421,"AMHTXYR4, TXYRSPILAL",RVSPTXNMHVR4,1,RC-RCVD SUB TRT AT SPEC FAC BUT NOT MH/VIRTUAL TRT IN PST YR,,,3
RECODED ADULT MENTAL HEALTH SERVICE UTILIZATION,459,421,"AMHTXYR4, TXYRSPILAL",RVMHVRASPTX4,1,RC-RCVD BOTH MH/VIRTUAL TRT AND SUB TRT AT SPEC FAC PST YR,,,3
SOCIAL ENVIRONMENT,460,422,SEN12A,SNYSELL1,2,SOLD ILLEGAL DRUGS,"The values in this section may be inconsistent with values for variables in other sections of the interview. Items in this section were edited when respondents legitimately skipped out of these items based on prior answers in earlier sections. Otherwise, variables in one section of the interview generally were not edited to make them consistent with variables in another section of the interview. This note applies to variables in this section marked by a1. The next questions are about things you might or might not have done recently. During the past 12 months, how many times have you sold illegal drugs?",,10
SOCIAL ENVIRONMENT,460,422,SEN12B,SNYSTOLE1,2,STOLEN/TRIED TO STEAL ANYTHING WORTH > $50,"During the past 12 months, how many times have you stolen or tried to steal anything worth more than $50?",,10
SOCIAL ENVIRONMENT,460,422,SEN12C,SNYATTAK1,2,ATTACKED SOMEONE W/INTENT TO SERIOUSLY HURT THEM,"During the past 12 months, how many times have you attacked someone with the intent to seriously hurt them?",,10
SOCIAL ENVIRONMENT,460,422,SEN13B,SNFAMJEV1,2,HOW YOU FEEL: ADLTS TRYING MJ/HASH,How do you feel about adults trying marijuana or hashish once or twice?,,8
SOCIAL ENVIRONMENT,461,423,SENRELAT,SNRLGSVC1,2,"PAST 12 MOS, HOW MANY RELIG. SERVICES","During the past 12 months, how many times did you attend religious services? Please do not include special occasions such as weddings, funerals, or other special events in your answer.",,11
SOCIAL ENVIRONMENT,461,423,SENREBE1,SNRLGIMP1,2,MY RELIGIOUS BELIEFS ARE VERY IMPORTANT,"These next questions are about the role that religious beliefs may play in your life. For each statement, please indicate whether you strongly disagree, disagree, agree, or strongly agree. Your religious beliefs are a very important part of your life.",,9
SOCIAL ENVIRONMENT,461,423,SENREBE2,SNRLDCSN1,2,MY RELIGIOUS BELIEFS INFLUENCE MY DECISIONS,Your religious beliefs influence how you make decisions in your life.,,9
SOCIAL ENVIRONMENT,461,423,SENREBE3,SNRLFRND1,2,IT IS IMPORTANT THAT MY FRIENDS SHARE REL BELIEFS,It is important that your friends share your religious beliefs.,,9
YOUTH EXPERIENCES,462,424,YE09,YEATNDYR1,2,ATTENDED ANY TYPE OF SCHOOL PAST 12 MONTHS,"The values in this section may be inconsistent with values for variables in other sections of the interview. Items in this section were edited when respondents legitimately skipped out of these items based on prior answers in earlier sections. Otherwise, variables in one section of the interview generally were not edited to make them consistent with variables in another section of the interview. This note applies to variables in this section marked by a1. The next questions are about school. By ""school,"" we mean elementary school, junior high or middle school, high school, or a college or university. Please include home schooling as well. Have you attended any type of school at any time during the past 12 months?",,7
YOUTH EXPERIENCES,462,424,YE09A,YEHMSLYR1,2,HOME SCHOOLED AT ANY TIME DURING THE PAST 12 MOS,Some parents decide to educate their children at home rather than send them to school. Have you been home-schooled at any time during the past 12 months?,,7
YOUTH EXPERIENCES,462,424,YE10,YESCHFLT1,2,HOW YOU FELT OVERALL ABT GOING TO SCHL PAST 12 MOS,Which of the statements below best describes how you felt overall about going to school during the past 12 months?,,9
YOUTH EXPERIENCES,462,424,YE11,YESCHWRK1,2,HOW OFTEN FELT SCHL WORK MEANINGFUL PST 12 MOS,"During the past 12 months, how often did you feel that the school work you were assigned to do was meaningful and important?",,9
YOUTH EXPERIENCES,463,425,YE12,YESCHIMP1,2,HOW IMPT THINGS LEARNED PST 12 MOS ARE GOING TO BE,How important do you think the things you have learned in school during the past 12 months are going to be to you later in life?,,9
YOUTH EXPERIENCES,463,425,YE13,YESCHINT1,2,HOW INTERESTING ARE COURSES AT SCHL PAST 12 MONTHS,How interesting do you think most of your courses at school during the past 12 months have been?,,9
YOUTH EXPERIENCES,463,425,YE14,YETCGJOB1,2,HOW OFTEN TCHR SAY DOING A GOOD JOB PAST 12 MONTHS,"During the past 12 months, how often did your teachers at school let you know when you were doing a good job with you school work?",,9
YOUTH EXPERIENCES,463,425,YE15,YELSTGRD1,2,GRADES FOR LAST SEMESTER/GRADING PERIOD COMPLETED,What were your grades for the last semester or grading period you completed?,,10
YOUTH EXPERIENCES,464,426,YE16A,YESTSCIG1,2,HOW MANY SDNTS YOU KNOW IN GRADE SMOKE CIGARETTES,"How many of the students in your grade at school would you say smoke cigarettes? Please think about the school you would be attending if you were not home-schooled, as you answer these next questions. How many of the students in your grade at school would you say smoke cigarettes?",,9
YOUTH EXPERIENCES,464,426,YE16B,YESTSMJ1,2,HOW MANY SDNTS YOU KNOW IN GRADE USE MJ/HASH,How many of the students in your grade at school would you say use marijuana or hashish?,,9
YOUTH EXPERIENCES,464,426,YE16C,YESTSALC1,2,HOW MANY SDNTS YOU KNOW IN GRADE DRINK ALCOHOL,How many of the students in your grade at school would you say drink alcoholic beverages?,,9
YOUTH EXPERIENCES,464,426,YE16D,YESTSDNK1,2,HOW MANY SDNTS YOU KNOW GET DRUNK WEEKLY,How many of the students in your grade at school would you say get drunk at least once a week?,,9
YOUTH EXPERIENCES,465,427,YE06A,YEPCHKHW1,2,PRNTS CHECK IF YOU'VE DONE HOMEWORK PST 12 MOS,"The next questions ask about your parents. By parents, we mean either your biological parents, adoptive parents, stepparents, or adult guardians who live in your household. During the past 12 months, how often did your parents check on whether you had done your homework?",,9
YOUTH EXPERIENCES,465,427,YE06B,YEPHLPHW1,2,PRNTS HELPED YOU W/HOMEWORK PAST 12 MONTHS,"During the past 12 months, how often did your parents provide help with your homework when you needed it?",,9
YOUTH EXPERIENCES,465,427,YE06C,YEPCHORE1,2,PRNTS MADE YOU DO WORK/CHORES PAST 12 MONTHS,"During the past 12 months, how often did your parents make you do chores around the house?",,9
YOUTH EXPERIENCES,465,427,YE06D,YEPLMTTV1,2,PRNTS LIMITED YOUR AMT OF TV TIME PST 12 MOS,"During the past 12 months, how often did your parents limit the amount of time you watched TV?",,9
YOUTH EXPERIENCES,466,428,YE06E,YEPLMTSN1,2,PRNTS LIMITED YOUR TIME OUT W/FRNDS PST 12 MOS,"During the past 12 months, how often did your parents limit the amount of time you went out with friends on school nights?",,9
YOUTH EXPERIENCES,466,428,YE06F,YEPGDJOB1,2,PRNTS LET YOU KNOW DONE A GOOD JOB PST 12 MOS,"During the past 12 months, how often did your parents let you know when you'd done a good job?",,9
YOUTH EXPERIENCES,466,428,YE06G,YEPPROUD1,2,TELL YOU THEY'RE PROUD OF SOMETHING YOU'D DONE,"During the past 12 months, how often did your parents tell you they were proud of you for something you had done?",,9
YOUTH EXPERIENCES,466,428,YE18A,YEYARGUP1,2,ARGUED/HAD A FIGHT WITH AT LEAST ONE OF YOUR PRNTS,"During the past 12 months, how many times have you argued or had a fight with at least one of your parents?",,10
YOUTH EXPERIENCES,467,429,YE18B,YEYFGTSW1,2,GOTTEN INTO A SERIOUS FIGHT AT SCHOOL/WORK,"During the past 12 months, how many times have you gotten into a serious fight at school or work?",,10
YOUTH EXPERIENCES,467,429,YE18C,YEYFGTGP1,2,TAKEN PART IN FIGHT WHERE GROUP FIGHTS GROUP,"During the past 12 months, how many times have you taken part in a fight where a group of your friends fought against another group?",,10
YOUTH EXPERIENCES,467,429,YE18D,YEYHGUN1,2,CARRIED A HANDGUN,"During the past 12 months, how many times have you carried a handgun?",,10
YOUTH EXPERIENCES,467,429,YE18E,YEYSELL1,2,SOLD ILLEGAL DRUGS,"During the past 12 months, how many times have you sold illegal drugs?",,10
YOUTH EXPERIENCES,468,430,YE18F,YEYSTOLE1,2,STOLEN/TRIED TO STEAL ANYTHING WORTH >$50,"During the past 12 months, how many times have you stolen or tried to steal anything worth more than $50?",,10
YOUTH EXPERIENCES,468,430,YE18G,YEYATTAK1,2,ATTACKED SOMEONE W/INTENT TO SERIOUSLY HURT THEM,"During the past 12 months, how many times have you attacked someone with the intent to seriously hurt them?",,10
YOUTH EXPERIENCES,468,430,YE07A,YEPPKCIG1,2,HOW PRNTS WLD FEEL: YOU SMOKING 1+ PACK CIGS/DAY,How do you think your parents would feel about you smoking one or more packs of cigarettes per day?,,8
YOUTH EXPERIENCES,468,430,YE07B,YEPMJEVR1,2,HOW PRNTS WLD FEEL: YOU TRYING MJ/HASH,How do you think your parents would feel about you trying marijuana or hashish once or twice?,,8
YOUTH EXPERIENCES,469,431,YE07B1,YEPMJMO1,2,HOW PRNTS WLD FEEL: YOU USING MJ/HASH MONTHLY,How do you think your parents would feel about you using marijuana or hashish once a month or more?,,8
YOUTH EXPERIENCES,469,431,YE07C,YEPALDLY1,2,HOW PRNTS WLD FEEL: YOU DRINKING ALC DAILY,How do you think your parents would feel about you having one or two drinks of an alcoholic beverage nearly every day?,,8
YOUTH EXPERIENCES,469,431,YE19A,YEGPKCIG1,2,HOW YOU FEEL S/ONE YOUR AGE SMOKG 1+ PK CIGS/DY,How do you feel about someone your age smoking one or more packs of cigarettes a day?,,8
YOUTH EXPERIENCES,469,431,YE19B,YEGMJEVR1,2,HOW YOU FEEL S/ONE YOUR AGE TRYING MJ/HASH,How do you feel about someone your age trying marijuana or hashish once or twice?,,8
YOUTH EXPERIENCES,469,431,YE19B1,YEGMJMO1,2,HOW YOU FEEL S/ONE YOUR AGE USING MJ/HASH MONTHLY,How do you feel about someone your age using marijuana once a month or more?,,8
YOUTH EXPERIENCES,470,432,YE19C,YEGALDLY1,2,HOW YOU FEEL S/ONE YOUR AGE DRINKING ALC DLY,How do you feel about someone your age having one or two drinks of an alcoholic beverage nearly every day?,,8
YOUTH EXPERIENCES,470,432,YE20A,YEFPKCIG1,2,HOW YOU FEEL FRIENDS SMOKING 1+ PACK CIGS/DAY,How do you think your close friends would feel about you smoking one or more packs of cigarettes a day?,,8
YOUTH EXPERIENCES,470,432,YE20B,YEFMJEVR1,2,HOW YOU FEEL FRIENDS USING MJ 1X/MO,How do you think your close friends would feel about you trying marijuana or hashish once or twice?,,8
YOUTH EXPERIENCES,470,432,YE20B1,YEFMJMO1,2,HOW YOU FEEL FRIENDS USING MJ MONTHLY,How do you think your close friends would feel about you using marijuana or hashish once a month or more?,,8
YOUTH EXPERIENCES,470,432,YE20C,YEFALDLY1,2,HOW YOU FEEL FRIENDS DRINKING ALC DAILY,How do you think your close friends would feel about you having one or two drinks of an alcoholic beverage nearly every day?,"NOTE: In the variables YETLKPAR, YETLKBGF, YETLKOTA and YETLKSOP, codes of 11 were assigned if the respondent indicated that there was no one that he/she could talk to about a serious problem but the respondent also indicated 1 or more people that he/she could talk to about a serious problem. If you wanted to talk to someone about a serious problem, which of the following people would you turn to?",8
YOUTH EXPERIENCES,471,433,YE22,YETLKNON1,2,THERE IS NOBODY I CAN TALK TO ABOUT SERIOUS PROBS,,,8
YOUTH EXPERIENCES,471,433,YE22,YETLKPAR1,2,MY MOTHER/FATHER/GUARDIAN,,,8
YOUTH EXPERIENCES,471,433,YE22,YETLKBGF1,2,MY BOYFRIEND/GIRLFRIEND,,,7
YOUTH EXPERIENCES,471,433,YE22,YETLKOTA1,2,SOME OTHER ADULT,,,7
YOUTH EXPERIENCES,471,433,YE22,YETLKSOP1,2,SOME OTHER PERSON,,,7
YOUTH EXPERIENCES,472,434,YE08,YEPRTDNG1,2,HAVE YOU TALKED W/PARENT(S) ABT DANGER OF TOB/ALC,"Now think about the past 12 months, that is, from [DATEFILL] through today. During the past 12 months, have you talked with at least one of your parents about the dangers of tobacco, alcohol, or drug use? By parents, we mean either your biological parents, adoptive parents, stepparents, or adult guardians -- whether or not they live with you.",,7
YOUTH EXPERIENCES,472,434,YE23B,YEPRBSLV1,2,PRBLM SOLVING/COMMUNICATION SKILLS/SELF-ESTEEM GR,"During the past 12 months have you participated in a problem solving, communication skills or self-esteem group?",,7
YOUTH EXPERIENCES,472,434,YE23C,YEVIOPRV1,2,VIOLENCE PREVENTION PROGRAMS,"During the past 12 months have you participated in a violence prevention program, where you learn ways to avoid fights and control anger?",,7
YOUTH EXPERIENCES,472,434,YE23G,YEDGPRGP1,2,ALCOHOL/TOBACCO/DRUG PREV PGMS OUTSIDE SCHL,"During the past 12 months have you participated in an alcohol, tobacco or drug prevention program outside of school, where you learn about the dangers of using, and how to resist using, alcohol, tobacco, or drugs?",,7
YOUTH EXPERIENCES,472,434,YE23J,YESLFHLP1,2,AA/ALATEEN/INDIVIDUAL OR GROUP COUNSELING,"During the past 12 months have you participated in a program or meeting to help you deal with drug or alcohol use by you or another member of your family, such as Alcoholics Anonymous, Alateen, or individual or group counseling?",,7
YOUTH EXPERIENCES,473,435,YE23O,YEPRGSTD1,2,PREGNANCY OR SEXUALLY TRANSMITTED DISEASE PGMS,During the past 12 months have you participated in pregnancy or sexually transmitted disease prevention programs?,,7
YOUTH EXPERIENCES,473,435,YE23P,YESCHACT1,2,# OF SCHOOL-BASED ACT. PARTIC. IN PAST 12 MONTHS,"During the past 12 months, in how many different kinds of school-based activities, such as team sports, cheerleading, choir, band, student government, or clubs, have you participated?",,9
YOUTH EXPERIENCES,473,435,YE23Q,YECOMACT1,2,# OF COMM.-BASED ACT. PARTIC. IN PAST 12 MONTHS,"During the past 12 months, in how many different kinds of community-based activities, such as volunteer activities, sports, clubs, or groups have you participated?",,9
YOUTH EXPERIENCES,473,435,YE23R,YEFAIACT1,2,# OF FAITH-BASED ACT. PARTIC. IN PAST 12 MONTHS,"During the past 12 months, in how many different kinds of church or faith-based activities, such as clubs, youth groups, Saturday or Sunday school, prayer groups, youth trips, service or volunteer activities have you participated?",,9
YOUTH EXPERIENCES,474,436,YE23S,YEOTHACT1,2,# OF OTHER ACT. PARTIC. IN PAST 12 MONTHS,"During the past 12 months, in how many different kinds of other activities, such as dance lessons, piano lessons, karate lessons, or horseback riding lessons, have you participated?",,9
YOUTH EXPERIENCES,474,436,YE24A,YEDECLAS1,2,A SPECIAL CLASS ABOUT DRUGS OR ALCOHOL,During the past 12 months have you had a special class about drugs or alcohol in school?,,7
YOUTH EXPERIENCES,474,436,YE24B,YEDERGLR1,2,FILMS/LECTURES/DISCUS/INFO ABOUT DRG/ALC IN CLASS,"During the past 12 months have you had films, lectures, discussions, or printed information about drugs or alcohol in one of your regular school classes such as health or physical education?",,7
YOUTH EXPERIENCES,474,436,YE24C,YEDESPCL1,2,FILMS/LECTURES/DISCUS/INFO ABOUT DRG/ALC OUT CLAS,"During the past 12 months have you had films, lectures, discussions, or printed information about drugs or alcohol outside of one of your regular classes such as in a special assembly?",,7
YOUTH EXPERIENCES,475,437,YE25,YEPVNTYR1,2,SEEN/HEARD ALC/DRG PREV MESSAGES FRM SOURC OUT SC,"During the past 12 months have you seen or heard any alcohol or drug prevention messages from sources outside school such as posters, pamphlets, radio, or TV?",,7
YOUTH EXPERIENCES,475,437,YERELATT,YERLGSVC1,2,"PAST 12 MOS, HOW MANY RELIG. SERVICES","During the past 12 months, how many times did you attend religious services? Please do not include special occasions such as weddings, funerals, or other special events in your answer.",,11
YOUTH EXPERIENCES,475,437,YEREBEL1,YERLGIMP1,2,MY RELIGIOUS BELIEFS ARE VERY IMPORTANT,"These next questions are about the role that religious beliefs may play in your life. For each statement, please indicate whether you strongly disagree, disagree, agree, or strongly agree. Your religious beliefs are a very important part of your life.",,9
YOUTH EXPERIENCES,475,437,YEREBEL2,YERLDCSN1,2,MY RELIGIOUS BELIEFS INFLUENCE MY DECISIONS,Your religious beliefs influence how you make decisions in your life.,,9
YOUTH EXPERIENCES,476,438,YEREBEL3,YERLFRND1,2,IT IS IMPORTANT THAT MY FRIENDS SHARE REL BELIEFS,It is important that your friends share your religious beliefs.,,9
RECODED YOUTH EXPERIENCES,477,439,YESCHFLT,SCHFELT,1,RC-HOW YTH FELT: ABOUT GOING TO SCHOOL IN PST YR,NOTE: The variables in this section are recoded variables that were created from one or more of the edited variables from the preceding section.,,3
RECODED YOUTH EXPERIENCES,477,439,YETCGJOB,TCHGJOB,1,RC-TEACHER LET YTH KNOW DOING GOOD JOB IN PST YR,,,3
RECODED YOUTH EXPERIENCES,477,439,YELSTGRD,AVGGRADE,1,RC-GRADE AVERAGE FOR LAST GRADING PERIOD COMPLETED,,,3
RECODED YOUTH EXPERIENCES,477,439,YESTSCIG,STNDSCIG,1,RC-STUDENTS IN YTH GRADE SMOKE CIGARETTES,,,3
RECODED YOUTH EXPERIENCES,477,439,YESTSMJ,STNDSMJ,1,RC-STUDENTS IN YTH GRADE USE MARIJUANA,,,3
RECODED YOUTH EXPERIENCES,477,439,YESTSALC,STNDALC,1,RC-STUDENTS IN YTH GRADE DRINK ALCOHOLIC BEVERAGES,,,3
RECODED YOUTH EXPERIENCES,477,439,YESTSDNK,STNDDNK,1,RC-STUDENTS IN YTH GRADE GET DRUNK ONCE/WEEK,,,3
RECODED YOUTH EXPERIENCES,477,439,YEPCHKHW,PARCHKHW,1,RC-PARENTS CHECK IF HOMEWORK DONE IN PST YR,,,3
RECODED YOUTH EXPERIENCES,478,440,YEPHLPHW,PARHLPHW,1,RC-PARENTS HELP WITH HOMEWORK IN PST YR,,,3
RECODED YOUTH EXPERIENCES,478,440,YEPCHORE,PRCHORE2,1,RC-PARENTS MAKE YTH DO CHORES AROUND HOUSE IN PST YR,,,3
RECODED YOUTH EXPERIENCES,478,440,YEPLMTTV,PRLMTTV2,1,RC-PARENTS LIMIT AMOUNT OF TV IN PST YR,,,3
RECODED YOUTH EXPERIENCES,478,440,YEPLMTSN,PARLMTSN,1,RC-PARENTS LIMIT TIME OUT ON SCHOOL NIGHT IN PST YR,,,3
RECODED YOUTH EXPERIENCES,478,440,YEPGDJOB,PRGDJOB2,1,RC-PARENTS TELL YTH HAD DONE GOOD JOB IN PST YR,,,3
RECODED YOUTH EXPERIENCES,478,440,YEPPROUD,PRPROUD2,1,RC-PARENTS TELL YTH PROUD OF THINGS DONE IN PST YR,,,3
RECODED YOUTH EXPERIENCES,478,440,YEYARGUP,ARGUPAR,1,RC-TIMES ARGUED/HAD A FIGHT WITH ONE PARENT IN PST YR,,,3
RECODED YOUTH EXPERIENCES,478,440,YEYFGTSW,YOFIGHT2,1,RC-YOUTH HAD SERIOUS FIGHT AT SCHOOL/WORK,,,3
RECODED YOUTH EXPERIENCES,478,440,YEYFGTGP,YOGRPFT2,1,RC-YOUTH FOUGHT WITH GROUP VS OTHER GROUP,,,3
RECODED YOUTH EXPERIENCES,479,441,YEYHGUN,YOHGUN2,1,RC-YOUTH CARRIED A HANDGUN,,,3
RECODED YOUTH EXPERIENCES,479,441,YEYSELL,YOSELL2,1,RC-YOUTH SOLD ILLEGAL DRUGS,,,3
RECODED YOUTH EXPERIENCES,479,441,YEYSTOLE,YOSTOLE2,1,RC-YOUTH STOLE/TRIED TO STEAL ITEM >$50,,,3
RECODED YOUTH EXPERIENCES,479,441,YEYATTAK,YOATTAK2,1,RC-YOUTH ATTACKED WITH INTENT TO SERIOUSLY HARM,,,3
RECODED YOUTH EXPERIENCES,479,441,YEPPKCIG,PRPKCIG2,1,RC-YTH THINK: PARENTS FEEL ABT YTH SMOKE PACK CIG/DAY,,,3
RECODED YOUTH EXPERIENCES,479,441,YEPMJEVR,PRMJEVR2,1,RC-YTH THINK: PARENTS FEEL ABT YTH TRY MARIJUANA,,,3
RECODED YOUTH EXPERIENCES,479,441,YEPMJMO,PRMJMO,1,RC-YTH THINK: PARENTS FEEL ABT YTH USE MARIJUANA MNTHLY,,,3
RECODED YOUTH EXPERIENCES,479,441,YEPALDLY,PRALDLY2,1,RC-YTH THINK: PARNTS FEEL ABT YTH DRK 1-2 ALC BEV/DAY,,,3
RECODED YOUTH EXPERIENCES,479,441,YEGPKCIG,YFLPKCG2,1,RC-HOW YTH FEELS: PEERS SMOKE PACK/DAY CIG,,,3
RECODED YOUTH EXPERIENCES,480,442,YEGMJEVR,YFLTMRJ2,1,RC-HOW YTH FEELS: PEERS TRY MARIJUANA,,,3
RECODED YOUTH EXPERIENCES,480,442,YEGMJMO,YFLMJMO,1,RC-HOW YTH FEELS: PEERS USING MARIJUANA MONTHLY,,,3
RECODED YOUTH EXPERIENCES,480,442,YEGALDLY,YFLADLY2,1,RC-HOW YTH FEELS: PEERS DRNK 1-2 ALC BEV/DAY,,,3
RECODED YOUTH EXPERIENCES,480,442,YEFPKCIG,FRDPCIG2,1,RC-YTH THINK: CLSE FRND FEEL ABT YTH SMK 1+ PAC DAILY,,,3
RECODED YOUTH EXPERIENCES,480,442,YEFMJEVR,FRDMEVR2,1,RC-YTH THINK: CLOSE FRNDS FEEL ABT YTH TRY MARIJUANA,,,3
RECODED YOUTH EXPERIENCES,480,442,YEFMJMO,FRDMJMON,1,RC-YTH THINK: CLSE FRNDS FEEL ABT YTH USE MARIJUANA MON,,,3
RECODED YOUTH EXPERIENCES,480,442,YEFALDLY,FRDADLY2,1,RC-YTH THINK: CLSE FRND FEEL ABT YTH HAVE 1-2 ALC/DAY,,,3
RECODED YOUTH EXPERIENCES,480,442,"YETLKBGF, YETLKNON, YETLKOTA, YETLKPAR, YETLKSOP",TALKPROB,1,RC-WHO YTH TALKS WITH ABOUT SERIOUS PROBLEMS,"The following variable, TALKPROB, was created from the variables containing information on who youths would talk with about serious problems: No one (YETLKNON), parent/guardian (YETLKPAR), boyfriend/girlfriend (YETLKBGF), other adults (YETLKOTA), or some other person (YETLKSOP). Youths who did not report a positive response to at least one of the source variables (no source variables=1), or youths who reported both being able to talk with no one (YETLKNON=11) and being able to talk to someone (YETLKPAR, YETLKBGF, YETLKOTA, or YETLKSOP=11), or respondents over the age of 17 (all source variables=99) were coded as system missing.",,3
RECODED YOUTH EXPERIENCES,481,443,YEPRTDNG,PRTALK3,1,RC-TALKED WITH PARENT ABOUT DANGER TOB/ALC/DRG,,,3
RECODED YOUTH EXPERIENCES,481,443,YEPRBSLV,PRBSOLV2,1,RC-PARTICIPATED IN PRBSLV/COMMSKILL/SELFESTEEM GROUP,,,3
RECODED YOUTH EXPERIENCES,481,443,YEVIOPRV,PREVIOL2,1,RC-PARTICIPATED IN VIOLENCE PREVENTION PROGRAM,,,3
RECODED YOUTH EXPERIENCES,481,443,YEDGPRGP,PRVDRGO2,1,RC-PARTICIPATED IN SUBSTANCE PREV PROGRAM OUTSIDE SCHOOL,,,3
RECODED YOUTH EXPERIENCES,481,443,YESLFHLP,GRPCNSL2,1,RC-PARTICIPATED IN PROGRAM TO HELP SUBSTANCE USE,,,3
RECODED YOUTH EXPERIENCES,481,443,YEPRGSTD,PREGPGM2,1,RC-PARTICIPATED IN PREG/STD PREVENTION PROGRAM,,,3
RECODED YOUTH EXPERIENCES,481,443,"YECOMACT, YEFAIACT, YEOTHACT, YESCHACT",YTHACT2,1,RC-YTH PARTICIPATED IN YOUTH ACTIVITIES,"The following variable, YTHACT2, was created by counting the number of positive responses reported over the following four youth activity questions: School-based (YESCHACT), community-based (YECOMACT), church or faith-based (YEFAIACT), or other activities (YEOTHACT). Youth respondents who reported participation in two or more activities were included in the ""Two or more activities"" category regardless of how many other activity questions were answered. Youth respondents who did not answer two or more of the four youth activity questions with a ""yes"" or ""no"" response were coded as system missing. To be included in the ""None or one activity"" category, a youth respondent must have answered two or more of the activity questions and reported they participated in either zero or one activity.",,3
RECODED YOUTH EXPERIENCES,481,443,YEPVNTYR,DRPRVME3,1,RC-YTH SEEN ALC OR DRUG PREVENTION MESSAGE OUTSIDE SCHOOL,,,3
RECODED YOUTH EXPERIENCES,482,444,"YEDECLAS, YEDERGLR, YEDESPCL",ANYEDUC3,1,RC-YTH HAD ANY DRUG OR ALCOHOL EDUCATION IN SCHOOL,,,3
RECODED YOUTH EXPERIENCES,482,444,YERLGSVC,RLGATTD,1,RC-NUMBER TIMES ATTEND RELIGIOUS SERVICES IN PST YR,,,3
RECODED YOUTH EXPERIENCES,482,444,YERLGIMP,RLGIMPT,1,RC-RELIGIOUS BELIEFS VERY IMPORTANT IN LIFE,,,3
RECODED YOUTH EXPERIENCES,482,444,YERLDCSN,RLGDCSN,1,RC-RELIGIOUS BELIEFS INFLUENCE LIFE DECISIONS,,,3
RECODED YOUTH EXPERIENCES,482,444,YERLFRND,RLGFRND,1,RC-IMPORTANT FOR FRIENDS TO SHARE RELIGIOUS BELIEFS,,,3
MENTAL HEALTH,483,445,NERVE30,DSTNRV301,2,HOW OFTEN FELT NERVOUS PAST 30 DAYS,"The values in this section may be inconsistent with values for variables in other sections of the interview. Items in this section were edited when respondents legitimately skipped out of these items based on prior answers in earlier sections. Otherwise, variables in one section of the interview generally were not edited to make them consistent with variables in another section of the interview. This note applies to variables in this section marked by a1. These questions ask how you have been feeling during the past 30 days. During the past 30 days, how often did you feel nervous?",,10
MENTAL HEALTH,483,445,HOPE30,DSTHOP301,2,HOW OFTEN FELT HOPELESS PAST 30 DAYS,"During the past 30 days, how often did you feel hopeless?",,10
MENTAL HEALTH,483,445,FIDG30,DSTRST301,2,HOW OFTEN FELT RESTLESS/FIDGETY PST 30 DYS,"During the past 30 days, how often did you feel restless or fidgety?",,10
MENTAL HEALTH,484,446,NOCHR30,DSTCHR301,2,HOW OFTEN FELT SAD NOTHING COULD CHEER YOU UP,"During the past 30 days, how often did you feel so sad or depressed that nothing could cheer you up?",,10
MENTAL HEALTH,484,446,EFFORT30,DSTEFF301,2,HOW OFT FELT EVERYTHING EFFORT PST 30 DYS,"During the past 30 days, how often did you feel that everything was an effort?",,10
MENTAL HEALTH,484,446,DOWN30,DSTNGD301,2,HOW OFT FELT DOWN/WTHLSS/NO GOOD PST 30 DYS,"During the past 30 days, how often did you feel down on yourself, no good or worthless?",,10
MENTAL HEALTH,484,446,WORST30,DSTWORST1,2,MON IN PST 12 MOS FELT WORSE THAN PST 30 DYS,"The last questions asked about how you have been feeling during the past 30 days. Now think about the past 12 months. Was there a month in the past 12 months when you felt more depressed, anxious, or emotionally stressed than you felt during the past 30 days?",,7
MENTAL HEALTH,485,447,DSNERV1,DSTNRV121,2,"HOW OFT FELT NERVOUS IN WORST MONTH, PST 12 MOS","Think of one month in the past 12 months when you were the most depressed, anxious, or emotionally stressed. During that month, how often did you feel nervous?",,10
MENTAL HEALTH,485,447,DSHOPE,DSTHOP121,2,HOW OFTEN FELT HOPELESS IN WORST MONTH,During that same month when you were at your worst emotionally... how often did you feel hopeless?,,10
MENTAL HEALTH,485,447,DSFIDG,DSTRST121,2,HOW OFTEN FELT RESTLESS IN WORST MONTH,During that same month when you were at your worst emotionally... how often did you feel restless or fidgety?,,10
MENTAL HEALTH,486,448,DSNOCHR,DSTCHR121,2,HOW OFTEN COULDN'T BE CHEERED UP IN WORST MONTH,During that same month when you were at your worst emotionally... how often did you feel so sad or depressed that nothing could cheer you up?,,10
MENTAL HEALTH,486,448,DSEFFORT,DSTEFF121,2,HOW OFT FELT EVERYTHING AN EFFORT IN WORST MON,During that same month when you were at your worst emotionally... how often did you feel that everything was an effort?,,10
MENTAL HEALTH,486,448,DSDOWN,DSTNGD121,2,HOW OFTEN FELT NO GOOD IN WORST MONTH,"During that same month when you were at your worst emotionally... how often did you feel down on yourself, no good, or worthless?",,10
MENTAL HEALTH,486,448,LIREMEM,IMPREMEM1,2,DIFFICULTY REMEMBERING ONE MO IN PST 12 MOS,"During that one month when your emotions, nerves or mental health interfered most with your daily activities... how much difficulty did you have remembering to do things you needed to do?",,9
MENTAL HEALTH,487,449,LICONCEN,IMPCONCN1,2,DIFFICULTY CONCENTRATING ONE MO IN PST 12 MOS,"During that one month when your emotions, nerves or mental health interfered most with your daily activities... how much difficulty did you have concentrating on doing something important when other things were going on around you?",,9
MENTAL HEALTH,487,449,LIGOOUT1,IMPGOUT1,2,DIFFICULTY GOING OUT ONE MO IN PST 12 MO,"During that one month when your emotions, nerves or mental health interfered most with your daily activities... how much difficulty did you have going out of the house and getting around on your own?",,10
MENTAL HEALTH,487,449,LIGOOUT2,IMPGOUTM1,2,EMOTIONAL PROBLEMS KEEP YOU FROM LEAVING HOUSE,"Did problems with your emotions, nerves, or mental health keep you from leaving the house on your own?",,6
MENTAL HEALTH,487,449,LISTRAN1,IMPPEOP1,2,DIFFICULTY DEALING W STRANGERS ONE MO IN PST 12 M,"During that one month when your emotions, nerves or mental health interfered most with your daily activities... how much difficulty did you have dealing with people you did not know well?",,10
MENTAL HEALTH,488,450,LISTRAN2,IMPPEOPM1,2,EMOTIONAL PROBLEMS KEEP YOU FROM DEALING W STRAGR,"Did problems with your emotions, nerves, or mental health keep you from dealing with people you did not know well?",,6
MENTAL HEALTH,488,450,LISOC1,IMPSOC1,2,DIFFICULTY PARTICIPATE IN SOCIAL ACT 1 MO /12 MO,"During that one month when your emotions, nerves or mental health interfered most with your daily activities... how much difficulty did you have participating in social activities, like visiting friends or going to parties?",,10
MENTAL HEALTH,488,450,LISOC2,IMPSOCM1,2,EMOTIONAL PROBS KEEP YOU FROM PART IN SOCIAL,"Did problems with your emotions, nerves, or mental health keep you from participating in social activities?",,6
MENTAL HEALTH,488,450,LIHHRES1,IMPHHLD1,2,DIFFICULTY HOUSE RESPONS ONE MO IN PST 12 MO,"During that one month when your emotions, nerves or mental health interfered most with your daily activities... how much difficulty did you have taking care of household responsibilities?",,10
MENTAL HEALTH,489,451,LIHHRES2,IMPHHLDM1,2,EMOTIONL PROBS MAKE KEEP YOU FRM TAKING CARE HOUS,"Did problems with your emotions, nerves, or mental health keep you from taking care of household responsibilities?",,6
MENTAL HEALTH,489,451,LIWKRES1,IMPRESP1,2,DIFFICULTY WORK RESPONS ONE MO IN PST 12 MO,"During that one month when your emotions, nerves or mental health interfered most with your daily activities... how much difficulty did you have taking care of your daily responsibilities at work or school?",,10
MENTAL HEALTH,489,451,LIWKRES2,IMPRESPM1,2,DID EMOTIONAL PROBS KEEP YOU FROM WORK/SCHOOL,"Did problems with your emotions, nerves, or mental health keep you from working or going to school?",,6
MENTAL HEALTH,489,451,LIWKQUIC,IMPWORK1,2,DIFFICULTY DOING DAILY WORK ONE MO IN PST 12 MO,"During that one month when your emotions, nerves or mental health interfered most with your daily activities... how much difficulty did you have getting your daily work done as quickly as needed?",,9
MENTAL HEALTH,490,452,IMWEEK1,IMPWEEKS1,2,NUM WEEKS HAVE DIFFICULTIES BECAUSE OF MENTL HLTH,"You mentioned having difficulty with or being unable to do such things as [FILL]. During the past 12 months, about how many weeks did you have any of these difficulties because of your emotions, nerves, or mental health? If you can't remember the exact number, just give your best estimate.",,6
MENTAL HEALTH,490,452,IMDAYS,IMPDYFRQ1,2,HOW MANY DAYS IN WEEK DID YOU HAVE DIFFICULTIES,"During that/those [IMWEEK1FILL] week/weeks did you have these kinds of difficulties every day, most days, or only one or two days a week?",,8
MENTAL HEALTH,490,452,LIAD68,IMPYDAYS1,3,HOW MANY DAY IN PAST YR YOU WERE UNABLE TO WORK,"About how many days out of 365 in the past 12 months were you totally unable to work or carry out your normal activities because of your emotions, nerves or mental health? You can use any number between 0 and 365 to answer.",,6
MENTAL HEALTH,490,452,SUI01,SUICTHNK1,2,SERIOUSLY THINK ABOUT KILLING SELF PST 12 MOS,"The next few questions are about thoughts of suicide. At any time in the past 12 months, that is from [DATEFILL] up to and including today, did you seriously think about trying to kill yourself?",,7
MENTAL HEALTH,491,453,COV9,COSUITHNK,2,ADULT THINK ABOUT KILLING YOURSELF DUE TO COVID-19,Was this because of the COVID-19 pandemic?,,7
MENTAL HEALTH,491,453,SUI02,SUIPLANYR1,2,ADULT MAKE PLANS TO KILL SELF PST 12 MOS,"During the past 12 months, did you make any plans to kill yourself?",,7
MENTAL HEALTH,491,453,COV10,COSUIPLNYR,2,ADULT MAKE PLAN TO KILL YOURSELF DUE TO COVID-19,Was this because of the COVID-19 pandemic?,"NOTE: The following variable, KSSLR6MONED, is a score with values ranging from 0 to 24 indicating the level of psychological distress over the past 30 days (past month). This variable is based on data collected from a series of six questions known as the K6, asking adult respondents how frequently they experienced symptoms of psychological distress during the past 30 days. These questions include the following symptoms of distress: feeling nervous (DSTNRV30), feeling hopeless (DSTHOP30), feeling restless or fidgety (DSTRST30), feeling so sad or depressed that nothing could cheer you up (DSTCHR30), feeling that everything was an effort (DSTEFF30), and feeling down on yourself, no good, or worthless (DSTNGD30). For each of the six items listed above, responses of ""all of the time"" were coded 4, ""most of the time"" were coded 3, ""some of the time"" were coded 2, ""a little of the time"" were coded 1, and ""none of the time"" were coded 0. These assigned values were summed across the six items to calculate a total score for KSSLR6MONED. Specific details about this variable are provided in the Recoded Mental Health Appendix.",7
MENTAL HEALTH,491,453,"DSTCHR30, DSTEFF30, DSTHOP30, DSTNGD30, DSTNRV30, DSTRST30",KSSLR6MONED,2,K6 TOTAL SCORE IN PAST MONTH,,"NOTE: The following variable, KSSLR6YRED, is a score with values ranging from 0 to 24 indicating the level of psychological distress during the worst month of the past year, that was not the past 30 days. This variable is only defined for respondents who reported that there was a month in the past 12 months when he/she was more depressed, anxious, or emotionally stressed than during the past 30 days (DSTWORST=1). This score variable is based on a series of six questions asking respondents how frequently they experienced symptoms of psychological distress during their worst month in the past year (only if the worst month was not the past 30 days). These questions are from the K6 and include the following symptoms of distress: feeling nervous (DSTNRV12), feeling hopeless (DSTHOP12), feeling restless or fidgety (DSTRST12), feeling so sad or depressed that nothing could cheer them up (DSTCHR12), feeling that everything was an effort (DSTEFF12), and feeling down on themselves, no good, or worthless (DSTNGD12). For each of the six items listed above, responses of ""all of the time"" were coded 4, ""most of the time"" were coded 3, ""some of the time"" were coded 2, ""a little of the time"" were coded 1, and ""none of the time"" were coded 0. These assigned values were summed across the six items to calculate a total score for KSSLR6YRED. For respondents who indicated that they did not have a month in the past year worse than the past 30 days, KSSLR6YRED was set to missing. Specific details about this variable are provided in the Recoded Mental Health Appendix.",2
MENTAL HEALTH,492,454,"DSTCHR12, DSTEFF12, DSTHOP12, DSTNGD12, DSTNRV12, DSTRST12, DSTWORST",KSSLR6YRED,2,K6 TOTAL SCORE IN PAST YEAR,,"NOTE: The following two variables, WHODASSCED and WHODASDAED, are score variables that indicate the level of impairment for respondents. These variables are based on data collected from a series of thirteen questions asking respondents how much difficulty they experienced in doing eight daily activities in the one month in the past year when they were at their worst emotionally. These questions, drawn from the World Health Organization Disability Assessment Schedule (WHODAS), comprise an abbreviated scale which is used to capture information on impairment (see the Recoded Mental Health Appendix for more information). Respondents who had indicated during the administration of any of the K6 items that they had experienced at least one of the K6 symptoms (defined in the note above variables KSSLR6MONED and KSSLR6YRED) at least ""a little of the time"" (i.e., KSSLR6MONED greater than 0 or KSSLR6YRED greater than 0) were asked about remembering to do things they needed to do (IMPREMEM), concentrating on doing something important when other things were going on around them (IMPCONCN), going out of the house and getting around on their own (IMPGOUT, IMPGOUTM), dealing with people they did not know well (IMPPEOP, IMPPEOPM), participating in social activities (IMPSOC, IMPSOCM), taking care of household responsibilities (IMPHHLD, IMPHHLDM), taking care of daily responsibilities at work or school (IMPRESP, IMPRESPM), and getting daily work done as quickly as needed (IMPWORK, IMPRESPM). Respondents who reported that they did not engage in an activity were asked a follow-up question to determine if they did not do so because of emotions, nerves, or mental health. For the WHODAS total score, WHODASSCED, a value of 3 was assigned for each of the daily activities that a respondent indicated having ""severe"" difficulty performing, or if the respondent indicated not performing the activity due to problems with emotions, nerves, or mental health. A value of 2 was assigned for each of the daily activities that a respondent indicated having ""moderate"" difficulty performing, and a value of 1 was assigned for ""mild"" difficulty. For activities that had a follow-up question, a response of ""yes"" was assigned a value of 3 as having ""severe difficulty."" A value of 0 was assigned for all other non-missing responses for each activity. These assigned values were summed to calculate a total score for WHODASSCED which ranges from 0 to 24. WHODASSCED was set equal to 0 for respondents with KSSLR6MAX=0. For the alternative WHODAS total score, WHODASDAED, a value of 1 was assigned for each of the daily activities that a respondent indicated having ""moderate"" or ""severe"" difficulty performing, or if the respondent indicated not performing the activity due to problems with emotions, nerves, or mental health. For activities that had a follow-up question, a response of ""yes"" was assigned a value of a 1 as having ""moderate or severe difficulty."" A value of 0 was assigned for all other non-missing responses for each activity. These assigned values were summed to calculate a total score for WHODASDAED which ranges from 0 to 8. WHODASDAED was set equal to 0 for respondents with KSSLR6MAX=0. Specific details about these variables are provided in the Recoded Mental Health Appendix. (IMPCONCN, IMPGOUT, IMPGOUTM, IMPHHLD, IMPHHLDM, IMPPEOP, IMPPEOPM, IMPREMEM, IMPRESP, IMPRESPM, IMPSOC, IMPSOCM, IMPWORK, KSSLR6MAX)",2
MENTAL HEALTH,492,454,,WHODASSCED,2,WHODAS TOTAL SCORE,,,2
MENTAL HEALTH,492,454,,WHODASDAED,2,ALTERNATIVE WHODAS SCORE,"(IMPCONCN, IMPGOUT, IMPGOUTM, IMPHHLD, IMPHHLDM, IMPPEOP, IMPPEOPM, IMPREMEM, IMPRESP, IMPRESPM, IMPSOC, IMPSOCM, IMPWORK, KSSLR6MAX)",,2
IMPUTED MENTAL HEALTH,493,455,DSTNRV30,IRDSTNRV30,2,HOW OFTEN FELT NERVOUS PAST 30 DAYS - IMP REV,,,6
IMPUTED MENTAL HEALTH,493,455,DSTNRV30,IIDSTNRV30,1,HOW OFTEN FELT NERVOUS PAST 30 DAYS - IMP IND,,,3
IMPUTED MENTAL HEALTH,493,455,DSTHOP30,IRDSTHOP30,2,HOW OFTEN FELT HOPELESS PAST 30 DAYS - IMP REV,,,6
IMPUTED MENTAL HEALTH,493,455,DSTHOP30,IIDSTHOP30,1,HOW OFTEN FELT HOPELESS PAST 30 DAYS - IMP IND,,,3
IMPUTED MENTAL HEALTH,493,455,DSTRST30,IRDSTRST30,2,HOW OFTEN FELT RESTLESS/FIDGETY PAST 30 DAYS - IMP REV,,,6
IMPUTED MENTAL HEALTH,493,455,DSTRST30,IIDSTRST30,1,HOW OFTEN FELT RESTLESS/FIDGETY PAST 30 DAYS - IMP IND,,,3
IMPUTED MENTAL HEALTH,493,455,DSTCHR30,IRDSTCHR30,2,HOW OFTEN FELT COULDN'T BE CHEERED UP PST 30 DYS - IMP REV,,,6
IMPUTED MENTAL HEALTH,494,456,DSTCHR30,IIDSTCHR30,1,HOW OFTEN FELT COULDN'T BE CHEERED UP PST 30 DYS - IMP IND,,,3
IMPUTED MENTAL HEALTH,494,456,DSTEFF30,IRDSTEFF30,2,HOW OFTEN FELT EVERYTHING EFFORT PAST 30 DAYS - IMP REV,,,6
IMPUTED MENTAL HEALTH,494,456,DSTEFF30,IIDSTEFF30,1,HOW OFTEN FELT EVERYTHING EFFORT PAST 30 DAYS - IMP IND,,,3
IMPUTED MENTAL HEALTH,494,456,DSTNGD30,IRDSTNGD30,2,HOW OFTEN FELT DOWN/WTHLSS/NO GOOD PAST 30 DAYS - IMP REV,,,6
IMPUTED MENTAL HEALTH,494,456,DSTNGD30,IIDSTNGD30,1,HOW OFTEN FELT DOWN/WTHLSS/NO GOOD PAST 30 DAYS - IMP IND,,,3
IMPUTED MENTAL HEALTH,494,456,DSTWORST,IRDSTWORST,2,MONTH IN PAST 12 MOS FELT WORSE THAN PAST 30 DAYS - IMP REV,,,3
IMPUTED MENTAL HEALTH,494,456,DSTWORST,IIDSTWORST,1,MONTH IN PAST 12 MOS FELT WORSE THAN PAST 30 DAYS - IMP IND,,,3
IMPUTED MENTAL HEALTH,494,456,DSTNRV12,IRDSTNRV12,2,HOW OFTEN FELT NERVOUS WRST MONTH - IMP REV,,,6
IMPUTED MENTAL HEALTH,495,457,DSTNRV12,IIDSTNRV12,1,HOW OFTEN FELT NERVOUS WRST MONTH - IMP IND,,,3
IMPUTED MENTAL HEALTH,495,457,DSTHOP12,IRDSTHOP12,2,HOW OFTEN FELT HOPELESS WRST MONTH - IMP REV,,,6
IMPUTED MENTAL HEALTH,495,457,DSTHOP12,IIDSTHOP12,1,HOW OFTEN FELT HOPELESS WRST MONTH - IMP IND,,,3
IMPUTED MENTAL HEALTH,495,457,DSTRST12,IRDSTRST12,2,HOW OFTEN FELT RESTLESS/FIDGETY WRST MONTH - IMP REV,,,6
IMPUTED MENTAL HEALTH,495,457,DSTRST12,IIDSTRST12,1,HOW OFTEN FELT RESTLESS/FIDGETY WRST MONTH - IMP IND,,,3
IMPUTED MENTAL HEALTH,495,457,DSTCHR12,IRDSTCHR12,2,HOW OFTEN FELT COULDN'T BE CHEERED UP WRST MONTH - IMP REV,,,6
IMPUTED MENTAL HEALTH,495,457,DSTCHR12,IIDSTCHR12,1,HOW OFTEN FELT COULDN'T BE CHEERED UP WRST MONTH - IMP IND,,,3
IMPUTED MENTAL HEALTH,496,458,DSTEFF12,IRDSTEFF12,2,HOW OFTEN FELT EVERYTHING EFFORT WRST MONTH - IMP REV,,,6
IMPUTED MENTAL HEALTH,496,458,DSTEFF12,IIDSTEFF12,1,HOW OFTEN FELT EVERYTHING EFFORT WRST MONTH - IMP IND,,,3
IMPUTED MENTAL HEALTH,496,458,DSTNGD12,IRDSTNGD12,2,HOW OFTEN FELT DOWN/WTHLSS/NO GOOD WRST MONTH - IMP REV,,,6
IMPUTED MENTAL HEALTH,496,458,DSTNGD12,IIDSTNGD12,1,HOW OFTEN FELT DOWN/WTHLSS/NO GOOD WRST MONTH - IMP IND,,,3
IMPUTED MENTAL HEALTH,496,458,IMPREMEM,IRIMPREMEM,2,DIFFICULTY REMEMBERING ONE MO IN PST 12 MOS - IMP REV,,,5
IMPUTED MENTAL HEALTH,496,458,IMPREMEM,IIIMPREMEM,1,DIFFICULTY REMEMBERING ONE MO IN PST 12 MOS - IMP IND,,,3
IMPUTED MENTAL HEALTH,496,458,IMPCONCN,IRIMPCONCN,2,DIFFICULTY CONCENTRATING ONE MO IN PST 12 MOS - IMP REV,,,5
IMPUTED MENTAL HEALTH,496,458,IMPCONCN,IIIMPCONCN,1,DIFFICULTY CONCENTRATING ONE MO IN PST 12 MOS - IMP IND,,,3
IMPUTED MENTAL HEALTH,497,459,IMPGOUT,IRIMPGOUT,2,DIFFICULTY GOING OUT ONE MO IN PST 12 MOS - IMP REV,,,6
IMPUTED MENTAL HEALTH,497,459,IMPGOUT,IIIMPGOUT,1,DIFFICULTY GOING OUT ONE MO IN PST 12 MOS - IMP IND,,,3
IMPUTED MENTAL HEALTH,497,459,IMPGOUTM,IRIMPGOUTM,2,EMOTIONAL PROBLEMS KEEP YOU FROM LEAVING HOUSE - IMP REV,,,3
IMPUTED MENTAL HEALTH,497,459,IMPGOUTM,IIIMPGOUTM,1,EMOTIONAL PROBLEMS KEEP YOU FROM LEAVING HOUSE - IMP IND,,,3
IMPUTED MENTAL HEALTH,497,459,IMPPEOP,IRIMPPEOP,2,DIFFICULTY DEALING W STRNGERS ONE MO IN PST 12 MOS - IMP REV,,,6
IMPUTED MENTAL HEALTH,497,459,IMPPEOP,IIIMPPEOP,1,DIFFICULTY DEALING W STRNGERS ONE MO IN PST 12 MOS - IMP IND,,,3
IMPUTED MENTAL HEALTH,497,459,IMPPEOPM,IRIMPPEOPM,2,EMOTIONAL PROBLEMS KEEP YOU FROM DEALING W STRNGRS - IMP REV,,,3
IMPUTED MENTAL HEALTH,497,459,IMPPEOPM,IIIMPPEOPM,1,EMOTIONAL PRBLMS KEEP YOU FROM DEALING W STRNGRS - IMP IND,,,3
IMPUTED MENTAL HEALTH,498,460,IMPSOC,IRIMPSOC,2,DIFFICULTY PART IN SOCIAL ACT ONE MO IN PST 12 MOS - IMP REV,,,6
IMPUTED MENTAL HEALTH,498,460,IMPSOC,IIIMPSOC,1,DIFFICULTY PART IN SOCIAL ACT ONE MO IN PST 12 MOS - IMP IND,,,3
IMPUTED MENTAL HEALTH,498,460,IMPSOCM,IRIMPSOCM,2,EMOTIONAL PROBLEMS KEEP YOU FROM SOCIAL ACT - IMP REV,,,3
IMPUTED MENTAL HEALTH,498,460,IMPSOCM,IIIMPSOCM,1,EMOTIONAL PROBLEMS KEEP YOU FROM SOCIAL ACT - IMP IND,,,3
IMPUTED MENTAL HEALTH,498,460,IMPHHLD,IRIMPHHLD,2,DIFFICULTY HHLD RESPONS ONE MO IN PST 12 MOS - IMP REV,,,6
IMPUTED MENTAL HEALTH,498,460,IMPHHLD,IIIMPHHLD,1,DIFFICULTY HHLD RESPONS ONE MO IN PST 12 MOS - IMP IND,,,3
IMPUTED MENTAL HEALTH,498,460,IMPHHLDM,IRIMPHHLDM,2,EMOTIONAL PROBLEMS KEEP YOU FROM HHLD RESP - IMP REV,,,3
IMPUTED MENTAL HEALTH,498,460,IMPHHLDM,IIIMPHHLDM,1,EMOTIONAL PROBLEMS KEEP YOU FROM HHLD RESP - IMP IND,,,3
IMPUTED MENTAL HEALTH,499,461,IMPRESP,IRIMPRESP,2,DIFFICULTY WORK RESPONS ONE MO IN PST 12 MOS - IMP REV,,,6
IMPUTED MENTAL HEALTH,499,461,IMPRESP,IIIMPRESP,1,DIFFICULTY WORK RESPONS ONE MO IN PST 12 MOS - IMP IND,,,3
IMPUTED MENTAL HEALTH,499,461,IMPRESPM,IRIMPRESPM,2,EMOTIONAL PROBLEMS KEEP YOU FROM WORK OR SCHOOL - IMP REV,,,3
IMPUTED MENTAL HEALTH,499,461,IMPRESPM,IIIMPRESPM,1,EMOTIONAL PROBLEMS KEEP YOU FROM WORK OR SCHOOL - IMP IND,,,3
IMPUTED MENTAL HEALTH,499,461,IMPWORK,IRIMPWORK,2,DIFFICULTY DOING DAILY WORK ONE MO IN PST 12 MOS - IMP REV,,,5
IMPUTED MENTAL HEALTH,499,461,IMPWORK,IIIMPWORK,1,DIFFICULTY DOING DAILY WORK ONE MO IN PST 12 MOS - IMP IND,,,3
IMPUTED MENTAL HEALTH,499,461,SUICTHNK,IRSUICTHNK,1,ADULT SERIOUSLY THOUGHT ABOUT KILLING SELF PST YR - IMP REV,,,3
IMPUTED MENTAL HEALTH,499,461,SUICTHNK,IISUICTHNK,1,ADULT SERIOUSLY THOUGHT ABOUT KILLING SELF PST YR - IMP IND,,,3
IMPUTED MENTAL HEALTH,500,462,COSUITHNK,IRCOSUITHNK,1,ADULT THOUGHT OF KILLING SELF DUE TO COVID-19 PY - IMP REV,,,4
IMPUTED MENTAL HEALTH,500,462,COSUITHNK,IICOSUITHNK,1,ADULT THOUGHT OF KILLING SELF DUE TO COVID-19 PY - IMP IND,,,3
IMPUTED MENTAL HEALTH,500,462,SUIPLANYR,IRSUIPLANYR,1,ADULT MADE PLANS TO KILL SELF IN PST YR - IMP REV,,,3
IMPUTED MENTAL HEALTH,500,462,SUIPLANYR,IISUIPLANYR,1,ADULT MADE PLANS TO KILL SELF IN PST YR - IMP IND,,,3
IMPUTED MENTAL HEALTH,500,462,COSUIPLNYR,IRCOSUIPLNYR,1,ADULT MADE PLANS TO KILL SELF DUE TO COVID-19 PY - IMP REV,,,4
IMPUTED MENTAL HEALTH,500,462,COSUIPLNYR,IICOSUIPLNYR,1,ADULT MADE PLANS TO SELF DUE TO COVID-19 PY - IMP IND,,,3
IMPUTED MENTAL HEALTH,500,462,,IRSUITRYYR,1,ADULT ATTEMPTED TO KILL SELF IN PST YR - IMP REV,,,3
IMPUTED MENTAL HEALTH,500,462,,IISUITRYYR,1,ADULT ATTEMPTED TO KILL SELF IN PST YR - IMP IND,,,3
IMPUTED MENTAL HEALTH,500,462,,IRCOSUITRYYR,1,ADULT ATTEMPTED TO KILL SELF DUE TO COVID-19 PY - IMP REV,,,4
IMPUTED MENTAL HEALTH,501,463,,IICOSUITRYYR,1,ADULT ATTEMPTED TO KILL SELF DUE TO COVID-19 PY - IMP IND,,,3
RECODED MENTAL HEALTH,502,464,"IRDSTCHR30, IRDSTEFF30, IRDSTHOP30, IRDSTNGD30, IRDSTNRV30, IRDSTRST30",KSSLR6MON,2,RC-K6 TOTAL SCORE IN PAST MONTH,"NOTE: The following variable, KSSLR6MON, is a score with values ranging from 0 to 24 indicating the level of psychological distress over the past 30 days (past month). This variable is based on imputed data collected from a series of six questions known as the K6, asking adult respondents how frequently they experienced symptoms of psychological distress during the past 30 days. These questions include the following symptoms of distress: feeling nervous (IRDSTNRV30), feeling hopeless (IRDSTHOP30), feeling restless or fidgety (IRDSTRST30), feeling so sad or depressed that nothing could cheer you up (IRDSTCHR30), feeling that everything was an effort (IRDSTEFF30), and feeling down on yourself, no good, or worthless (IRDSTNGD30). For each of the six items listed above, responses of ""all of the time"" were coded 4, ""most of the time"" were coded 3, ""some of the time"" were coded 2, ""a little of the time"" were coded 1, and ""none of the time"" were coded 0. These assigned values were summed across the six items to calculate a total score for KSSLR6MON. Specific details about this variable are provided in the Recoded Mental Health Appendix.",,2
RECODED MENTAL HEALTH,502,464,KSSLR6MON,SPDPSTMON,1,RC-PAST MONTH SERIOUS PSCYHOLOGICAL DISTRESS INDICATOR,,"NOTE: The following variable, KSSLR6YR, is a score with values ranging from 0 to 24 indicating the level of psychological distress during the worst month of the past year, that was not the past 30 days. This variable is only defined for respondents who reported that there was a month in the past 12 months when he/she was more depressed, anxious, or emotionally stressed than during the past 30 days (IRDSTWORST=1). This score variable is based on imputation-revised values for a series of six questions asking respondents how frequently they experienced symptoms of psychological distress during their worst month in the past year (only if the worst month was not the past 30 days). These questions are from the K6 and include the following symptoms of distress: feeling nervous (IRDSTNRV12), feeling hopeless (IRDSTHOP12), feeling restless or fidgety (IRDSTRST12), feeling so sad or depressed that nothing could cheer them up (IRDSTCHR12), feeling that everything was an effort (IRDSTEFF12), and feeling down on themselves, no good, or worthless (IRDSTNGD12). For each of the six items listed above, responses of ""all of the time"" were coded 4, ""most of the time"" were coded 3, ""some of the time"" were coded 2, ""a little of the time"" were coded 1, and ""none of the time"" were coded 0. These assigned values were summed across the six items to calculate a total score for KSSLR6YR. For respondents who indicated that they did not have a month in the past year worse than the past 30 days, KSSLR6YR was set to missing. Specific details about this variable are provided in the Recoded Mental Health Appendix.",3
RECODED MENTAL HEALTH,502,464,"IRDSTCHR12, IRDSTEFF12, IRDSTHOP12, IRDSTNGD12, IRDSTNRV12, IRDSTRST12, IRDSTWORST",KSSLR6YR,2,RC-K6 TOTAL SCORE IN PAST YEAR,,"NOTE: The following variable, KSSLR6MAX, is defined to be the higher K6 score between the past month K6 total score (KSSLR6MON) variable, and the K6 total score in the worst month of the past year if the worst month was not the past 30 days (KSSLR6YR) variable.",2
RECODED MENTAL HEALTH,502,464,"KSSLR6MON, KSSLR6YR",KSSLR6MAX,2,RC-WORST K6 TOTAL SCORE IN PAST YEAR,,,2
RECODED MENTAL HEALTH,502,464,KSSLR6MAX,SPDPSTYR,1,RC-PAST YEAR SERIOUS PSCYHOLOGICAL DISTRESS INDICATOR,,"NOTE: The following variable, AKSSLR6WRST, is an alternative version of the original worst K6 total score in the past year (KSSLR6MAX) with values ranging from 0 to 17 rather than 0 to 24. This alternative total score was calculated by assigning a value of 0 when KSSLR6MAX had a value from 0 to 7 and assigning a value of 1 to 17 when KSSLR6MAX had a corresponding value from 8 to 24. This alternative version was used in the regression model to determine SMI because SMI prevalence was typically extremely low for respondents with worst K6 total scores less than 8. Specific details about this variable are provided in the Recoded Mental Health Appendix.",3
RECODED MENTAL HEALTH,503,465,KSSLR6MAX,AKSSLR6WRST,2,RC-ALTERNATIVE WORST K6 TOTAL SCORE,,"NOTE: The following two variables, WHODASTOTSC and WHODASDASC, are score variables that indicate the level of impairment for respondents. These variables are based on imputation-revised data collected from a series of thirteen questions asking respondents how much difficulty they experienced in doing eight daily activities in the one month in the past year when they were at their worst emotionally (defined in the note above variables WHODASSCED and WHODASDAED). For the original WHODAS total score, WHODASTOTSC, a value of 3 was assigned for each of the daily activities that a respondent indicated having ""severe"" difficulty performing, or if the respondent indicated not performing the activity due to problems with emotions, nerves, or mental health. A value of 2 was assigned for each of the daily activities that a respondent indicated having ""moderate"" difficulty performing, and a value of 1 was assigned for ""mild"" difficulty. For activities that had a follow-up question, a response of ""yes"" was assigned a value of 3 as having ""severe difficulty."" A value of 0 was assigned for all other responses (or imputed values) for each activity. These assigned values were summed to calculate a total score for WHODASTOTSC which ranges from 0 to 24. WHODASTOTSC was set equal to 0 for respondents with KSSLR6MAX=0. For the alternative WHODAS total score, WHODASDASC, a value of 1 was assigned for each of the daily activities that a respondent indicated having ""moderate"" or ""severe"" difficulty performing, or if the respondent indicated not performing the activity due to problems with emotions, nerves, or mental health. For activities that had a follow-up question, a response of ""yes"" was assigned a value of a 1 as having ""moderate or severe difficulty."" A value of 0 was assigned for all other responses (or imputed values) for each activity. These assigned values were summed to calculate a total score for WHODASDASC which ranges from 0 to 8. WHODASDASC was set equal to 0 for respondents with KSSLR6MAX=0. The alternative version of the WHODAS total score (WHODASDASC) was used in theregression model to determine SMI. Specific details about these variables are provided in the Recoded Mental Health Appendix. (IRIMPCONCN, IRIMPGOUT, IRIMPGOUTM, IRIMPHHLD, IRIMPHHLDM, IRIMPPEOP, IRIMPPEOPM, IRIMPREMEM, IRIMPRESP, IRIMPRESPM, IRIMPSOC, IRIMPSOCM, IRIMPWORK, KSSLR6MAX)",2
RECODED MENTAL HEALTH,503,465,,WHODASTOTSC,2,RC-WHODAS TOTAL SCORE,,,2
RECODED MENTAL HEALTH,503,465,,WHODASDASC,2,RC-ALTERNATIVE WHODAS SCORE,"(IRIMPCONCN, IRIMPGOUT, IRIMPGOUTM, IRIMPHHLD, IRIMPHHLDM, IRIMPPEOP, IRIMPPEOPM, IRIMPREMEM, IRIMPRESP, IRIMPRESPM, IRIMPSOC, IRIMPSOCM, IRIMPWORK, KSSLR6MAX)","NOTE: The following eight mental illness variables are based on the 2012 mental illness prediction model. Starting with the 2021 NSDUH, the inputs to the 2012 mental illness prediction model were statistically imputed. Specific details about these variables and the prediction models are provided in the Recoded Mental Health Appendix. The following variable, SMIPPPY, is a predicted probability that a respondent has Serious Mental Illness (SMI) estimated using the 2012 logistic regression model. SMIPPPY was used to determine these levels of mental illness: Serious (SMI), Serious or Moderate (SMMI), and Any (AMI). The categories of Moderate (MMI) and Mild (LMI) were determined by subtraction.",2
RECODED MENTAL HEALTH,503,465,"AKSSLR6WRST, IRAMDEYR, IRSUICTHNK, WHODASDASC",SMIPPPY,12,RC-IMP PREDICTED SERIOUS MENTAL ILLNESS PROB PY,,"NOTE: The following six variables (SMIPY, AMIPY, SMMIPY, MMIPY, LMIPY, and LMMIPY) are not recommended to be used when analyzing variables for past year suicidal thoughts, past year MDE, K6, or the WHODAS, nor are they recommended to be used when analyzing other variables closely linked with these variables (including past year suicide attempts, suicide plans, medical treatment for suicide attempts, lifetime MDE, SPD, or components used in the K6 or WHODAS scales). Specific details about the creation and use of these variables can be found in the Recoded Mental Health Appendix. The following variable, SMIPY, is a Serious Mental Illness (SMI) indicator for respondents based on the 2012 predicted probability of SMI (SMIPPPY). If SMIPPPY is greater than or equal to a specified cutoff point (0.260573529) then SMIPY=1, and if SMIPPPY is less than the cutoff point then SMIPY=0. Specific details about this variable can be found in the Recoded Mental Health Appendix.",2
RECODED MENTAL HEALTH,504,466,SMIPPPY,SMIPY,1,RC-IMP SMI IND (1/0) BASED ON PREDICTED SMI PROB PY,,,3
RECODED MENTAL HEALTH,504,466,SMIPPPY,AMIPY,1,RC-IMP AMI IND (1/0) BASED ON PREDICTED SMI PROB PY,"The following variable, AMIPY, is an indicator for Any Mental Illness (AMI) based on the 2012 predicted probability of SMI (SMIPPPY). If SMIPPPY is greater than or equal to a specified cutoff point (0.0192519810) then AMIPY=1, and if SMIPPPY is less than the cutoff point then AMIPY=0. AMI is defined as having Serious, Moderate, or Mild Mental Illness. Specific details about this variable can be found in the Recoded Mental Health Appendix.",,3
RECODED MENTAL HEALTH,504,466,SMIPPPY,SMMIPY,1,RC-IMP SMMI IND (1/0) BASED ON PREDICTED SMI PROB PY,"The following variable, SMMIPY, is an indicator for Serious or Moderate Mental Illness (SMMI) based on the 2012 predicted probability of SMI (SMIPPPY). If SMIPPPY is greater than or equal to a specified cutoff point (0.077686285365) then SMMIPY=1, and if SMIPPPY is less than the cutoff point then SMMIPY=0. Specific details about this variable can be found in the Recoded Mental Health Appendix.",,3
RECODED MENTAL HEALTH,504,466,"SMIPY, SMMIPY",MMIPY,1,RC-IMP MOD MI IND (1/0) BASED ON PRED SMI PROB PY,"The following variable, MMIPY, is an indicator for Moderate Mental Illness (MMI). This indicator is derived from mental illness variables based on the 2012 model. Specific details about this variable can be found in the Recoded Mental Health Appendix.",,3
RECODED MENTAL HEALTH,504,466,"AMIPY, SMMIPY",LMIPY,1,RC-IMP MILD MI IND (1/0) BASED ON PRED SMI PROB PY,"The following variable, LMIPY, is an indicator for Mild (Low) Mental Illness (LMI). This indicator is derived from mental illness variables based on the 2012 model. Specific details about this variable can be found in the Recoded Mental Health Appendix.",,3
RECODED MENTAL HEALTH,505,467,"LMIPY, MMIPY",LMMIPY,1,RC-LMMI IND (1/0) BASED ON REVISED PREDICTED SMI PROB,"The following variable, LMMIPY, is an indicator for Mild (Low) Mental Illness (LMI) or Moderate Mental Illness (MMI). This indicator is derived from mental illness variables based on the 2012 model. Specific details about this variable are provided in the Recoded Mental Health Appendix. This mental illness variable is referred to as any mental illness (AMI) excluding serious mental illness (SMI).",,3
RECODED MENTAL HEALTH,505,467,"LMIPY, MMIPY, SMIPY",MICATPY,1,RC-IMP CATEGORICAL MI INDICATOR PY,"The following variable, MICATPY, is a categorical mental illness indicator. This indicator is derived from mental illness variables based on the 2012 model. MICATPY is not recommended to be used when analyzing variables for past year suicidal thoughts, past year MDE, K6, or the WHODAS, nor is it recommended to be used when analyzing other variables closely linked with these variables (including past year suicide attempts, suicide plans, medical treatment for suicide attempts, lifetime MDE, SPD, or components used in the K6 or WHODAS scales). Specific details about the creation and use of this variable can be found in the Recoded Mental Health Appendix.","NOTE: The following six variables are recodes that combine mental illness measures based on the 2012 predicted probability of SMI (SMIPPPY) with substance use disorder (SUD) in the past year. Starting with the 2021 NSDUH, the inputs to the 2012 mental illness prediction model were statistically imputed. SMISUD5MIS, AMISUD5MIS, and LMMISUD5MIS were created using the DSM-5 based SUD variables that do not include use disorder data from past year users but not misusers of prescription drugs. SMISUD5ANY, AMISUD5ANY, and LMMISUD5ANY were created using the DSM- 5 based SUD variables that include use disorder data from past year users but not misusers of prescription drugs.",5
RECODED MENTAL HEALTH,505,467,"SMIPY, UD5ILALMIS",SMISUD5MIS,1,RC-IMP SMI AND SUB USE DISORDER - PAST YEAR-DSM-5 - MIS,,,3
RECODED MENTAL HEALTH,505,467,"SMIPY, UD5ILALANY",SMISUD5ANY,1,RC-IMP SMI AND SUB USE DISORDER - PAST YEAR-DSM-5 - ANY,,,3
RECODED MENTAL HEALTH,505,467,"AMIPY, UD5ILALMIS",AMISUD5MIS,1,RC-IMP AMI AND SUB USE DISORDER - PAST YEAR-DSM-5 - MIS,,,3
RECODED MENTAL HEALTH,505,467,"AMIPY, UD5ILALANY",AMISUD5ANY,1,RC-IMP AMI AND SUB USE DISORDER - PAST YEAR-DSM-5 - ANY,,,3
RECODED MENTAL HEALTH,506,468,"LMMIPY, UD5ILALMIS",LMMISUD5MIS,1,RC-IMP LMMI AND SUB USE DISORDER - PAST YEAR-DSM-5 - MIS,,,3
RECODED MENTAL HEALTH,506,468,"LMMIPY, UD5ILALANY",LMMISUD5ANY,1,RC-IMP LMMI AND SUB USE DISORDER - PAST YEAR-DSM-5 - ANY,,"NOTE: The following four variables are recodes that combine mental illness measures based on the 2012 revised predicted probability of SMI (SMIPPPY) with substance use disorder (SUD) in the past year. SMIRSUD5ANY, SMISUD5ANYO, AMIRSUD5ANY, and AMISUD5ANYO were created using the DSM-5 based SUD estimates including prescription drug use data from all past year users of prescription drugs. These recodes replace variables SMIORSUD5, SMISUD5ONL, AMIORSUD5, and AMISUD5ONL, and were used starting with the 2021 First Findings Report appendix tables.",3
RECODED MENTAL HEALTH,506,468,"SMIPY, UD5ILALANY",SMIRSUD5ANY,1,RC-IMP SMI OR SUB USE DISORDER - PAST YEAR-DSM-5 - ANY,,,3
RECODED MENTAL HEALTH,506,468,"SMIPY, UD5ILALANY",SMISUD5ANYO,1,"RC-ONLY IMP SMI, ONLY SUD, BOTH, OR NEITHER - PY-DSM-5-ANY",,,5
RECODED MENTAL HEALTH,506,468,"AMIPY, UD5ILALANY",AMIRSUD5ANY,1,RC-IMP AMI OR SUB USE DISORDER - PAST YEAR-DSM-5 - ANY,,,3
RECODED MENTAL HEALTH,506,468,"AMIPY, UD5ILALANY",AMISUD5ANYO,1,"RC-ONLY IMP AMI, ONLY SUD, BOTH, OR NEITHER - PY-DSM-5-ANY",,,5
RECODED MENTAL HEALTH,506,468,"IRSUICTHNK, IRSUIPLANYR, IRSUITRYYR",ADSUITPAYR,1,"RC-ADULT THOUGHT ABOUT, PLANNED, OR ATTEMPTED SUICIDE - PY",,,3
ADULT DEPRESSION,507,469,ASC21,ADDPREV1,2,SEVERAL DAYS OR LNGR WHEN FELT SAD/EMPTY/DPRSD,"The values in this section may be inconsistent with values for variables in other sections of the interview. Items in this section were edited when respondents legitimately skipped out of these items based on prior answers in earlier sections. Otherwise, variables in one section of the interview generally were not edited to make them consistent with variables in another section of the interview. This note applies to variables in this section marked by a1. NOTE: All of the respondents aged 18 or older were asked the questions in the Adult Depression module in this current survey year. In the 2004 survey, a subset of the adults was asked these questions. Have you ever in your life had a period of time lasting several days or longer when most of the day you felt sad, empty or depressed?",,7
ADULT DEPRESSION,507,469,ASC22,ADDSCEV1,2,SEVERAL DAYS OR LNGR FELT DISCOURAGED ABT LIFE,Have you ever had a period of time lasting several days or longer when most of the day you were very discouraged about how things were going in your life?,,6
ADULT DEPRESSION,507,469,ASC23,ADLOSEV1,2,EVER HAD PER OF TIME LST INTRST IN ENJOYABLE THGS,"Have you ever had a period of time lasting several days or longer when you lost interest in most things you usually enjoy like work, hobbies, and personal relationships?",,6
ADULT DEPRESSION,507,469,AD01,ADDPDISC1,2,FEEL DISCRGD ABOUT LIFE WHEN SAD/EMPTY/DEPRESSED,"During times when you felt sad, empty, or depressed most of the day, did you ever feel discouraged about how things were going in your life?",,7
ADULT DEPRESSION,508,470,"AD01A, AD01B",ADDPLSIN1,2,EVER LOSE INT IN THINGS WHEN SAD/EMPTY/DEPRESSED,"During the times when you felt sad, empty, or depressed, did you ever lose interest in most things like work, hobbies, and other things you usually enjoy?",,7
ADULT DEPRESSION,508,470,AD02,ADDSLSIN1,2,EVER LOSE INT IN THNGS WHEN FEELING DISCOURGAGED,"During times when you felt discouraged about how things were going in your life, did you ever lose interest in most things like work, hobbies, and other things you usually enjoy?",,6
ADULT DEPRESSION,508,470,AD09,ADLSI2WK1,2,PERIOD OF TIME LASTED EVERY DAY FOR 2 WKS /LNGR,Did you ever have a period of time like this that lasted most of the day nearly every day for two weeks or longer?,,6
ADULT DEPRESSION,508,470,AD12,ADDPR2WK1,2,TIME WHEN [FEELFILL] LSTD EVRYDY 2 WKS OR LNGR,"Think about the times when you [FEELFILL]. Did you ever have a period of time like this that lasted most of the day, nearly every day, for two weeks or longer?",,7
ADULT DEPRESSION,508,470,AD16,ADWRHRS1,2,TIME THAT MOST SEVERE/FREQUENT MOOD LASTED,"Think of times lasting two weeks or longer when [NUMPROBS] with your mood [WASWERE] most severe and frequent. During those times, how long did your [FEELNOUN] usually last?",,9
ADULT DEPRESSION,509,471,AD17,ADWRDST1,2,HOW SEVERE WAS EMOTIONAL DISTRESS DURING 2 WKS,"Still thinking of times lasting two weeks or longer when [NUMPROBS] with your mood [WASWERE] most severe and frequent, how severe was your emotional distress during those times?",,8
ADULT DEPRESSION,509,471,AD18,ADWRCHR1,2,EMOT DISTRSS SO SEVERE NOTHING COULD CHEER YOU UP,"Again, think of times lasting two weeks or longer when [NUMPROBS] with your mood [WASWERE] most severe and frequent. How often, during those times, was your emotional distress so severe that nothing could cheer you up?",,8
ADULT DEPRESSION,509,471,AD19,ADWRIMP1,2,EMOT DISTRSS SO SEVERE COULD NT DO DLY ACTIVITIES,"Once again, please think of times lasting two weeks or longer when [NUMPROBS] with your mood [WASWERE] most severe and frequent. How often, during those times, was your emotional distress so severe that you could not carry out your daily activities?",,8
ADULT DEPRESSION,509,471,AD21,ADDPPROB1,2,EVER HAVE OTH PRBLMS DURING 2 WKS OR LONGER,People who have problems with their mood often have other problems at the same time. These problems may include things like changes in: - sleep - appetite - energy - the ability to concentrate and remember - feelings of low self-worth Did you ever have any of these problems during a period of time when you [FEELFILL] for two weeks or longer?,,6
ADULT DEPRESSION,510,472,AD22,ADWRPROB1,2,ONE PARTICULAR TIME THAT IS THE WORST ONE EVER,Think again about these other problems we just mentioned. They include things like changes in - sleep - appetite - energy - the ability to concentrate and remember - feelings of low self-worth Please think of a time when you [FEELFILL] for two weeks or longer and you also had the largest number of these other problems at the same time. Is there one particular time like this that stands out in your mind as the worst one you ever had?,,6
ADULT DEPRESSION,510,472,"AD22A, AD22C",ADWRAGE1,3,AGE WHEN WORST PERIOD OF TIME STARTED,How old were you when that worst period of time started? Then think of the most recent time when you [FEELFILL] for two weeks or longer and you also had the largest number of these other problems at the same time. How old were you when that time started?,,6
ADULT DEPRESSION,510,472,AD24A,ADWRDEPR1,2,WHEN PRBLMS WORST FELT SAD/EMPTY/DPRSD EVERY DAY,"In answering the next questions, think about the period of time when your [FEELNOUN] and other problems were the worst. In answering the next questions, think about the most recent period of time when you [FEELFILL] and had other problems at the same time. During that time, did you feel sad, empty, or depressed most of the day nearly every day?",,6
ADULT DEPRESSION,510,472,AD24C,ADWRDISC1,2,WHEN PRBLMS WORST FELT DISCRGED ABT LIFE EVERYDAY,"During that [TIMEFILL] period of time, did you feel discouraged about how things were going in your life most of the day nearly every day?",,6
ADULT DEPRESSION,511,473,AD24E,ADWRLSIN1,2,WHEN PRBLMS WORST LOSE INTRST IN ENJOYABLE THINGS,"During that [TIMEFILL] period of time, did you lose interest in almost all things like work and hobbies and things you like to do for fun?",,6
ADULT DEPRESSION,511,473,AD24F,ADWRPLSR1,2,WHEN PRBLMS WORST LOSE PLSURE IN GOOD THINGS,"During that [TIMEFILL] period of time, did you lose the ability to take pleasure in having good things happen to you, like winning something or being praised or complimented?",,6
ADULT DEPRESSION,511,473,AD26A,ADWRELES1,2,WHEN PRBLMS WORST HAVE SMALLER APPETITE EVERY DAY,"The next questions are about changes in appetite and weight. In answering the next questions, think about the period of time/most recent period of time when your [FEELNOUN] and other problems were the worst. Did you have a much smaller appetite than usual nearly every day during that time?",,6
ADULT DEPRESSION,511,473,AD26B,ADWREMOR1,2,WHEN PRBLMS WORST HAVE LARGER APPETITE EVERY DAY,Did you have a much larger appetite than usual nearly every day?,,6
ADULT DEPRESSION,511,473,AD26C,ADWRGAIN1,2,WHEN PRBLMS WORST DID YOU GAIN WEIGHT W/O TRYING,Did you gain weight without trying to during that [TIMEFILL] period of time?,,6
ADULT DEPRESSION,512,474,AD26C1,ADWRGROW1,2,WHEN PRBLMS WORST GAIN WGHT W/O TRYING BC GROWING,Did you gain weight without trying to because you were growing?,,5
ADULT DEPRESSION,512,474,AD26C2,ADWRPREG1,2,WHEN PRBLMS WORST GAIN WGHT W/O TRYING BC PRGN,Did you gain weight without trying to because you were pregnant?,,4
ADULT DEPRESSION,512,474,AD26D,ADWRGNL21,3,WHEN PRBLMS WORST # LBS GAINED WITHOUT TRYING,How many pounds did you gain? Please enter your answer as a whole number.,,12
ADULT DEPRESSION,512,474,AD26E,ADWRLOSE1,2,WHEN PRBLMS WORST DID YOU LOSE WEIGHT W/O TRYING,Did you lose weight without trying to?,,6
ADULT DEPRESSION,512,474,AD26E1,ADWRDIET1,2,WHEN PRBLMS WORST LOSE WGHT W/O TRYING BC SICK/DT,Did you lose weight without trying to because you were sick or on a diet?,,6
ADULT DEPRESSION,513,475,AD26F,ADWRLSL21,3,WHEN PRBLMS WORST # LBS LOST WITHOUT TRYING,How many pounds did you lose? Please enter your answer as a whole number.,,12
ADULT DEPRESSION,513,475,AD26G,ADWRSLEP1,2,WHEN PRBLMS WORST HAVE PRBS SLEEPING/WAKING EARLY,"Again, please think about the period of time/most recent period of time when your [FEELNOUN] and other problems were the worst. Did you have a lot more trouble than usual falling asleep, staying asleep, or waking too early nearly every night during that [TIMEFILL] period of time?",,6
ADULT DEPRESSION,513,475,AD26H,ADWRSMOR1,2,WHEN PRBLMS WORST SLEEP A LOT MORE THAN USUAL,"During that [TIMEFILL] period of time, did you sleep a lot more than usual nearly every night?",,6
ADULT DEPRESSION,513,475,AD26J,ADWRENRG1,2,WHEN PRBLMS WORST FEEL TIRED/LOW ON ENERGY EVRYDY,"During that [TIMEFILL] period of time, did you feel tired or low in energy nearly every day, even when you had not been working very hard?",,6
ADULT DEPRESSION,514,476,AD26L,ADWRSLOW1,2,WHEN PRBLMS WORST TALK/MOVE SLOWER THAN USUAL,Did you talk or move more slowly than is normal for you nearly every day?,,6
ADULT DEPRESSION,514,476,AD26M,ADWRSLNO1,2,WHEN PRBLMS WORST PEOP NOTICE SLOWER THAN USUAL,Did anyone else notice that you were talking or moving slowly?,,5
ADULT DEPRESSION,514,476,AD26N,ADWRJITT1,2,WHEN PRBLMS WORST RSTLSS/JITTRY/PACING EVERYDAY,Were you so restless or jittery nearly every day that you paced up and down or couldn't sit still?,,6
ADULT DEPRESSION,514,476,AD26O,ADWRJINO1,2,WHEN PRBLMS WORST PEOP NOTICE YOU WERE RSTLSS,Did anyone else notice that you were restless?,,5
ADULT DEPRESSION,514,476,AD26P,ADWRTHOT1,2,WHEN PRBLMS WORST THGHTS SLOWER/MORE CONFUSING,"The next questions are about changes in your ability to concentrate, and your feelings about yourself. Again, in answering these questions, think about the period of time/most recent period of time when your [FEELNOUN] and other problems were the worst. During that [TIMEFILL] time, did your thoughts come much more slowly than usual or seem confused nearly every day?",,6
ADULT DEPRESSION,515,477,AD26R,ADWRCONC1,2,WHEN PRBLMS WORST HAVE TROUBLE CONCENTRATING,Did you have a lot more trouble concentrating than usual nearly every day?,,6
ADULT DEPRESSION,515,477,AD26S,ADWRDCSN1,2,WHEN PRBLMS WORST UNABLE TO MAKE DECISIONS,Were you unable to make decisions about things you ordinarily have no trouble deciding about?,,6
ADULT DEPRESSION,515,477,AD26U,ADWRNOGD1,2,WHEN PRBLMS WRST FEEL NOT AS GOOD AS OTHER PEOPLE,Did you feel that you were not as good as other people nearly every day?,,6
ADULT DEPRESSION,515,477,AD26V,ADWRWRTH1,2,WHEN PRBLMS WORST FEEL TOTALLY WORTHLESS EVERYDAY,Did you feel totally worthless nearly every day?,,6
ADULT DEPRESSION,515,477,D_MDEA1,AD_MDEA11,2,SAD/EMPTY/DEPRESSED MOST OF DAY OR DISCOURAGED,,,6
ADULT DEPRESSION,515,477,D_MDEA2,AD_MDEA21,2,LOST INTEREST OR PLEASURE IN MOST THINGS,,,6
ADULT DEPRESSION,516,478,D_MDEA3,AD_MDEA31,2,CHANGES IN APPETITE OR WT,,,6
ADULT DEPRESSION,516,478,D_MDEA4,AD_MDEA41,2,SLEEP PROBLEMS,,,6
ADULT DEPRESSION,516,478,D_MDEA5,AD_MDEA51,2,OTHERS NOTICED THAT R WAS RESTLESS OR LETHARGIC,,,5
ADULT DEPRESSION,516,478,D_MDEA6,AD_MDEA61,2,FELT TIRED/LOW ENERGY NEARLY EVERY DAY,,,6
ADULT DEPRESSION,516,478,D_MDEA7,AD_MDEA71,2,FELT WORTHLESS NEARLY EVERY DAY,,,6
ADULT DEPRESSION,516,478,D_MDEA8,AD_MDEA81,2,INABILITY TO CONCENTRATE OR MAKE DECISIONS,,,6
ADULT DEPRESSION,517,479,DSMMDEA2,ADSMMDEA1,2,SCORE OF SYMPTOM INDICATORS 1 THRU 9,,,6
ADULT DEPRESSION,517,479,AD28,ADPBINTF1,2,WHEN PRBLMS WORST INTERFERE WITH WORK/ PRSNL LIFE,"You mentioned having some of the problems I just asked you about. During that [TIMEFILL] period of time, how much did your [FEELNOUN] and these other problems interfere with your work, your social life, or your personal relationships?",,10
ADULT DEPRESSION,517,479,AD28A,ADPBDLYA1,2,WHEN PRBLMS WORST UNABLE TO CARRY OUT DLY ACTVTS,"During that [TIMEFILL] period of time, how often were you unable to carry out your daily activities because of these problems with your mood?",,9
ADULT DEPRESSION,517,479,AD37,ADPBRMBR1,2,RMBR AGE WHEN FIRST 2+ WK PERIOD OF TIME STARTED,Think of the very first period of time in your life lasting two weeks or longer when you [FEELFILL] for most of the day nearly every day and also had some of the other problems we just asked about. Can you remember your exact age?,,7
ADULT DEPRESSION,518,480,"AD37A, AD37B",ADPBAGE1,3,AGE WHEN FIRST 2+ WK PERIOD OF TIME STARTED,How old were you?,,6
ADULT DEPRESSION,518,480,AD52,ADPBNUM1,4,# TIMES FELT THIS WAY FOR 2 WKS/LNGR DURING LIFE,"In your entire life, how many times did you feel [FEELNOUN] for two weeks or longer while also having some of the other problems we asked about? If you are not sure of your answer, just make your best guess.",,6
ADULT DEPRESSION,518,480,AD38,ADPB2WK1,2,FELT THIS 2 WKS+ W/OTH PRBS DURING PAST 12 MOS,"In the past 12 months, did you have a period of time when you felt [FEELNOUN] for two weeks or longer while also having some of the other problems we asked about?","NOTE: Beginning with the 2008 survey, the questions corresponding to the variables ADPSHMGT, ADPSWORK, ADPSRELS, and ADPSSOC no longer allow respondents to choose the category 95 (ACTIVITY DOES NOT APPLY). Think about the time in the past 12 months when [NUMPROBS] with your mood [WASWERE] most severe. Using the 0 to 10 scale shown below, where 0 means no interference and 10 means very severe interference, select the number that describes how much [NUMPROBS] interfered with your ability to do each of the following activities during that period. You can use any number between 0 and 10 to answer. How much did your [FEELNOUN] interfere with your ability to do home management task, like cleaning, shopping, and working around the house, apartment, or yard?",7
ADULT DEPRESSION,519,481,AD66A,ADPSHMGT1,2,HOW MUCH DID FEELINGS INTERFERE WITH HOME MNGMT,,,15
ADULT DEPRESSION,519,481,AD66B,ADPSWORK1,2,HOW MUCH DID FEELING INTERFERE WITH ABLTY TO WORK,"During that time in the past 12 months when your [FEELNOUN] was most severe, how much did this interfere with your ability to work? You can use any number between 0 and 10 to answer.",,15
ADULT DEPRESSION,520,482,AD66C,ADPSRELS1,2,HOW MUCH DID FEELING INTERFERE WITH RELATIONSHIPS,How much did your [FEELNOUN] interfere with your ability to form and maintain close relationships with other people during that period of time? You can use any number between 0 and 10 to answer.,,15
ADULT DEPRESSION,520,482,AD66D,ADPSSOC1,2,HOW MUCH DID FEELINGS INTERFERE WITH SOCIAL LIFE,How much did [NUMPROBS] interfere with your ability to have a social life during that period of time? You can use any number between 0 and 10 to answer.,"NOTE: Beginning with the 2008 survey, respondents who answered ""don't know"" or ""refused"" to questions corresponding to the variables ADPSHMGT, ADPSWORK, ADPSRELS, and ADPSSOC are no longer asked the question corresponding to ADPSDAYS unless they entered a response of 1 to 10 in at least one of the other questions corresponding to ADPSHMGT through ADPSSOC. About how many days out of 365 in the past 12 months were you totally unable to work or carry out your normal activities because of your [FEELNOUN]? You can use any number between 0 and 365 to answer",15
ADULT DEPRESSION,520,482,AD68,ADPSDAYS1,3,# DYS UNABLE TO WORK/CARRY OUT DLY ACT PST 12 MOS,,,5
ADULT DEPRESSION,521,483,AD86,ADSEEDOC1,2,SEE/TALK TO DR/OTH PROF ABT FEELINGS PAST 12 MOS,"Here is a list of professionals some people talk to about the problems we have been asking about: - General practitioner or family doctor - Other medical doctor like a cardiologist, gynecologist, urologist - Psychologist - Psychiatrist or psychotherapist - Social Worker - Counselor - Other mental health professional, like a mental health nurse - A nurse, occupational therapist, or other health professional - A religious or spiritual advisor like a minister, priest, or rabbi - Another healer, like an herbalist, chiropractor, acupuncturist, or massage therapist At any time in the past 12 months, did you see or talk to a medical doctor or other professional about your [FEELNOUN]?",,7
ADULT DEPRESSION,521,483,AD86A,ADFAMDOC1,2,GEN/FAM DOC TALKED W/ABT FEELINGS PAST 12 MOS,"During the past 12 months, which professionals did you see or talk to about [NUMPROBS] with your mood?",,6
ADULT DEPRESSION,521,483,AD86A,ADOTHDOC1,2,OTH DR TALKED W/ABOUT FEELINGS PAST 12 MOS,,,7
ADULT DEPRESSION,521,483,AD86A,ADPSYCH1,2,PSYCHOLOGIST TALKED W/ABOUT FEELINGS PAST 12 MOS,,,7
ADULT DEPRESSION,521,483,AD86A,ADPSYMD1,2,PSYCHIATRIST TALKED W/ABOUT FEELINGS PAST 12 MOS,,,6
ADULT DEPRESSION,522,484,AD86A,ADSOCWRK1,2,SOCIAL WORKER TALKED W/ABOUT FEELINGS PAST 12 MOS,,,7
ADULT DEPRESSION,522,484,AD86A,ADCOUNS1,2,COUNSELOR TALKED W/ABOUT FEELINGS PAST 12 MOS,,,7
ADULT DEPRESSION,522,484,AD86A,ADOTHMHP1,2,MENTAL PROF TALKED W/ABOUT FEELINGS PAST 12 MOS,,,7
ADULT DEPRESSION,522,484,AD86A,ADNURSE1,2,NURSE ETC.TALKED W/ABOUT FEELINGS PAST 12 MOS,,,7
ADULT DEPRESSION,522,484,AD86A,ADRELIG1,2,RELIGIOUS ADVSR TLKED W/ABOUT FEELINGS PST 12 MOS,,,7
ADULT DEPRESSION,522,484,AD86A,ADHERBAL1,2,HERBALIST TALKED W/ABOUT FEELINGS PAST 12 MOS,,,7
ADULT DEPRESSION,523,485,AD86A,ADOTHHLP1,2,OTH HELP PROF TALKED W/ABOUT FEELINGS PAST 12 MOS,,,6
ADULT DEPRESSION,523,485,AD86B,ADTMTNOW1,2,CURRENTLY RCVNG PROF TREATMENT/COUNSLG FOR MOOD,Are you currently receiving professional treatment or counseling for [NUMPROBS] with your mood?,,6
ADULT DEPRESSION,523,485,AD86C,ADRX12MO1,2,TAKE PRES MEDS PRESCRIBED FOR MOOD PAST 12 MONTHS,"During the past 12 months, did you take prescription medication that was prescribed for [NUMPROBS]?",,7
ADULT DEPRESSION,523,485,AD86D,ADRXNOW1,2,CURRENTLY TAKING PRESC MEDS PRESCRIBED FOR MOOD,Are you currently taking prescription medication that was prescribed for [NUMPROBS]?,,5
ADULT DEPRESSION,523,485,AD86E,ADRXHLP1,2,HOW MUCH HAS PRESC MEDS FOR MOOD HELPED PST 12 MO,"During the past 12 months, how much has this prescription medication helped you?",,9
ADULT DEPRESSION,524,486,AD86F,ADTMTHLP1,2,HOW MUCH HAS TRMT/COUNSLG HELPED PST 12 MOS,"During the past 12 months, how much has treatment or counseling helped you?","NOTE: The following variable, AMDELT, identifies an adult as having a major depressive episode (MDE) in their lifetime and AMDEYR identifies an adult as having MDE in the prior year. Beginning in 2021, missing values for AMDELT and AMDEYR were replaced using statistical imputation. The imputation-revised variables used in analysis, IRAMDELT and IRAMDEYR, appear in the Imputed Adult Depression section. A respondent was classified as having a major depressive episode (MDE) in their lifetime, AMDELT=1, if they reported experiencing at least five out of the nine criteria used to define an adult as having had MDE in their lifetime, where at least one of the criteria is a depressed mood or loss of interest or pleasure in daily activities (ADSMMDEA=1). An adult was classified as NOT having a major depressive episode (MDE) in their lifetime, AMDELT=2, if they met either of these conditions: 1. Reported experiencing fewer than five out of the nine criteria used to define an adult as having had MDE in their lifetime (ADSMMDEA=2). 2. If the number of criteria used to define an adult as having had MDE in their lifetime is unknown (ADSMMDEA=98) and the respondent reported at least one of the following: 1. Never having had a period of time lasting several days or longer when felt sad, empty, or depressed (ADDPREV=2), discouraged about how things were going in life (ADDSCEV=2), and lost interest in most things usually enjoyable (ADLOSEV=2). 2. Experienced the feelings in (i), but they did not last most of the day, nearly every day for two weeks or longer (ADLSI2WK=2) or (ADDPR2WK=2). 3. Experienced the feelings in (i) most of the day, nearly every day for two weeks or longer, but the feelings lasted less than an hour when mood was most severe and frequent (ADWRHRS=1). 4. Experienced the feelings in (i) most of the day, nearly every day for two weeks or longer for at least an hour during those times when mood was most severe and frequent, but emotional distress was mild (ADWRDST=1), there was never a time when emotional distress was so severe that you could not be cheered up (ADWRCHR=4), and there was never a time when your emotional distress was so severe that you could not carry out your daily activities (ADWRIMP=4). 5. Experienced the feelings in (i) most of the day, nearly every day for two weeks or longer for at least an hour and the severe distress were more than mild or at some point could not be cheered up or could not carry out daily activities, but never had any other problems during those weeks, such as changes in sleep, appetite, energy, the ability to concentrate and remember, or feelings of low self-worth (ADDPPROB=2).",9
ADULT DEPRESSION,524,486,"ADDPPROB, ADDPR2WK, ADDPREV, ADDSCEV, ADLOSEV, ADLSI2WK, ADSMMDEA, ADWRCHR, ADWRDST, ADWRHRS, ADWRIMP",AMDELT,1,ADULT: LIFETIME MAJOR DEPRESSIVE EPISODE (MDE),,"NOTE: Beginning in 2021, missing values for AMDEYR were replaced using statistical imputation. The imputation-revised variable used in analysis, IRAMDEYR, appears in the Imputed Adult Depression section.",3
ADULT DEPRESSION,524,486,"ADPB2WK, AMDELT",AMDEYR,1,ADULT: PAST YEAR MAJOR DEPRESSIVE EPISODE (MDE),,"NOTE: The following four variables make up the four role domains (home management, work, close relationships with others, and social life) of the Sheehan Disability Scale (SDS), which measures the impact of a disorder on an adult's life.",3
ADULT DEPRESSION,525,487,ADPSHMGT,ASDSHOM2,1,ADULT: DEPRESS FEELINGS ROLE IMPAIRMENT - HOME MANAGEMENT,,,6
ADULT DEPRESSION,525,487,ADPSWORK,ASDSWRK2,1,ADULT: DEPRESS FEELINGS ROLE IMPAIRMENT - ABILITY TO WORK,,,6
ADULT DEPRESSION,525,487,ADPSRELS,ASDSREL2,1,ADULT: DEP FEELINGS ROLE IMPAIRMENT - CLOSE RELATIONSHIPS,,,6
ADULT DEPRESSION,525,487,ADPSSOC,ASDSSOC2,1,ADULT: DEPRESSIVE FEELINGS ROLE IMPAIRMENT - SOCIAL LIFE,,,6
ADULT DEPRESSION,525,487,"AMDEYR, ASDSHOM2, ASDSREL2, ASDSSOC2, ASDSWRK2",AMDEIMP,1,ADULT: MDE WITH SEVERE ROLE IMPAIRMENT,"The following variable, AMDEIMP, is restricted to adults with past year MDE (AMDEYR) and is derived from the maximum level of interference over the four role domains of SDS: home management (ASDSHOM2), ability to work (ASDSWRK2), close relationships (ASDSREL2), and social life (ASDSSOC2). Adults with a past year MDE (AMDEYR=1) and a ""severe"" or ""very severe"" maximum level of interference are assigned AMDEIMP=1. Adults without a past year MDE (AMDEYR=2) or a maximum level of interference of ""none"", ""mild"", or ""moderate"" (and no missing data across the four role domains) are assigned AMDEIMP=2. All other respondents are assigned a missing value for AMDEIMP. Beginning in 2021, missing values for AMDEIMP were replaced using statistical imputation. The imputation-revised variable used in analysis, IRAMDEIMP, appears in the Imputed Adult Depression section.",,3
IMPUTED ADULT DEPRESSION,526,488,AMDELT,IRAMDELT,1,ADULT: LIFETIME MAJOR DEPRESSIVE EPISODE (MDE) - IMP REV,,,3
IMPUTED ADULT DEPRESSION,526,488,AMDELT,IIAMDELT,1,ADULT: LIFETIME MAJOR DEPRESSIVE EPISODE (MDE) - IMP IND,,,3
IMPUTED ADULT DEPRESSION,526,488,AMDEYR,IRAMDEYR,1,ADULT: PAST YEAR MAJOR DEPRESSIVE EPISODE (MDE) - IMP REV,,,3
IMPUTED ADULT DEPRESSION,526,488,AMDEYR,IIAMDEYR,1,ADULT: PAST YEAR MAJOR DEPRESSIVE EPISODE (MDE) - IMP IND,,,3
IMPUTED ADULT DEPRESSION,526,488,AMDEIMP,IRAMDEIMP,1,ADULT: MDE WITH SEVERE ROLE IMPAIRMENT - IMP REV,,,3
IMPUTED ADULT DEPRESSION,526,488,AMDEIMP,IIAMDEIMP,1,ADULT: MDE WITH SEVERE ROLE IMPAIRMENT - IMP IND,,,3
RECODED ADULT DEPRESSION,527,489,ADSEEDOC,ATXMDEYR,1,RC-ADULT: SAW/TALK TO MD/PROF ABT DEPRESSIVE FEELNGS IN PY,"NOTE: The variables in this section are recoded variables that were created from one or more of the edited or imputed variables from the preceding sections. NOTE: Certain source variables that were used to create recoded variables have valid values that might not have been reported or assigned for the current survey year. However, these values have been included in the general specifications in the codebook on how the recoded variables were created. See additional details about this issue in the Organization of the Data File section of this codebook introduction. NOTE: The following 16 variables are among all adult respondents who were asked the respective questions and are not confined to those respondents who were ultimately classified as having a Major Depressive Episode (MDE) in their lifetime or past year. To produce estimates among adults with MDE, the analysis will need to be restricted by either the lifetime MDE variable (IRAMDELT) or the past year MDE variable (IRAMDEYR).",,3
RECODED ADULT DEPRESSION,527,489,ADRX12MO,ARXMDEYR,1,RC-ADULT: USED RX MEDICATION FOR DEPRESSIVE FEELINGS IN PY,,,3
RECODED ADULT DEPRESSION,527,489,"ARXMDEYR, ATXMDEYR",AMDETXRX,1,RC-ADULT: RCVD TRT/CNSLG OR RX MED FOR DEPRESS FEELING IN PY,"The following variable, AMDETXRX, is defined as having received treatment/counseling for MDE in the past year if (1) saw or talked to a medical doctor or other professional about depressive feelings or (2) used prescription medication for depressive feelings.",,3
RECODED ADULT DEPRESSION,527,489,"ADFAMDOC, ADSEEDOC",ADOCMDE,1,RC-ADULT: SAW/TALK TO GEN PRAC/FAM MD ABT DEP FEELINGS IN PY,,,3
RECODED ADULT DEPRESSION,527,489,"ADOTHDOC, ADSEEDOC",AOMDMDE,1,RC-ADULT: SAW/TALK TO OTHER MD ABT DEPRESSIVE FEELINGS IN PY,,,3
RECODED ADULT DEPRESSION,527,489,"ADPSYCH, ADSEEDOC",APSY1MDE,1,RC-ADULT: SAW/TALK TO PSYCHOLOGIST ABT DEPRES FEELINGS IN PY,,,3
RECODED ADULT DEPRESSION,527,489,"ADPSYMD, ADSEEDOC",APSY2MDE,1,RC-ADULT: SAW/TALK TO PSYCHIATRIST ABT DEPRES FEELINGS IN PY,,,3
RECODED ADULT DEPRESSION,528,490,"ADSEEDOC, ADSOCWRK",ASOCMDE,1,RC-ADULT: SAW/TALK TO SOCIAL WORKR ABT DEPRES FEELINGS IN PY,,,3
RECODED ADULT DEPRESSION,528,490,"ADCOUNS, ADSEEDOC",ACOUNMDE,1,RC-ADULT: SAW/TALK TO COUNSELOR ABT DEPRESSVE FEELINGS IN PY,,,3
RECODED ADULT DEPRESSION,528,490,"ADOTHMHP, ADSEEDOC",AOMHMDE,1,RC-ADULT: SAW/TALK TO OTH MENT HLTH PROF ABT DEP FEELINGS-PY,,,3
RECODED ADULT DEPRESSION,528,490,"ADNURSE, ADSEEDOC",ANURSMDE,1,RC-ADULT: SAW/TALK TO NURSE/OCC THERA ABT DEP FEELINGS IN PY,,,3
RECODED ADULT DEPRESSION,528,490,"ADRELIG, ADSEEDOC",ARELMDE,1,RC-ADULT: SAW/TALK TO RELIG ADVISR ABT DEPRES FEELINGS IN PY,,,3
RECODED ADULT DEPRESSION,528,490,"ADHERBAL, ADSEEDOC",AHBCHMDE,1,RC-ADULT: SAW/TALK TO ANOTHER HEALER ABT DEPR FEELINGS IN PY,,,3
RECODED ADULT DEPRESSION,528,490,"ADOTHHLP, ADSEEDOC",AOTHMDE,1,RC-ADULT: SAW/TALK TO OTHER PROF ABOUT MDE IN PST YR,"The following variable, AOTHMDE, defines an adult as having seen or talked to another professional about MDE during the past year if s/he entered a valid write-in response other than the responses that matched existing categories. An adult was classified as NOT having seen or talked to another professional about MDE during the past year, AOTHMDE=0, if s/he met either of these conditions: 1. Reported NOT seeing or talking to a medical doctor or other professional during the past year (ADSEEDOC=2). 2. Response not entered for whether other mental health professional was seen or talked to during the past year (ADOTHHLP=6). 3. Write-in response entered matched an existing category.",,3
RECODED ADULT DEPRESSION,529,491,"ACOUNMDE, ADOCMDE, ANURSMDE, AOMDMDE, AOMHMDE, APSY1MDE, APSY2MDE, ASOCMDE",AHLTMDE,1,RC-ADULT: SAW/TALK TO HLTH PROF ABT DEPRESSVE FEELINGS IN PY,"The following variable, AHLTMDE, indicates whether an adult reported seeing or talking to a health professional about MDE in the past year. Adults were classified as having seen or talked to a health professional, AHLTMDE=1, if they reported seeing or talking to any of the following professionals: general practitioner or family doctor (ADOCMDE=1); other medical doctor (AOMDMDE=1); psychologist (APSY1MDE=1); psychiatrist or psychotherapist (APSY2MDE=1); social worker (ASOCMDE=1); counselor (ACOUNMDE=1); other mental health professional (AOMHMDE=1); or nurse, occupational therapist, or other health professional (ANURSMDE=1). Respondents were classified as having not seen or talked to a health professional, AHLTMDE=0, if they reported not seeing or talking to all of the professionals listed above (source variable=0).",,3
RECODED ADULT DEPRESSION,529,491,"AHBCHMDE, ARELMDE",AALTMDE,1,RC-ADULT: SAW/TALK TO ALT SERV PROF ABT DEPRS FEELINGS IN PY,"The following variable, AALTMDE, indicates whether an adult reported seeing or talking to an alternative service professional about MDE in the past year. Adults were classified as having seen or talked to an alternative service professional, AALTMDE=1, if they reported seeing or talking to any of the following professionals: religious or spiritual advisor (ARELMDE=1); or herbalist, chiropractor, acupuncturist, or massage therapist (AHBCHMDE=1). Respondents were classified as having not seen or talked to an alternative service professional, AALTMDE=0, if they reported not seeing or talking to all of the professionals listed above (source variable=0).",,3
YOUTH MENTAL HEALTH SERVICE UTILIZATION,530,492,YSU01,YUHOSPYR1,2,STAY OVNT IN HOSP FOR EMOT TRMT PST 12 MOS,"The values in this section may be inconsistent with values for variables in other sections of the interview. Items in this section were edited when respondents legitimately skipped out of these items based on prior answers in earlier sections. Otherwise, variables in one section of the interview generally were not edited to make them consistent with variables in another section of the interview. This note applies to variables in this section marked by a1. These next questions are about treatment and counseling for problems with your behaviors or emotions that were not caused by alcohol or drugs. During the past 12 months, have you stayed overnight or longer in any type of hospital to receive treatment or counseling for emotional or behavioral problems that were not caused by alcohol or drugs?",,7
YOUTH MENTAL HEALTH SERVICE UTILIZATION,530,492,YSU02,YUHOSPN21,3,# NIGHTS STAYED IN HOSP FOR EMOT TRMT PST 12 MOS,"During the past 12 months, how many nights altogether did you stay in a hospital to receive treatment or counseling for emotional or behavioral problems that were not caused by alcohol or drugs?",,7
YOUTH MENTAL HEALTH SERVICE UTILIZATION,530,492,YSU03,YUHODEPR1,2,STAYED IN HOSP BEC YOU FELT DEPRESSED,,,6
YOUTH MENTAL HEALTH SERVICE UTILIZATION,530,492,YSU03,YUHOFEAR1,2,STAYED IN HOSP BEC YOU FELT AFRAID/TENSE,,,6
YOUTH MENTAL HEALTH SERVICE UTILIZATION,530,492,YSU03,YUHOBKRU1,2,STAYED IN HOSP BEC BREAKING RULES/ACTING OUT,,,7
YOUTH MENTAL HEALTH SERVICE UTILIZATION,531,493,YSU03,YUHOEATP1,2,STAYED IN HOSP BEC YOU HAD EATING PROBS,,,6
YOUTH MENTAL HEALTH SERVICE UTILIZATION,531,493,YSU03A,YUHOANGR1,2,STAYED IN HOSP BEC HAD TRBLE CONTRLNG ANGER,What was the other emotional or behavioral problem for which you last stayed overnight in a hospital?,,6
YOUTH MENTAL HEALTH SERVICE UTILIZATION,531,493,YSU03A,YUHOFITE1,2,STAYED IN HOSP BEC HAD GOTTEN INTO PHYS FIGHTS,,,6
YOUTH MENTAL HEALTH SERVICE UTILIZATION,531,493,YSU03A,YUHOFMLY1,2,STAYED IN HOSP BEC HAD PRBLMS AT HOME/FAMILY,,,6
YOUTH MENTAL HEALTH SERVICE UTILIZATION,531,493,YSU03A,YUHOFRND1,2,STAYED IN HOSP BEC HAD PRBLMS WITH FRIENDS,,,6
YOUTH MENTAL HEALTH SERVICE UTILIZATION,531,493,YSU03A,YUHOOTPP1,2,STAYED IN HOSP BEC HAD PRBLMS WITH OTHERS,,,6
YOUTH MENTAL HEALTH SERVICE UTILIZATION,532,494,YSU03A,YUHOSCHL1,2,STAYED IN HOSP BEC HAD PRBLMS AT SCHOOL,,,6
YOUTH MENTAL HEALTH SERVICE UTILIZATION,532,494,"YSU03, YSU03A",YUHOSOR1,2,STAYED IN HOSP FOR SOME OTHER REASON,,,6
YOUTH MENTAL HEALTH SERVICE UTILIZATION,532,494,YSU04,YURSIDYR1,2,STAYED IN RESID CTR FOR EMOT TRMT PST 12 MOS,"During the past 12 months, did you stay overnight or longer in a residential treatment center to receive treatment or counseling for emotional or behavioral problems that were not caused by alcohol or drugs?",,7
YOUTH MENTAL HEALTH SERVICE UTILIZATION,532,494,YSU05,YURSIDN21,3,# NIGHTS IN RESID CTR FOR EMOT TRMT PST 12 MOS,"During the past 12 months, how many nights altogether did you stay in a residential treatment center to receive treatment for emotional or behavioral problems that were not caused by alcohol or drugs?",,7
YOUTH MENTAL HEALTH SERVICE UTILIZATION,532,494,YSU06,YURSDEPR1,2,STAYED IN RESID CTR BEC YOU FELT DEPRESSED,,,6
YOUTH MENTAL HEALTH SERVICE UTILIZATION,532,494,YSU06,YURSFEAR1,2,STAYED IN RESID CTR BEC YOU FELT AFRAID/TENSE,,,7
YOUTH MENTAL HEALTH SERVICE UTILIZATION,533,495,YSU06,YURSBKRU1,2,STAYED IN RESID CTR BEC BRKING RULES/ACT OUT,,,6
YOUTH MENTAL HEALTH SERVICE UTILIZATION,533,495,YSU06,YURSEATP1,2,STAYED IN RESID CTR BEC YOU HAD EATING PROBS,,,6
YOUTH MENTAL HEALTH SERVICE UTILIZATION,533,495,YSU06A,YURSANGR1,2,STAYED IN RESID CTR BEC HAD TRBLE CONTRLNG ANGER,What was the other emotional or behavioral problem for which you last stayed overnight in a residential treatment center?,,6
YOUTH MENTAL HEALTH SERVICE UTILIZATION,533,495,YSU06A,YURSFITE1,2,STAYED IN RESID CTR BEC HAD GOTN INTO PHYS FIGHTS,,,6
YOUTH MENTAL HEALTH SERVICE UTILIZATION,533,495,YSU06A,YURSFMLY1,2,STAYED IN RESID CTR BEC HAD PRBLMS AT HOME/FAMILY,,,6
YOUTH MENTAL HEALTH SERVICE UTILIZATION,533,495,YSU06A,YURSFRND1,2,STAYED IN RESID CTR BEC HAD PRBLMS WITH FRIENDS,,,6
YOUTH MENTAL HEALTH SERVICE UTILIZATION,534,496,YSU06A,YURSOTPP1,2,STAYED IN RESID CTR BEC HAD PRBLMS WITH OTHERS,,,6
YOUTH MENTAL HEALTH SERVICE UTILIZATION,534,496,YSU06A,YURSSCHL1,2,STAYED IN RESID CTR BEC HAD PRBLMS AT SCHOOL,,,6
YOUTH MENTAL HEALTH SERVICE UTILIZATION,534,496,"YSU06, YSU06A",YURSSOR1,2,STAYED IN RESID CTR FOR SOME OTHER REASON,,,6
YOUTH MENTAL HEALTH SERVICE UTILIZATION,534,496,YSU07,YUFCARYR1,2,SPENT TIME IN FOST CARE FOR EMOT PROB PST 12 MOS,"During the past 12 months, did you stay overnight or longer in foster care or in a therapeutic foster care home because you had emotional or behavioral problems that were not caused by alcohol or drugs?",,7
YOUTH MENTAL HEALTH SERVICE UTILIZATION,534,496,YSU08,YUFCARN21,3,# NIGHTS IN FOST CARE FOR EMOT PROB PST 12 MOS,"During the past 12 months, how many nights altogether did you stay in foster care or in a therapeutic foster care home because you had emotional or behavioral problems that were not caused by alcohol or drugs?",,7
YOUTH MENTAL HEALTH SERVICE UTILIZATION,534,496,YSU09,YUFCDEPR1,2,STAYED IN FOST CARE BEC YOU FELT DEPRESSED,,,7
YOUTH MENTAL HEALTH SERVICE UTILIZATION,535,497,YSU09,YUFCFEAR1,2,STAYED IN FOST CARE BEC YOU FELT AFRAID/TENSE,,,6
YOUTH MENTAL HEALTH SERVICE UTILIZATION,535,497,YSU09,YUFCBKRU1,2,STAYED IN FOST CARE BEC BRKING RULES/ACT OUT,,,6
YOUTH MENTAL HEALTH SERVICE UTILIZATION,535,497,YSU09,YUFCEATP1,2,STAYED IN FOST CARE BEC YOU HAD EATING PROBS,,,6
YOUTH MENTAL HEALTH SERVICE UTILIZATION,535,497,YSU09A,YUFCANGR1,2,STAYED IN FOST CARE BEC HAD TRBLE CONTRLNG ANGER,What was the other emotional or behavioral problem for which you last stayed overnight or longer in foster care or a therapeutic foster care home?,,5
YOUTH MENTAL HEALTH SERVICE UTILIZATION,535,497,YSU09A,YUFCFITE1,2,STAYED IN FOST CARE BEC HAD GOTN INTO PHYS FIGHTS,,,5
YOUTH MENTAL HEALTH SERVICE UTILIZATION,535,497,YSU09A,YUFCFMLY1,2,STAYED IN FOST CARE BEC HAD PRBLMS AT HOME/FAMILY,,,7
YOUTH MENTAL HEALTH SERVICE UTILIZATION,536,498,YSU09A,YUFCFRND1,2,STAYED IN FOST CARE BEC HAD PRBLMS WITH FRIENDS,,,5
YOUTH MENTAL HEALTH SERVICE UTILIZATION,536,498,YSU09A,YUFCOTPP1,2,STAYED IN FOST CARE BEC HAD PRBLMS WITH OTHERS,,,5
YOUTH MENTAL HEALTH SERVICE UTILIZATION,536,498,YSU09A,YUFCSCHL1,2,STAYED IN FOST CARE BEC HAD PRBLMS AT SCHOOL,,,5
YOUTH MENTAL HEALTH SERVICE UTILIZATION,536,498,"YSU09, YSU09A",YUFCSOR1,2,STAYED IN FOST CARE FOR SOME OTHER REASON,,,6
YOUTH MENTAL HEALTH SERVICE UTILIZATION,536,498,YSU10,YUDYTXYR1,2,SPENT TIME IN DAY TRMT PROG PAST 12 MOS,"During the past 12 months, did you receive treatment or counseling at a partial day hospital or day treatment program because you had problems with your behavior or emotions that were not caused by alcohol or drugs?",,7
YOUTH MENTAL HEALTH SERVICE UTILIZATION,536,498,YSU11,YUDYTXN21,3,# TIMES VISITED DAY TRMT PROG PAST 12 MOS,"During the past 12 months, how many times did you visit a partial day hospital or day treatment program because you had emotional or behavioral problems that were not caused by alcohol or drugs?",,7
YOUTH MENTAL HEALTH SERVICE UTILIZATION,537,499,YSU12,YUDYDEPR1,2,VISITED DAY TRMT BEC YOU FELT DEPRESSED,,,6
YOUTH MENTAL HEALTH SERVICE UTILIZATION,537,499,YSU12,YUDYFEAR1,2,VISITED DAY TRMT BEC YOU FELT AFRAID/TENSE,,,7
YOUTH MENTAL HEALTH SERVICE UTILIZATION,537,499,YSU12,YUDYBKRU1,2,VISITED DAY TRMT BEC BRKING RULES/ACT OUT,,,6
YOUTH MENTAL HEALTH SERVICE UTILIZATION,537,499,YSU12,YUDYEATP1,2,VISITED DAY TRMT BEC YOU HAD EATING PROBS,,,6
YOUTH MENTAL HEALTH SERVICE UTILIZATION,537,499,YSU12A,YUDYANGR1,2,VISITED DAY TRMT BEC HAD TRBLE CONTRLNG ANGER,What was the other emotional or behavioral problem for which you last visited a partial day hospital or day treatment program?,,6
YOUTH MENTAL HEALTH SERVICE UTILIZATION,537,499,YSU12A,YUDYFITE1,2,VISITED DAY TRMT BEC HAD GOTTN INTO PHYS FIGHTS,,,6
YOUTH MENTAL HEALTH SERVICE UTILIZATION,538,500,YSU12A,YUDYFMLY1,2,VISITED DAY TRMT BEC HAD PRBLMS AT HOME/FAMILY,,,7
YOUTH MENTAL HEALTH SERVICE UTILIZATION,538,500,YSU12A,YUDYFRND1,2,VISITED DAY TRMT BEC HAD PRBLMS WITH FRIENDS,,,6
YOUTH MENTAL HEALTH SERVICE UTILIZATION,538,500,YSU12A,YUDYOTPP1,2,VISITED DAY TRMT BEC HAD PRBLMS WITH OTHERS,,,7
YOUTH MENTAL HEALTH SERVICE UTILIZATION,538,500,YSU12A,YUDYSCHL1,2,VISITED DAY TRMT BEC HAD PRBLMS AT SCHOOL,,,6
YOUTH MENTAL HEALTH SERVICE UTILIZATION,538,500,"YSU12, YSU12A",YUDYSOR1,2,VISITED DAY TRMT FOR SOME OTHER REASON,,,6
YOUTH MENTAL HEALTH SERVICE UTILIZATION,538,500,YSU13,YUMHCRYR1,2,RCVD EMOT TRMT IN MENT HLTH CLNC PST 12 MOS,"During the past 12 months, did you receive treatment or counseling at a mental health clinic or center because you had problems with your behavior or emotions that were not caused by alcohol or drugs?",,7
YOUTH MENTAL HEALTH SERVICE UTILIZATION,539,501,YSU14,YUMHCRN21,3,# TIMES VISITED MENT HLTH CLNC PST 12 MOS,"During the past 12 months, how many times did you visit a mental health clinic or center to receive treatment or counseling because you had emotional or behavioral problems that were not caused by alcohol or drugs?",,7
YOUTH MENTAL HEALTH SERVICE UTILIZATION,539,501,YSU15,YUMHDEPR1,2,VISITED MH CLNC BEC YOU FELT DEPRESSED,,,6
YOUTH MENTAL HEALTH SERVICE UTILIZATION,539,501,YSU15,YUMHFEAR1,2,VISITED MH CLNC BEC YOU FELT AFRAID/TENSE,,,7
YOUTH MENTAL HEALTH SERVICE UTILIZATION,539,501,YSU15,YUMHBKRU1,2,VISITED MH CLNC BEC BREAKING RULES/ACTING OUT,,,7
YOUTH MENTAL HEALTH SERVICE UTILIZATION,539,501,YSU15,YUMHEATP1,2,VISITED MH CLNC BEC YOU HAD EATING PROBS,,,6
YOUTH MENTAL HEALTH SERVICE UTILIZATION,539,501,YSU15A,YUMHANGR1,2,VISITED MH CLNC BEC HAD TRBLE CONTRLNG ANGER,What was the other emotional or behavioral problem for which you last visited a mental health clinic or center?,,6
YOUTH MENTAL HEALTH SERVICE UTILIZATION,540,502,YSU15A,YUMHFITE1,2,VISITE MH CLNC BEC HAD GOTTEN INTO PHYS FIGHTS,,,6
YOUTH MENTAL HEALTH SERVICE UTILIZATION,540,502,YSU15A,YUMHFMLY1,2,VISITED MH CLNC BEC HAD PRBLMS AT HOME/FAMILY,,,6
YOUTH MENTAL HEALTH SERVICE UTILIZATION,540,502,YSU15A,YUMHFRND1,2,VISITED MH CLNC BEC HAD PRBLMS WITH FRIENDS,,,6
YOUTH MENTAL HEALTH SERVICE UTILIZATION,540,502,YSU15A,YUMHOTPP1,2,VISITED MH CLNC BEC HAD PRBLMS WITH OTHERS,,,7
YOUTH MENTAL HEALTH SERVICE UTILIZATION,540,502,YSU15A,YUMHSCHL1,2,VISITED MH CLNC BEC HAD PRBLMS AT SCHOOL,,,7
YOUTH MENTAL HEALTH SERVICE UTILIZATION,540,502,"YSU15, YSU15A",YUMHSOR1,2,VISITED MH CLNC FOR SOME OTHER REASON,,,6
YOUTH MENTAL HEALTH SERVICE UTILIZATION,541,503,YSU16,YUTPSTYR1,2,RCVD EMOT TRMT FROM THERAPIST PST 12 MOS,"During the past 12 months, did you receive treatment or counseling from a private therapist, psychologist, psychiatrist, social worker, or counselor for emotional or behavioral problems that were not caused by alcohol or drugs?",,7
YOUTH MENTAL HEALTH SERVICE UTILIZATION,541,503,YSU17,YUTPSTN21,3,# TIMES VISITED THERAPIST PAST 12 MONTHS,"During the past 12 months, how many times did you receive treatment or counseling from a private therapist, psychologist, psychiatrist, social worker, or counselor for emotional or behavioral problems that were not caused by alcohol or drugs?",,7
YOUTH MENTAL HEALTH SERVICE UTILIZATION,541,503,YSU18,YUTPDEPR1,2,VISITED THERAPIST BEC YOU FELT DEPRESSED,,,8
YOUTH MENTAL HEALTH SERVICE UTILIZATION,541,503,YSU18,YUTPFEAR1,2,VISITED THERAPIST BEC YOU FELT AFRAID/TENSE,,,7
YOUTH MENTAL HEALTH SERVICE UTILIZATION,541,503,YSU18,YUTPBKRU1,2,VISITED THERAPIST BEC BRKING RULES/ACT OUT,,,7
YOUTH MENTAL HEALTH SERVICE UTILIZATION,542,504,YSU18,YUTPEATP1,2,VISITED THERAPIST BEC YOU HAD EATING PROBS,,,6
YOUTH MENTAL HEALTH SERVICE UTILIZATION,542,504,YSU18A,YUTPANGR1,2,VISITED THERAPIST BEC HAD TRBLE CONTRLNG ANGER,"What was the other emotional or behavioral problem for which you last visited a private therapist, psychologist, psychiatrist, social worker or counselor?",,7
YOUTH MENTAL HEALTH SERVICE UTILIZATION,542,504,YSU18A,YUTPFITE1,2,VISITED THERAPIST BEC HAD GOTN INTO PHYS FIGHTS,,,6
YOUTH MENTAL HEALTH SERVICE UTILIZATION,542,504,YSU18A,YUTPFMLY1,2,VISITED THERAPIST BEC HAD PRBLMS AT HOME/FAMILY,,,7
YOUTH MENTAL HEALTH SERVICE UTILIZATION,542,504,YSU18A,YUTPFRND1,2,VISITED THERAPIST BEC HAD PRBLMS WITH FRIENDS,,,7
YOUTH MENTAL HEALTH SERVICE UTILIZATION,542,504,YSU18A,YUTPOTPP1,2,VISITED THERAPIST BEC HAD PRBLMS WITH OTHERS,,,7
YOUTH MENTAL HEALTH SERVICE UTILIZATION,543,505,YSU18A,YUTPSCHL1,2,VISITED THERAPIST BEC HAD PRBLMS AT SCHOOL,,,7
YOUTH MENTAL HEALTH SERVICE UTILIZATION,543,505,"YSU18, YSU18A",YUTPSOR1,2,VISITED THERAPIST FOR SOME OTHER REASON,,,6
YOUTH MENTAL HEALTH SERVICE UTILIZATION,543,505,YSU19,YUIHTPYR1,2,RCVD EMOT TRMT FROM IN HOME COUNS PST 12 MOS,"During the past 12 months, did you receive treatment or counseling from an in-home therapist, counselor, or family preservation worker for emotional or behavioral problems that were not caused by alcohol or drugs?",,7
YOUTH MENTAL HEALTH SERVICE UTILIZATION,543,505,YSU20,YUIHTPN21,2,# TIMES RCVD TRMT FR IN HOME COUNS PST 12 MOS,"During the past 12 months, how many times did you receive treatment or counseling from an in-home therapist, counselor, or family preservation worker for emotional or behavioral problems that were not caused by alcohol or drugs?",,7
YOUTH MENTAL HEALTH SERVICE UTILIZATION,543,505,YSU21,YUIHDEPR1,2,SAW IN HOME COUNS BEC YOU FELT DEPRESSED,,,6
YOUTH MENTAL HEALTH SERVICE UTILIZATION,544,506,YSU21,YUIHFEAR1,2,SAW IN HOME COUNS BEC YOU FELT AFRAID/TENSE,,,7
YOUTH MENTAL HEALTH SERVICE UTILIZATION,544,506,YSU21,YUIHBKRU1,2,SAW IN HOME COUNS BEC BRKING RULES/ACT OUT,,,7
YOUTH MENTAL HEALTH SERVICE UTILIZATION,544,506,YSU21,YUIHEATP1,2,SAW IN HOME COUNS BEC YOU HAD EATING PROBS,,,6
YOUTH MENTAL HEALTH SERVICE UTILIZATION,544,506,YSU21A,YUIHANGR1,2,SAW IN HOME COUNS BEC HAD TRBLE CONTRLNG ANGER,"What was the other emotional or behavioral problem for which you last saw an in-home therapist, counselor, or family preservation worker?",,7
YOUTH MENTAL HEALTH SERVICE UTILIZATION,544,506,YSU21A,YUIHFITE1,2,SAW IN HOME COUNS BEC HAD GOTTEN INTO PHYS FIGHTS,,,6
YOUTH MENTAL HEALTH SERVICE UTILIZATION,544,506,YSU21A,YUIHFMLY1,2,SAW IN HOME COUNS BEC HAD PRBLMS AT HOME/FAMILY,,,7
YOUTH MENTAL HEALTH SERVICE UTILIZATION,545,507,YSU21A,YUIHFRND1,2,SAW IN HOME COUNS BEC HAD PRBLMS WITH FRIENDS,,,6
YOUTH MENTAL HEALTH SERVICE UTILIZATION,545,507,YSU21A,YUIHOTPP1,2,SAW IN HOME COUNS BEC HAD PRBLMS WITH OTHERS,,,7
YOUTH MENTAL HEALTH SERVICE UTILIZATION,545,507,YSU21A,YUIHSCHL1,2,SAW IN HOME COUNS BEC HAD PRBLMS AT SCHOOL,,,7
YOUTH MENTAL HEALTH SERVICE UTILIZATION,545,507,"YSU21, YSU21A",YUIHSOR1,2,SAW IN HOME COUNS FOR SOME OTHER REASON,,,6
YOUTH MENTAL HEALTH SERVICE UTILIZATION,545,507,YSU22,YUFDOCYR1,2,RCVD EMOT TRMT FROM FAMLY DOC PST 12 MOS,"During the past 12 months, did you receive treatment or counseling from a pediatrician or other family doctor for emotional or behavioral problems that were not caused by alcohol or drugs?",,7
YOUTH MENTAL HEALTH SERVICE UTILIZATION,546,508,YSU23,YUFDOCN21,3,# TIMES RCVD TRMT FROM FAMLY DOC PST 12 MOS,"During the past 12 months, how many times did you receive treatment or counseling from a pediatrician or other family doctor for emotional or behavioral problems that were not caused by alcohol or drugs?",,7
YOUTH MENTAL HEALTH SERVICE UTILIZATION,546,508,YSU24,YUFDDEPR1,2,SAW FAMLY DOC BEC YOU FELT DEPRESSED,,,7
YOUTH MENTAL HEALTH SERVICE UTILIZATION,546,508,YSU24,YUFDFEAR1,2,SAW FAMLY DOC BEC YOU FELT AFRAID/TENSE,,,7
YOUTH MENTAL HEALTH SERVICE UTILIZATION,546,508,YSU24,YUFDBKRU1,2,SAW FAMLY DOC BEC BREAKING RULES/ACTING OUT,,,7
YOUTH MENTAL HEALTH SERVICE UTILIZATION,546,508,YSU24,YUFDEATP1,2,SAW FAMLY DOC BEC YOU HAD EATING PROBS,,,6
YOUTH MENTAL HEALTH SERVICE UTILIZATION,546,508,YSU24A,YUFDANGR1,2,SAW FAMLY DOC BEC HAD TRBLE CONTRLNG ANGER,What was the other emotional or behavioral problem for which you last visited a pediatrician or other family doctor?,,6
YOUTH MENTAL HEALTH SERVICE UTILIZATION,547,509,YSU24A,YUFDFITE1,2,SAW FAMLY DOC BEC HAD GOTTEN INTO PHYS FIGHTS,,,6
YOUTH MENTAL HEALTH SERVICE UTILIZATION,547,509,YSU24A,YUFDFMLY1,2,SAW FAMLY DOC BEC HAD PRBLMS AT HOME/FAMILY,,,6
YOUTH MENTAL HEALTH SERVICE UTILIZATION,547,509,YSU24A,YUFDFRND1,2,SAW FAMLY DOC BEC HAD PRBLMS WITH FRIENDS,,,7
YOUTH MENTAL HEALTH SERVICE UTILIZATION,547,509,YSU24A,YUFDOTPP1,2,SAW FAMLY DOC BEC HAD PRBLMS WITH OTHERS,,,6
YOUTH MENTAL HEALTH SERVICE UTILIZATION,547,509,YSU24A,YUFDSCHL1,2,SAW FAMLY DOC BEC HAD PRBLMS AT SCHOOL,,,7
YOUTH MENTAL HEALTH SERVICE UTILIZATION,547,509,"YSU24, YSU24A",YUFDSOR1,2,SAW FAMLY DOC FOR SOME OTHER REASON,,,6
YOUTH MENTAL HEALTH SERVICE UTILIZATION,548,510,YSU30,YUSWSCYR1,2,RCVD EMOT TMT FROM SCH/SOC WORKER IN PST 12 MOS,"Sometimes students get treatment or counseling through the school system. This counseling is often provided by school social workers, school psychologists or school counselors. During the past 12 months, that is, since [DATEFILL], did you receive any treatment or counseling from a school social worker, a school psychologist, or a school counselor for emotional or behavioral problems that were not caused by alcohol or drugs?",,7
YOUTH MENTAL HEALTH SERVICE UTILIZATION,548,510,YSU31,YUSWDEPR1,2,TALKED W/SCH SOC WORK BEC YOU FELT DEPRESSED,,,7
YOUTH MENTAL HEALTH SERVICE UTILIZATION,548,510,YSU31,YUSWFEAR1,2,TALKED W/SCH SOC WORK BEC YOU FELT AFRAID/TENSE,,,7
YOUTH MENTAL HEALTH SERVICE UTILIZATION,548,510,YSU31,YUSWBKRU1,2,TALKED W/SCH SOC WORK BEC BRKING RULES/ACT OUT,,,7
YOUTH MENTAL HEALTH SERVICE UTILIZATION,548,510,YSU31,YUSWEATP1,2,TALKED W/SCH SOC WORK BEC YOU HAD EATING PROBS,,,6
YOUTH MENTAL HEALTH SERVICE UTILIZATION,549,511,YSU31A,YUSWANGR1,2,TALKED W/SCH SOC WORK BEC HAD TRBLE CONTRLNG ANGR,"What was the other reason for your last talk with a school social worker, school psychologist or school counselor?",,7
YOUTH MENTAL HEALTH SERVICE UTILIZATION,549,511,YSU31A,YUSWFITE1,2,TLKED W/SCH COUNS BEC HAD GOTTEN INTO PHYS FIGHTS,,,6
YOUTH MENTAL HEALTH SERVICE UTILIZATION,549,511,YSU31A,YUSWFMLY1,2,TALKED W/SCH SOC WORK BEC HAD PRBLMS AT HOME/FMLY,,,7
YOUTH MENTAL HEALTH SERVICE UTILIZATION,549,511,YSU31A,YUSWFRND1,2,TALKED W/SCH SOC WORK BEC HAD PRBLMS WITH FRIENDS,,,7
YOUTH MENTAL HEALTH SERVICE UTILIZATION,549,511,YSU31A,YUSWOTPP1,2,TALKED W/SCH SOC WORK BEC HAD PRBLMS WITH OTHERS,,,7
YOUTH MENTAL HEALTH SERVICE UTILIZATION,549,511,YSU31A,YUSWSCHL1,2,TALKED W/SCH SOC WORK BEC HAD PRBLMS AT SCHOOL,,,7
YOUTH MENTAL HEALTH SERVICE UTILIZATION,550,512,"YSU31, YSU31A",YUSWSOR1,2,TALKED W/SCH SOC WORK FOR SOME OTHER REASON,,,6
YOUTH MENTAL HEALTH SERVICE UTILIZATION,550,512,YSU32,YUSCEMYR1,2,ATTEND SCH FOR STUDENTS W/EMOT PRBLMS PST 12 MOS,"At any time during the past 12 months, that is since [DATEFILL], did you attend a school for students with emotional or behavioral problems?",,7
YOUTH MENTAL HEALTH SERVICE UTILIZATION,550,512,YSU33,YUSCPGYR1,2,ATTND SCH PGM FOR STDNTS W/EMOT PRBLMS PST 12 MOS,"Regular schools sometimes provide programs for students with emotional or behavioral problems. At any time during the past 12 months, did you participate in a school program that was just for students with emotional or behavioral problems?",,7
YOUTH MENTAL HEALTH SERVICE UTILIZATION,550,512,YSU34,YUJVDTON1,2,STAYED OVRNT/LONGER IN JAIL/JUV DET PST 12 MOS,"These next questions are about experiences with the justice system. During the past 12 months, that is, since [DATEFILL], did you stay overnight or longer in any type of juvenile detention center, sometimes called ""juvie"", prison, or jail?",,7
YOUTH MENTAL HEALTH SERVICE UTILIZATION,550,512,YSU35,YUJVDTN21,3,# NIGHTS IN JAIL OR JUV DET IN PST 12 MOS,"During the past 12 months, how many nights altogether did you stay in any type of juvenile detention center, prison or jail?",,7
YOUTH MENTAL HEALTH SERVICE UTILIZATION,551,513,YSU36,YUJVDTYR1,2,RCVD EMOT TMT IN JAIL/JUV DET IN PST 12 MOS,"Sometimes, the court system provides treatment or counseling in juvenile detention centers, prisons or jails. These services are often provided by psychiatrists, psychologists, social workers or counselors who work for the court system. While you were in a juvenile detention center, prison or jail during the past 12 months, did you receive treatment or counseling for emotional or behavioral problems that were not caused by alcohol or drugs?",,6
YOUTH MENTAL HEALTH SERVICE UTILIZATION,551,513,YTXMHTEL,YUMHTELYR,2,YOUTH RCVD MENTAL HLTH TRMT OVER PHONE/EMAIL/VIDEO PST 12 MS,"During the past 12 months have you received any professional counseling, medication or treatment for your mental health, emotions, or behavior over the phone, by email, or through video calling?",,7
YOUTH MENTAL HEALTH SERVICE UTILIZATION,551,513,YSUI01,YUSUITHK,2,YOUTH SERIOUSLY THINK ABOUT KILLING SELF PST 12 MOS,"The next few questions are about thoughts of suicide. At any time in the past 12 months, that is from [DATEFILL] up to and including today, did you seriously think about trying to kill yourself?",,9
YOUTH MENTAL HEALTH SERVICE UTILIZATION,551,513,YCOV9,YUCOSUITHK,2,YOUTH SERIOUSLY THINK ABOUT KILLING SELF DUE TO COVID-19,Was this because of the COVID-19 pandemic?,,7
YOUTH MENTAL HEALTH SERVICE UTILIZATION,552,514,YSUI02,YUSUIPLN,2,YOUTH MAKE PLANS TO KILL YOURSELF PST 12 MOS,"During the past 12 months, did you make any plans to kill yourself?",,9
YOUTH MENTAL HEALTH SERVICE UTILIZATION,552,514,YCOV10,YUCOSUIPLN,2,YOUTH MAKE PLAN TO KILL YOURSELF DUE TO COVID-19,Was this because of the COVID-19 pandemic?,,6
RECODED YOUTH MENTAL HEALTH SERVICE UTILIZATION,553,515,YUHOSPYR,YHOSP,1,RC-STAYED OVNT IN HOSP FOR EMOT TRMT IN PST YR,"NOTE: The variables in this section are recoded variables that were created from one or more of the edited variables from the preceding section. NOTE: Certain source variables that were used to create recoded variables have valid values that might not have been reported or assigned for the current survey year. However, these values have been included in the general specifications in the codebook on how the recoded variables were created. See additional details about this issue in the Organization of the Data File section of this codebook introduction. NOTE: The following recoded variables contain information about whether youths received mental health care in the past year from each of 11 specific services for problems with behaviors or emotions that were not caused by alcohol or drugs.",,3
RECODED YOUTH MENTAL HEALTH SERVICE UTILIZATION,553,515,YURSIDYR,YRESID,1,RC-STAYED IN RESID CTR FOR EMOT TRMT IN PST YR,,,3
RECODED YOUTH MENTAL HEALTH SERVICE UTILIZATION,553,515,YUFCARYR,YFOST,1,RC-SPENT TIME IN FOST CARE FOR EMOT PROB IN PST YR,,,3
RECODED YOUTH MENTAL HEALTH SERVICE UTILIZATION,553,515,YUDYTXYR,YDAYTRT,1,RC-SPENT TIME IN DAY TRMT PRG FOR EMOT PRB IN PST YR,,,3
RECODED YOUTH MENTAL HEALTH SERVICE UTILIZATION,553,515,YUMHCRYR,YCLIN,1,RC-RCVD EMOT TRMT IN MENT HLTH CLNC IN PST YR,,,3
RECODED YOUTH MENTAL HEALTH SERVICE UTILIZATION,553,515,YUTPSTYR,YTHER,1,RC-RCVD EMOT TRMT FROM THERAPIST IN PST YR,,,3
RECODED YOUTH MENTAL HEALTH SERVICE UTILIZATION,553,515,YUIHTPYR,YHOME,1,RC-RCVD EMOT TRMT FROM IN-HOME COUNS IN PST YR,,,3
RECODED YOUTH MENTAL HEALTH SERVICE UTILIZATION,553,515,YUFDOCYR,YPED,1,RC-RCVD EMOT TRMT FROM FAMLY DOC IN PST YR,,,3
RECODED YOUTH MENTAL HEALTH SERVICE UTILIZATION,554,516,"YEATNDYR, YUSCEMYR, YUSCPGYR",YSPEC,1,RC-ATTND SCHOOL OR PROGRAM FOR EMOT PROB IN PST YR,,,3
RECODED YOUTH MENTAL HEALTH SERVICE UTILIZATION,554,516,"YEATNDYR, YUSWSCYR",YSHSW,1,RC-TLKD W/SCH SOC WKR/PSY/COUNS FOR EMOT PROB PST YR,,,3
RECODED YOUTH MENTAL HEALTH SERVICE UTILIZATION,554,516,"YUJVDTON, YUJVDTYR",YJAIL,1,RC-YTH RCVD SVCS FOR EMOT PROB IN PY IN JUV JUSTICE,,,3
RECODED YOUTH MENTAL HEALTH SERVICE UTILIZATION,554,516,"YHOSP, YRESID",ANYMHIN2,1,RC-REV YTH RCVD SPEC INPATIENT MH SERVICES IN PY,"The following variable, ANYMHIN2, indicates whether a youth reported receiving specialty inpatient/residential mental health services in the past year from any of two specific inpatient/residential sources for problems with behavior or emotions that were not caused by alcohol or drugs. This variable was created based on the following two sources of treatment variables: stayed overnight in hospital (YHOSP) and stayed in residential treatment facility (YRESID). Youths who reported a positive response (source variable=1) to either question were included in the yes category. Youths who did not report a positive response, but answered both questions were included in the no category. Youths who did not report a positive response and did not answer both questions, and adults, were included in the unknown/18+ category.",,3
RECODED YOUTH MENTAL HEALTH SERVICE UTILIZATION,554,516,"YCLIN, YDAYTRT, YHOME, YTHER",ANYMHOUT,1,RC-YTH RCVD SPEC OUTPATIENT MH SERVICES IN PY,"The following variable, ANYMHOUT, indicates whether a youth reported receiving specialty outpatient mental health services in the past year from any of four specific outpatient sources for problems with behavior or emotions that were not caused by alcohol or drugs. This variable was created based on the following four source of treatment variables: spent time in a day treatment facility (YDAYTRT), received treatment at a mental health clinic (YCLIN), from a private therapist (YTHER), and from an in-home therapist (YHOME). Youths who reported a positive response (source variable=1) to one or more of the four questions were included in the yes category regardless of how many of the four questions they answered. Youths who did not report a positive response, but answered all four of the questions were included in the no category. Youths who did not report a positive response and did not answer all the questions, and adults were included in the unknown/18+ category.",,3
RECODED YOUTH MENTAL HEALTH SERVICE UTILIZATION,554,516,"YCLIN, YDAYTRT, YHOME, YHOSP, YRESID, YTHER",ANYSMH2,1,RC-REV YTH RCVD SPECIALTY MENTAL HLTH SRVC IN PST YR,"The following variable, ANYSMH2, indicates whether a youth reported receiving specialty mental health services in the past year from any of six specific inpatient/residential or outpatient specialty sources for problems with behavior or emotions that were not caused by alcohol or drugs. This variable was created based on the following six source of treatment variables: stayed overnight in a hospital (YHOSP), stayed in a residential treatment facility (YRESID), spent time in a day treatment facility (YDAYTRT), received treatment from a mental health clinic (YCLIN), from a private therapist (YTHER), and from an in-home therapist (YHOME). Youths who reported a positive response (source variable=1) to one or more of the six questions were included in the yes category regardless of how many of the six questions they answered. Youths who did not report a positive response, but answered all six of the questions were included in the no category. Youths who did not report a positive response and did not answer all the questions, and adults were included in the unknown/18+ category.",,3
RECODED YOUTH MENTAL HEALTH SERVICE UTILIZATION,555,517,"YFOST, YJAIL, YPED, YSHSW, YSPEC",ANYNSMH,1,RC-YTH RCVD NONSPECIALTY MENTAL HLTH SRVC IN PST YR,"The following variable, ANYNSMH, indicates whether a youth reported receiving nonspecialty mental health services in the past year from any of five specific nonspecialty sources for problems with behavior or emotions that were not caused by alcohol or drugs. This variable was created based on the following five source of treatment variables: school social worker, school psychologist, or school counselor (YSHSW), special school or program within a regular school for students with emotional or behavioral problems (YSPEC), pediatrician or other family doctor (YPED), juvenile detention center, prison, or jail (YJAIL), and foster care or therapeutic foster care (YFOST). Youths who reported a positive response (source variable=1) to one or more of the five questions were included in the yes category regardless of how many of the five questions they answered. Youths who did not report a positive response, but answered all five of the questions were included in the no category. Youths who did not report a positive response and did not answer all the questions, and adults were included in the unknown/18+ category.",,3
RECODED YOUTH MENTAL HEALTH SERVICE UTILIZATION,555,517,"YSHSW, YSPEC",ANYMHED2,1,RC-YTH RCVD EDUCATION MENTAL HEALTH SRVC IN PST YR,"The following variable, ANYMHED2, indicates whether a youth enrolled in school reported receiving mental health services in the past year from education sources for problems with behavior or emotions that were not caused by alcohol or drugs. This variable was created using the following source of treatment variables: talked to school social worker, school psychologists, or school counselors for problems (YSHSW) and attended a special school or participated in a special program at a regular school for problems (YSPEC). Youths who reported a positive response (source variable=1) to one or more of these questions were included in the yes category regardless of how many of the questions they answered. Youths who did not report a positive response, but answered both questions were included in the no category. Youths who did not report a positive response and did not answer both questions, and adults were included in the unknown/18+ category.",,3
RECODED YOUTH MENTAL HEALTH SERVICE UTILIZATION,555,517,"ANYMHED2, ANYSMH2, YFOST, YPED",ANYSEDMF,1,"RC-YTH RCVD SPEC MH AND ED, MED, OR FOST SRVC IN PY","The following variable, ANYSEDMF, indicates whether a youth reported receiving specialty mental health services along with services from education, general medicine (family doctor/pediatrician), or foster care or therapeutic foster care settings in the past year for problems with behavior or emotions that were not caused by alcohol or drugs. This variable was created using the following four source of treatment variables: received specialty mental health services (ANYSMH2), education setting-based mental health services (ANYMHED2), treatment from a family doctor/pediatrician (YPED), and foster care or therapeutic foster care (YFOST). Included in the unknown/18+ category were youths who did not provide enough information to determine whether mental health care was received at both a specialty mental health service along with services from either an education, general medical, or foster care setting [ANYSMH2=. or {ANYSMH2=1 and (none of ANYMHED2, YPED, or YFOST equal 1 but at least one is missing)}] and adults.",,3
RECODED YOUTH MENTAL HEALTH SERVICE UTILIZATION,555,517,"ANYNSMH, ANYSMH2",ANYSANSMH,1,RC-YTH RCVD SPEC AND NONSPEC MH SRVC IN PST YR,,,3
RECODED YOUTH MENTAL HEALTH SERVICE UTILIZATION,555,517,YUMHTELYR,YUMHTELYR2,1,RC-YOUTH RCVD VIRTUAL MENTAL HEALTH SERVICES IN PAST YEAR,,,3
RECODED YOUTH MENTAL HEALTH SERVICE UTILIZATION,556,518,"ANYNSMH, ANYSMH2, YUMHTELYR2",ANYMHOVR,1,RC-YTH RCVD MH SERVICES INCLUDING VIRTUAL IN PST YR,,NOTE: The following 10 variables contain information on the number of times a youth received mental health services from specific mental health sources.,3
RECODED YOUTH MENTAL HEALTH SERVICE UTILIZATION,556,518,"YUHOSPN2, YUHOSPYR",HOSPVST,1,RC-# NIGHTS YTH STAYED IN HOSP FOR MH SRVC IN PY,,,7
RECODED YOUTH MENTAL HEALTH SERVICE UTILIZATION,556,518,"YURSIDN2, YURSIDYR",RESIDVST,1,RC-# NIGHTS YTH STAYED IN RESID CTR FOR MH SRVC IN PY,,,7
RECODED YOUTH MENTAL HEALTH SERVICE UTILIZATION,556,518,"YUFCARN2, YUFCARYR",FOSTVST,1,RC-# NIGHTS YTH STAYED IN FOST CARE FOR MH SRVC IN PY,,,6
RECODED YOUTH MENTAL HEALTH SERVICE UTILIZATION,556,518,"YUDYTXN2, YUDYTXYR",DYTXVST,1,RC-# TIMES YTH VISITED DAY TRMT PROG IN PY,,,7
RECODED YOUTH MENTAL HEALTH SERVICE UTILIZATION,556,518,"YUMHCRN2, YUMHCRYR",CLINVST,1,RC-# TIMES YTH VISITED MENT HLTH CLIN IN PY,,,7
RECODED YOUTH MENTAL HEALTH SERVICE UTILIZATION,557,519,"YUTPSTN2, YUTPSTYR",THERVST,1,RC-# TIMES YTH VISITED THERAPIST IN PY,,,7
RECODED YOUTH MENTAL HEALTH SERVICE UTILIZATION,557,519,"YUIHTPN2, YUIHTPYR",HOMEVST,1,RC-# TIMES YTH RCVD IN-HOME COUNSELING IN PY,,,7
RECODED YOUTH MENTAL HEALTH SERVICE UTILIZATION,557,519,"YUHOSPN2, YUHOSPYR, YURSIDN2, YURSIDYR",SPINVST2,1,RC-REV # NIGHTS YTH STAYED IN SPECIALTY INPATIENT MH SRVC,"The following variable, SPINVST2, indicates how many overnight stays were reported at an inpatient/residential specialty mental health service in the past year. The number of overnight stays is calculated by adding the number of overnight stays at a hospital (YUHOSPN2) and residential treatment center (YURSIDN2). A value of 6 (No Overnight Stays) was assigned whenever a respondent said they had used none of the services (YUHOSPYR=2 and YURSIDYR=2). A value of missing was assigned when the response to whether received treatment or number of overnight stays was unknown for either of the locations (YUHOSPYR or YURSIDYR=85, 94, 97, 98 OR either of YUHOSPN2 or YURSIDN2=985, 994, 997, 998), unless the overnight stays for the service with non-missing information was greater than or equal to 25, in which case a value of 5 (25 or more stays) was assigned. A missing value was also assigned for respondents aged 18 or older.",,7
RECODED YOUTH MENTAL HEALTH SERVICE UTILIZATION,557,519,"YUDYTXN2, YUDYTXYR, YUIHTPN2, YUIHTPYR, YUMHCRN2, YUMHCRYR, YUTPSTN2, YUTPSTYR",SPOUTVST,1,RC-# TIMES YTH VISITED A SPECIALTY OUTPATIENT MH SRVC,"The following variable, SPOUTVST, indicates how many times a specialty outpatient mental health service was visited in the past year. The number of visits is calculated by adding the number of visits to a day treatment facility (YUDYTXN2), mental health clinic (YUMHCRN2), private therapist (YUTPSTN2), and an in-home therapist (YUIHTPN2). A value of 6 (No Visits) was assigned whenever a respondent said they had used none of the services (YUDYTXYR, YUMHCRYR, YUTPSTYR, YUIHTPYR all equal 2). A value of missing was assigned when the response to whether received treatment or number of visits was unknown for any of the 4 locations (any of YUDYTXYR, YUMHCRYR, YUTPSTYR, YUIHTPYR=85, 94, 97, 98 OR any of YUDYTXN2, YUMHCRN2, YUTPSTN2, YUIHTPN2=985, 994, 997, 998), unless the sum of the visits for services with non-missing information was greater than or equal to 25, in which case a value of 5 (25 or more visits) was assigned. A missing value was also assigned for respondents aged 18 or older.",,7
RECODED YOUTH MENTAL HEALTH SERVICE UTILIZATION,558,520,,SMHVST2,1,RC-REV # STAYS/VISITS YTH MADE TO SPEC MH SERVICE,"The following variable, SMHVST2, indicates the number of visits or overnight stays to a specialty mental health service in the past year. The number of visits/overnight stays is calculated by adding the number of overnight stays in a hospital (YUHOSPN2) and residential treatment center (YURSIDN2), and the number of visits to a day treatment facility (YUDYTXN2), mental health clinic (YUMHCRN2), private therapist (YUTPSTN2), and in-home therapist (YUIHTPN2). A value of 6 (No Visits/Overnight Stays) was assigned whenever a respondent said they had used none of the services (YUHOSPYR, YURSIDYR, YUDYTXYR, YUMHCRYR, YUTPSTYR, YUIHTPYR all equal 2). A value of missing was assigned when the response to whether received treatment or number of visits/stays was unknown for any of the 6 locations (any of YUHOSPYR, YURSIDYR, YUDYTXYR, YUMHCRYR, YUTPSTYR, YUIHTPYR=85, 94, 97, 98 OR any of YUHOSPN2, YURSIDN2, YUDYTXN2, YUMHCRN2, YUTPSTN2, YUIHTPN2=985, 994, 997, 998), unless the sum of the visits/overnight stays for services with non- missing information was greater than or equal to 25, in which case a value of 5 (25 or more visits/stays) was assigned. A missing value was also assigned for respondents aged 18 or older. (YUDYTXN2, YUDYTXYR, YUHOSPN2, YUHOSPYR, YUIHTPN2, YUIHTPYR, YUMHCRN2, YUMHCRYR, YURSIDN2, YURSIDYR, YUTPSTN2, YUTPSTYR)",,7
RECODED YOUTH MENTAL HEALTH SERVICE UTILIZATION,558,520,"YUHODEPR, YURSDEPR",SIMHDPR2,1,RC-REV YTH LST RCVD INPT SP MH SVC B/C DEPRESSED,"The following variable, SIMHDPR2, indicates whether a respondent received their most recent mental health services from at least one inpatient specialty mental health source in the past year because they were depressed. This recode was created by examination of the following source variables: stayed overnight in hospital (YUHODEPR) or residential treatment center (YURSDEPR) because they were depressed. None of the write-in other-specify values were applicable for this variable. Adults, youths that did not report receiving services from either of these inpatient/residential sources in the past year, and youths that reported receiving services in the past year, but did not indicate a valid reason for receiving services at any of these locations were assigned to the unknown category.",,3
RECODED YOUTH MENTAL HEALTH SERVICE UTILIZATION,558,520,"YUHOFEAR, YURSFEAR",SIMHFEA2,1,RC-REV YTH LST RCVD INPT SP MH SVC B/C AFRAID/TENSE,"The following variable, SIMHFEA2, indicates whether a respondent received their most recent mental health services from at least one inpatient specialty mental health source in the past year because they were afraid/tense. This recode was created by examination of the following source variables: stayed overnight in hospital (YUHOFEAR) or residential treatment center (YURSFEAR) because they were afraid/tense. None of the write-in other-specify values were applicable for this variable. Adults, youths that did not report receiving services from either of these inpatient/residential sources in the past year, and youths that reported receiving services in the past year, but did not indicate a valid reason for receiving services at any of these locations were assigned to the unknown category.",,3
RECODED YOUTH MENTAL HEALTH SERVICE UTILIZATION,558,520,"YUHOBKRU, YURSBKRU",SIMHBRK2,1,RC-REV YTH LST RCVD INPT SP MH SVC B/C BROKE RULES,"The following variable, SIMHBRK2, indicates whether a respondent received their most recent mental health services from at least one inpatient specialty mental health source in the past year because they broke rules or ""acted out"". This recode was created by examination of the following source variables: stayed overnight in hospital (YUHOBKRU) or residential treatment center (YURSBKRU) because they broke rules or ""acted out"". None of the write-in other-specify values were applicable for this variable. Adults, youths that did not report receiving services from either of these inpatient/residential sources in the past year, and youths that reported receiving services in the past year, but did not indicate a valid reason for receiving services at any of these locations were assigned to the unknown category.",,3
RECODED YOUTH MENTAL HEALTH SERVICE UTILIZATION,559,521,"YUHOEATP, YURSEATP",SIMHEAT2,1,RC-REV YTH LST RCVD INPT SP MH SVC B/C EATING PRBLMS,"The following variable, SIMHEAT2, indicates whether a respondent received their most recent mental health services from at least one inpatient specialty mental health source in the past year because they had eating problems. This recode was created by examination of the following source variables: stayed overnight in hospital (YUHOEATP) or residential treatment center (YURSEATP) because they had eating problems. None of the write-in other-specify values were applicable for this variable. Adults, youths that did not report receiving services from either of these inpatient/residential sources in the past year, and youths that reported receiving services in the past year, but did not indicate a valid reason for receiving services at any of these locations were assigned to the unknown category.",,3
RECODED YOUTH MENTAL HEALTH SERVICE UTILIZATION,559,521,"YUHOANGR, YURSANGR",SIMHANG2,1,RC-REV YTH LST RCVD INPT SP MH SVC B/C ANGER CONTROL,"The following variable, SIMHANG2, indicates whether a respondent received their most recent mental health services from at least one inpatient specialty mental health source in the past year because they had trouble controlling anger. This recode was created by examination of the following source variables: stayed overnight in hospital (YUHOANGR) or residential treatment center (YURSANGR) because they had trouble controlling anger. None of the write-in other-specify values were applicable for this variable. Adults, youths that did not report receiving services from either of these inpatient/residential sources in the past year, and youths that reported receiving services in the past year, but did not indicate a valid reason for receiving services at any of these locations were assigned to the unknown category.",,3
RECODED YOUTH MENTAL HEALTH SERVICE UTILIZATION,559,521,"YUHOFITE, YURSFITE",SIMHFIT2,1,RC-REV YTH LST RCVD INPT SP MH SVC B/C PHYS FIGHT,"The following variable, SIMHFIT2, indicates whether a respondent received their most recent mental health services from at least one inpatient specialty mental health source in the past year because they were in physical fights. This recode was created by examination of the following source variables: stayed overnight in hospital (YUHOFITE) or residential treatment center (YURSFITE) because they were in physical fights. None of the write-in other-specify values were applicable for this variable. Adults, youths that did not report receiving services from either of these inpatient/residential sources in the past year, and youths that reported receiving services in the past year, but did not indicate a valid reason for receiving services at any of these locations were assigned to the unknown category.",,3
RECODED YOUTH MENTAL HEALTH SERVICE UTILIZATION,559,521,"YUHOFMLY, YURSFMLY",SIMHFML2,1,RC-REV YTH LST RCVD INPT SP MH SVC B/C HOME/FAM PROB,"The following variable, SIMHFML2, indicates whether a respondent received their most recent mental health services from at least one inpatient specialty mental health source in the past year because they had problems at home or in their family. This recode was created by examination of the following source variables: stayed overnight in hospital (YUHOFMLY) or residential treatment center (YURSFMLY) because they had problems at home or in their family, as well as the write-in other-specify variables: most important reason for staying overnight in a hospital or residential treatment center was because they had problems at home or in their family. A respondent was classified as having indicated that they received mental health services for this reason if any of the above source variables=1, 3 or if any of the write-in other-specify variables indicated home or family problems. Adults, youths that did not report receiving services from either of these inpatient sources in the past year, and youths that reported receiving services in the past year, but did not indicate a valid reason for receiving services at any of these locations were assigned to the unknown category.",,3
RECODED YOUTH MENTAL HEALTH SERVICE UTILIZATION,560,522,"YUHOFRND, YURSFRND",SIMHFRD2,1,RC-REV YTH LST RCVD INPT SP MH SVC B/C PROB W/FRND,"The following variable, SIMHFRD2, indicates whether a respondent received their most recent mental health services from at least one inpatient specialty mental health source in the past year because they had problems with a friend. This recode was created by examination of the following source variables: stayed overnight in hospital (YUHOFRND) or residential treatment center (YURSFRND) because they had problems with a friend. None of the write-in other-specify values were applicable for this variable. Adults, youths that did not report receiving services from either of these inpatient/residential sources in the past year, and youths that reported receiving services in the past year, but did not indicate a valid reason for receiving services at any of these locations were assigned to the unknown category.",,3
RECODED YOUTH MENTAL HEALTH SERVICE UTILIZATION,560,522,"YUHOOTPP, YURSOTPP",SIMHOTP2,1,RC-REV YTH LST RCVD INPT SP MH SVC B/C PRB W/OTH PERS,"The following variable, SIMHOTP2, indicates whether a respondent received their most recent mental health services from at least one inpatient specialty mental health source in the past year because they had problems with people other than family or friends. This recode was created by examination of the following source variables: stayed overnight in hospital (YUHOOTPP) or residential treatment center (YURSOTPP) because they had problems with people other than family or friends, as well as the corresponding write-in other-specify variables: most important reason for staying overnight in a hospital or residential treatment center was because they had problems with people other than family or friends. A respondent was classified as having indicated that they received inpatient mental health services for this reason if any of the above source variables=1, 3 or if any of the write-in other-specify variables indicated problems with others. Adults, youths that did not report receiving services from either of these inpatient sources in the past year, and youths that reported receiving services in the past year, but did not indicate a valid reason for receiving services at any of these locations were assigned to the unknown category.",,3
RECODED YOUTH MENTAL HEALTH SERVICE UTILIZATION,560,522,"YUHOSCHL, YURSSCHL",SIMHSCH2,1,RC-REV YTH LST RCVD INPT SP MH SVC B/C PROB AT SCH,"The following variable, SIMHSCH2, indicates whether a respondent received their most recent mental health services from at least one inpatient specialty mental health source in the past year because they had problems at school. This recode was created by examination of the following source variables: stayed overnight in hospital (YUHOSCHL) or residential treatment center (YURSSCHL) because they had problems at school. None of the write-in other-specify values were applicable for this variable. Adults, youths that did not report receiving services from either of these inpatient/residential sources in the past year, and youths that reported receiving services in the past year, but did not indicate a valid reason for receiving services at any of these locations were assigned to the unknown category.",,3
RECODED YOUTH MENTAL HEALTH SERVICE UTILIZATION,560,522,,SIMHMEN2,1,RC-REV YTH LST RCVD INPT SP MH SVC B/C DIAG MNTL DIS,"The following variable, SIMHMEN2, indicates whether a respondent received their most recent mental health services from at least one inpatient specialty mental health source in the past year because they had a diagnosed mental disorder. This recode was created based only on responses to other-specify write-in variables: most important reason for staying overnight in a hospital or residential treatment center was because they had a diagnosed mental disorder. A respondent was classified as having indicated that they received mental health services for this reason if any of the above other-specify variables indicated reasons related to mental disorders. Adults, youths that did not report receiving services from either of these inpatient sources in the past year, and youths that reported receiving services in the past year, but did not indicate a valid reason for receiving services at any of these locations were assigned to the unknown category.",,3
RECODED YOUTH MENTAL HEALTH SERVICE UTILIZATION,561,523,,SIMHOTH3,1,RC-YTH RCVD LAST SPEC MH SRVC IN PY B/C OTHER REASONS,"The following variable, SIMHOTH3, indicates whether a respondent received their most recent mental health services from at least one inpatient specialty mental health source in the past year because of some other reason. This recode was created based only on responses to other-specify write-in variables: most important reason for staying overnight in a hospital or residential treatment center was because of some other reason. A respondent was classified as having indicated that they received mental health services for this reason if any of the above other-specify variables indicated some other reason, not otherwise specified. Adults, youths that did not report receiving services from either of these inpatient sources in the past year, and youths that reported receiving services in the past year, but did not indicate a valid reason for receiving services at any of these locations were assigned to the unknown category.",,3
RECODED YOUTH MENTAL HEALTH SERVICE UTILIZATION,561,523,"YUDYDEPR, YUIHDEPR, YUMHDEPR, YUTPDEPR",SOMHDPR,1,RC-YTH RCVD LAST OUTPT SPEC MH SRVC B/C DEPRESSED,"The following variable, SOMHDPR, indicates whether a respondent received their most recent mental health services from at least one outpatient specialty mental health source in the past year because they were depressed. This recode was created by examination of the following source variables: visited a day treatment program (YUDYDEPR), mental health center (YUMHDEPR), private therapist (YUTPDEPR), and received treatment from in-home therapist (YUIHDEPR) because they were depressed. None of the write-in other-specify values were applicable for this variable. Adults, youths that did not report receiving services from any of the 4 outpatient sources in the past year, and youths that reported receiving services in the past year, but did not indicate a valid reason for receiving services at any of these locations were assigned to the unknown category.",,3
RECODED YOUTH MENTAL HEALTH SERVICE UTILIZATION,561,523,"YUDYFEAR, YUIHFEAR, YUMHFEAR, YUTPFEAR",SOMHFEA,1,RC-YTH RCVD LAST OUTPT SPEC MH SRVC B/C AFRAID/TENSE,"The following variable, SOMHFEA, indicates whether a respondent received their most recent mental health services from at least one outpatient specialty mental health source in the past year because they were afraid/tense. This recode was created by examination of the following source variables: visited a day treatment program (YUDYFEAR), mental health center (YUMHFEAR), private therapist (YUTPFEAR), and received treatment from an in-home therapist (YUIHFEAR) because they were afraid/tense. None of the write-in other-specify values were applicable for this variable. Adults, youths that did not report receiving services from any of the 4 outpatient sources in the past year, and youths that reported receiving services in the past year, but did not indicate a valid reason for receiving services at any of these locations were assigned to the unknown category.",,3
RECODED YOUTH MENTAL HEALTH SERVICE UTILIZATION,561,523,"YUDYBKRU, YUIHBKRU, YUMHBKRU, YUTPBKRU",SOMHBRK,1,RC-YTH RCVD LAST OUTPT SPEC MH SRVC B/C BROKE RULE,"The following variable, SOMHBRK, indicates whether a respondent received their most recent mental health services from at least one outpatient specialty mental health source in the past year because they broke rules or ""acted out"". This recode was created by examination of the following source variables: visited a day treatment program (YUDYBKRU), mental health center (YUMHBKRU), private therapist (YUTPBKRU), and received treatment from an in-home therapist (YUIHBKRU) because they broke rules or ""acted out"". None of the write-in other-specify values were applicable for this variable. Adults, youths that did not report receiving services from any of the 4 outpatient sources in the past year, and youths that reported receiving services in the past year, but did not indicate a valid reason for receiving services at any of these locations were assigned to the unknown category.",,3
RECODED YOUTH MENTAL HEALTH SERVICE UTILIZATION,562,524,"YUDYEATP, YUIHEATP, YUMHEATP, YUTPEATP",SOMHEAT,1,RC-YTH RCVD LAST OUTPT SPEC MH SRVC B/C EATING PROBS,"The following variable, SOMHEAT, indicates whether a respondent received their most recent mental health services from at least one outpatient specialty mental health source in the past year because they had eating problems. This recode was created by examination of the following source variables: visited a day treatment program (YUDYEATP), mental health center (YUMHEATP), private therapist (YUTPEATP), and received treatment from an in-home therapist (YUIHEATP) because they had eating problems. None of the write-in other-specify values were applicable for this variable. Adults, youths that did not report receiving services from any of the 4 outpatient sources in the past year, and youths that reported receiving services in the past year, but did not indicate a valid reason for receiving services at any of these locations were assigned to the unknown category.",,3
RECODED YOUTH MENTAL HEALTH SERVICE UTILIZATION,562,524,"YUDYANGR, YUIHANGR, YUMHANGR, YUTPANGR",SOMHANGR,1,RC-YTH RCVD LAST OUTPT SPEC MH SRVC B/C ANGER CONTROL,"The following variable, SOMHANGR, indicates whether a respondent received their most recent mental health services from at least one outpatient specialty mental health source in the past year because they had problems controlling anger. This recode was created by examination of the following source variables: visited a day treatment program (YUDYANGR), mental health center (YUMHANGR), private therapist (YUTPANGR), and received treatment from an in-home therapist (YUIHANGR) because they had trouble controlling anger. None of the write-in other-specify values were applicable for this variable. Adults, youths that did not report receiving services from any of the 4 outpatient sources in the past year, and youths that reported receiving services in the past year, but did not indicate a valid reason for receiving services at any of these locations were assigned to the unknown category.",,3
RECODED YOUTH MENTAL HEALTH SERVICE UTILIZATION,562,524,"YUDYFITE, YUIHFITE, YUMHFITE, YUTPFITE",SOMHFITE,1,RC-YTH RCVD LAST OUTPT SPEC MH SRVC B/C PHYS FIGHT,"The following variable, SOMHFITE, indicates whether a respondent received their most recent mental health services from at least one outpatient specialty mental health source in the past year because they were in physical fights. This recode was created by examination of the following source variables: visited a day treatment program (YUDYFITE), mental health center (YUMHFITE), private therapist (YUTPFITE), and received treatment from an in-home therapist (YUIHFITE) because they were in physical fights. None of the write-in other-specify values were applicable for this variable. Adults, youths that did not report receiving services from any of the 4 outpatient sources in the past year, and youths that reported receiving services in the past year, but did not indicate a valid reason for receiving services at any of these locations were assigned to the unknown category.",,3
RECODED YOUTH MENTAL HEALTH SERVICE UTILIZATION,562,524,"YUDYFMLY, YUIHFMLY, YUMHFMLY, YUTPFMLY",SOMHFMLY,1,RC-YTH RCVD LAST OUTPT SPEC MH SRVC B/C HOME/FAM PROB,"The following variable, SOMHFMLY, indicates whether a respondent received their most recent mental health services from at least one outpatient specialty mental health source in the past year because they had problems at home or in their family. This recode was created by examination of the following source variables: visited a day treatment program (YUDYFMLY), mental health center (YUMHFMLY), private therapist (YUTPFMLY), and received treatment from an in-home therapist (YUIHFMLY) because they had problems at home or in their family, as well as the write-in other-specify variables: most important reason for visits to a day treatment program, mental health center, private therapist, and treatment from an in-home therapist was because they had problems at home or in their family. A respondent was classified as having indicated that they received mental health services for this reason if any of the above source variables=1,3 or if any of the write-in other-specify variables indicated home or family problems. Adults, youths that did not report receiving services from any of the 4 outpatient sources in the past year, and youths that reported receiving services in the past year, but did not indicate a valid reason for receiving services at any of these locations were assigned to the unknown category.",,3
RECODED YOUTH MENTAL HEALTH SERVICE UTILIZATION,563,525,"YUDYFRND, YUIHFRND, YUMHFRND, YUTPFRND",SOMHFRND,1,RC-YTH RCVD LAST OUTPT SPEC MH SRVC B/C PROB W/ FRND,"The following variable, SOMHFRND, indicates whether a respondent received their most recent mental health services from at least one outpatient specialty mental health source in the past year because they had problems with a friend. This recode was created by examination of the following source variables: visited a day treatment program (YUDYFRND), mental health center (YUMHFRND), private therapist (YUTPFRND), and received treatment from an in-home therapist (YUIHFRND) because they had problems with a friend. None of the write-in other-specify values were applicable for this variable. Adults, youths that did not report receiving services from any of the 4 outpatient sources in the past year, and youths that reported receiving services in the past year, but did not indicate a valid reason for receiving services at any of these locations were assigned to the unknown category.",,3
RECODED YOUTH MENTAL HEALTH SERVICE UTILIZATION,563,525,"YUDYOTPP, YUIHOTPP, YUMHOTPP, YUTPOTPP",SOMHOTPP,1,RC-YTH RCVD LST OUTP SPC MH SRVC B/C PROB W/ OTH PERS,"The following variable, SOMHOTPP, indicates whether a respondent received their most recent mental health services from at least one outpatient specialty mental health source in the past year because they had had problems with people other than family or friends. This recode was created by examination of the following source variables: visited a day treatment program (YUDYOTPP), mental health center (YUMHOTPP), private therapist (YUTPOTPP), and received treatment from an in-home therapist (YUIHOTPP) because they had problems with people other than family or friends, as well as the write-in other-specify variables: most important reason visited a day treatment program, mental health center, private therapist, and received treatment from an in-home therapist was because they had problems with other people other than family or friends. A respondent was classified as having indicated that they received mental health services for this reason if any of the above source variables=1,3 or if any of the write-in other-specify variables indicated problems with others. Adults, youths that did not report receiving services from any of the 4 outpatient sources in the past year, and youths that reported receiving services in the past year, but did not indicate a valid reason for receiving services at any of these locations were assigned to the unknown category.",,3
RECODED YOUTH MENTAL HEALTH SERVICE UTILIZATION,563,525,"YUDYSCHL, YUIHSCHL, YUMHSCHL, YUTPSCHL",SOMHSCHL,1,RC-YTH RCVD LAST OUTPT SPEC MH SRVC B/C PROB AT SCH,"The following variable, SOMHSCHL, indicates whether a respondent received their most recent mental health services from at least one outpatient specialty mental health source in the past year because they had problems at school. This recode was created by examination of the following source variables: visited a day treatment program (YUDYSCHL), mental health center (YUMHSCHL), private therapist (YUTPSCHL), and received treatment from an in-home therapist (YUIHSCHL) because they had problems at school. None of the write-in other-specify values were applicable for this variable. Adults, youths that did not report receiving services from any of the 4 outpatient sources in the past year, and youths that reported receiving services in the past year, but did not indicate a valid reason for receiving services at any of these locations were assigned to the unknown category.",,3
RECODED YOUTH MENTAL HEALTH SERVICE UTILIZATION,563,525,,SOMHMEND,1,RC-YTH RCVD LAST OUTPT SPEC MH SRVC B/C DIAG MNTL DIS,"The following variable, SOMHMEND, indicates whether a respondent received their most recent mental health services from at least one outpatient specialty mental health source in the past year because they had a diagnosed mental disorder. This recode was based only on responses to other specify write-in variables: most important reason visited a day treatment program, mental health center, private therapist, and received treatment from an in-home therapist was because they had a diagnosed mental disorder. A respondent was classified as having indicated that they received mental health services for this reason if any of the above other-specify variables indicated reasons related to mental disorders. Adults, youths that did not report receiving services from any of the 4 outpatient sources in the past year, and youths that reported receiving services in the past year, but did not indicate a valid reason for receiving services at any of these locations were assigned to the unknown category.",,3
RECODED YOUTH MENTAL HEALTH SERVICE UTILIZATION,564,526,,SOMHOTH2,1,RC-YTH RCVD LAST OUTPT SPEC MH SRVC B/C OTHER REASONS,"The following variable, SOMHOTH2, indicates whether a respondent received their most recent mental health services from at least one outpatient specialty mental health source in the past year because of some other reasons. This recode was created based only on responses to other-specify write-in variables: most important reason visited a day treatment program, mental health center, private therapist, or received treatment from an in- home therapist was because of some other reason. A respondent was classified as having indicated that they received mental health services for this reason if any of the write-in other-specify variables indicated some other reason, not otherwise specified. Adults, youths that did not report receiving services from any of the 4 outpatient sources in the past year, and youths that reported receiving services in the past year, but did not indicate a valid reason for receiving services at any of these locations were assigned to the unknown category.",,3
RECODED YOUTH MENTAL HEALTH SERVICE UTILIZATION,564,526,"YUDYDEPR, YUHODEPR, YUIHDEPR, YUMHDEPR, YURSDEPR, YUTPDEPR",SMHDPR2,1,RC-REV YTH LST RCVD SP MH SVC IN PY BC DEPRESSED,"The following variable, SMHDPR2, indicates whether a respondent received their most recent mental health services from at least one specialty mental health source in the past year because they were depressed. This recode was created by examination of the following source variables: stayed overnight in hospital (YUHODEPR), residential treatment center (YURSDEPR), or visited a day treatment program (YUDYDEPR), mental health center (YUMHDEPR), private therapist (YUTPDEPR), or received treatment from an in-home therapist (YUIHDEPR) because they were depressed. None of the write-in other-specify values were applicable for this variable. Adults, youths that did not report receiving services from any of the 6 specialty sources in the past year, and youths that reported receiving services in the past year, but did not indicate a valid reason for receiving services at any of these locations were assigned to the unknown category.",,3
RECODED YOUTH MENTAL HEALTH SERVICE UTILIZATION,564,526,"YUDYFEAR, YUHOFEAR, YUIHFEAR, YUMHFEAR, YURSFEAR, YUTPFEAR",SMHFEA2,1,RC-REV YTH LST RCVD SP MH SVC IN PY BC AFRAID/TENSE,"The following variable, SMHFEA2, indicates whether a respondent received their most recent mental health services from at least one specialty mental health source in the past year because they were afraid/tense. This recode was created by examination of the following source variables: stayed overnight in hospital (YUHOFEAR), residential treatment center (YURSFEAR), or visited a day treatment program (YUDYFEAR), mental health center (YUMHFEAR), private therapist (YUTPFEAR), or received treatment from an in-home therapist (YUIHFEAR) because they were afraid/tense. None of the write-in other-specify values were applicable for this variable. Adults, youths that did not report receiving services from any of the 6 specialty sources in the past year, and youths that reported receiving services in the past year, but did not indicate a valid reason for receiving services at any of these locations were assigned to the unknown category.",,3
RECODED YOUTH MENTAL HEALTH SERVICE UTILIZATION,564,526,"YUDYBKRU, YUHOBKRU, YUIHBKRU, YUMHBKRU, YURSBKRU, YUTPBKRU",SMHBRK2,1,RC-REV YTH LST RCVD SP MH SVC IN PY BC BROKE RULES,"The following variable, SMHBRK2, indicates whether a respondent received their most recent mental health services from at least one specialty mental health source in the past year because they broke rules or ""acted out"". This recode was created by examination of the following source variables: stayed overnight in hospital (YUHOBKRU), residential treatment center (YURSBKRU), or visited a day treatment program (YUDYBKRU), mental health center (YUMHBKRU), private therapist (YUTPBKRU), or received treatment from an in-home therapist (YUIHBKRU) because they broke rules or ""acted out"". None of the write-in other-specify values were applicable for this variable. Adults, youths that did not report receiving services from any of the 6 specialty sources in the past year, and youths that reported receiving services in the past year, but did not indicate a valid reason for receiving services at any of these locations were assigned to the unknown category.",,3
RECODED YOUTH MENTAL HEALTH SERVICE UTILIZATION,565,527,"YUDYEATP, YUHOEATP, YUIHEATP, YUMHEATP, YURSEATP, YUTPEATP",SMHEAT2,1,RC-REV YTH LST RCVD SP MH SVC IN PY BC EATING PROBS,"The following variable, SMHEAT2, indicates whether a respondent received their most recent mental health services from at least one specialty mental health source in the past year because they had eating problems. This recode was created by examination of the following source variables: stayed overnight in hospital (YUHOEATP), residential treatment center (YURSEATP), or visited a day treatment program (YUDYEATP), mental health center (YUMHEATP), private therapist (YUTPEATP), or received treatment from an in-home therapist (YUIHEATP) because they had eating problems. None of the write-in other-specify values were applicable for this variable. Adults, youths that did not report receiving services from any of the 6 specialty sources in the past year, and youths that reported receiving services in the past year, but did not indicate a valid reason for receiving services at any of these locations were assigned to the unknown category.",,3
RECODED YOUTH MENTAL HEALTH SERVICE UTILIZATION,565,527,"YUDYANGR, YUHOANGR, YUIHANGR, YUMHANGR, YURSANGR, YUTPANGR",SMHANGR2,1,RC-REV YTH LST RCVD SP MH SVC IN PY BC ANGER CNTRL,"The following variable, SMHANGR2, indicates whether a respondent received their most recent mental health services from at least one specialty mental health source in the past year because they had trouble controlling anger. This recode was created by examination of the following source variables: stayed overnight in hospital (YUHOANGR), residential treatment center (YURSANGR), or visited a day treatment program (YUDYANGR), mental health center (YUMHANGR), private therapist (YUTPANGR), or received treatment from an in-home therapist (YUIHANGR) because they had trouble controlling anger. None of the write-in other-specify values were applicable for this variable. Adults, youths that did not report receiving services from any of the 6 specialty sources in the past year, and youths that reported receiving services in the past year, but did not indicate a valid reason for receiving services at any of these locations were assigned to the unknown category.",,3
RECODED YOUTH MENTAL HEALTH SERVICE UTILIZATION,565,527,"YUDYFITE, YUHOFITE, YUIHFITE, YUMHFITE, YURSFITE, YUTPFITE",SMHFITE2,1,RC-REV YTH LST RCVD SP MH SVC IN PY BC PHYS FIGHT,"The following variable, SMHFITE2, indicates whether a respondent received their most recent mental health services from at least one specialty mental health source in the past year because they were in physical fights. This recode was created by examination of the following source variables: stayed overnight in hospital (YUHOFITE), residential treatment center (YURSFITE), or visited a day treatment program (YUDYFITE), mental health center (YUMHFITE), private therapist (YUTPFITE), or received treatment from an in-home therapist (YUIHFITE) because they were in physical fights. None of the write-in other-specify values were applicable for this variable. Adults, youths that did not report receiving services from any of the 6 specialty sources in the past year, and youths that reported receiving services in the past year, but did not indicate a valid reason for receiving services at any of these locations were assigned to the unknown category.",,3
RECODED YOUTH MENTAL HEALTH SERVICE UTILIZATION,565,527,"YUDYFMLY, YUHOFMLY, YUIHFMLY, YUMHFMLY, YURSFMLY, YUTPFMLY",SMHFMLY2,1,RC-YTH RCVD LAST SPEC MH SRVC IN PY B/C HOME/FAM PRB,"The following variable, SMHFMLY2, indicates whether a respondent received their most recent mental health services from at least one specialty mental health source in the past year because they had problems at home or in their family. This recode was created by examination of the following source variables: stayed overnight in hospital (YUHOFMLY), residential treatment center (YURSFMLY), or visited a day treatment program (YUDYFMLY), mental health center (YUMHFMLY), private therapist (YUTPFMLY), or received treatment from an in-home therapist (YUIHFMLY) because they had problems at home or in their family, as well as the write-in other-specify variables: most important reason for staying overnight in a hospital, residential treatment center, or visited a day treatment program, mental health center, private therapist, or received treatment from an in-home therapist was because they had problems at home or in their family. A respondent was classified as having indicated that they received mental health services for this reason if any of the above source variables=1, 3 or if any of the write-in other-specify variables indicated home or family problems. Adults, youths that did not report receiving services from any of the 6 specialty sources in the past year, and youths that reported receiving services in the past year, but did not indicate a valid reason for receiving services at any of these locations were assigned to the unknown category.",,3
RECODED YOUTH MENTAL HEALTH SERVICE UTILIZATION,566,528,"YUDYFRND, YUHOFRND, YUIHFRND, YUMHFRND, YURSFRND, YUTPFRND",SMHFRND2,1,RC-REV YTH LST RCVD SP MH SVC IN PY BC PROB W/FRND,"The following variable, SMHFRND2, indicates whether a respondent received their most recent mental health services from at least one specialty mental health source in the past year because they had problems with a friend. This recode was created by examination of the following source variables: stayed overnight in hospital (YUHOFRND), residential treatment center (YURSFRND), or visited a day treatment program (YUDYFRND), mental health center (YUMHFRND), private therapist (YUTPFRND), or received treatment from an in-home therapist (YUIHFRND) because they had problems with a friend. None of the write-in other-specify values were applicable for this variable. Adults, youths that did not report receiving services from any of the 6 specialty sources in the past year, and youths that reported receiving services in the past year, but did not indicate a valid reason for receiving services at any of these locations were assigned to the unknown category.",,3
RECODED YOUTH MENTAL HEALTH SERVICE UTILIZATION,566,528,"YUDYOTPP, YUHOOTPP, YUIHOTPP, YUMHOTPP, YURSOTPP, YUTPOTPP",SMHOTPP2,1,RC-YTH RCVD LST SPC MH SRVC IN PY B/C PRB W/ OTH PERS,"The following variable, SMHOTPP2, indicates whether a respondent received their most recent mental health services from at least one specialty mental health source in the past year because they had problems with people other than family or friends. This recode was created by examination of the following source variables: stayed overnight in hospital (YUHOOTPP), residential treatment center (YURSOTPP), or visited a day treatment program (YUDYOTPP), mental health center (YUMHOTPP), private therapist (YUTPOTPP), or received treatment from an in-home therapist (YUIHOTPP) because they had problems with other people other than family or friends, as well as the write-in other-specify variables: most important reason for staying overnight in a hospital, residential treatment center, or visits to a day treatment program, mental health center, private therapist, or received treatment from an in-home therapist because they had problems with other people other than family or friends. A respondent was classified as having indicated that they received mental health services for this reason if any of the above source variables=1, 3 or if any of the write-in other-specify variables indicated problems with others. Adults that did not report receiving services from any of the 6 specialty sources in the past year, and youths that reported receiving services in the past year, but did not indicate a valid reason for receiving services at any of these locations were assigned to the unknown category.",,3
RECODED YOUTH MENTAL HEALTH SERVICE UTILIZATION,566,528,"YUDYSCHL, YUHOSCHL, YUIHSCHL, YUMHSCHL, YURSSCHL, YUTPSCHL",SMHSCHL2,1,RC-REV YTH LST RCVD SP MH SVC IN PY BC PROB AT SCH,"The following variable, SMHSCHL2, indicates whether a respondent received their most recent mental health services from at least one specialty mental health source in the past year because they had problems at school. This recode was created by examination of the following source variables: stayed overnight in hospital (YUHOSCHL), residential treatment center (YURSSCHL), or visited a day treatment program (YUDYSCHL), mental health center (YUMHSCHL), private therapist (YUTPSCHL), or received treatment from an in-home therapist (YUIHSCHL) because they had problems at school. None of the write-in other-specify values were applicable for this variable. Adults, youths that did not report receiving services from any of the 6 specialty sources in the past year, and youths that reported receiving services in the past year, but did not indicate a valid reason for receiving services at any of these locations were assigned to the unknown category.",,3
RECODED YOUTH MENTAL HEALTH SERVICE UTILIZATION,566,528,,SMHMEND2,1,RC-YTH RCVD LAST SPEC MH SRVC IN PY B/C DIAG MNTL DIS,"The following variable, SMHMEND2, indicates whether a respondent received their most recent mental health services from at least one specialty mental health source in the past year because they had a diagnosed mental disorder. This recode was created based only on responses to other- specify write-in variables: most important reason for staying overnight in a hospital, residential treatment center, or visited a day treatment program, mental health center, private therapist, or received treatment from an in-home therapist was because they had a diagnosed mental disorder. A respondent was classified as having indicated that they received mental health services for this reason if any of the above other-specify variables indicated reasons related to mental disorders. Adults, youths that did not report receiving services from any of the 6 specialty sources in the past year, and youths that reported receiving services in the past year, but did not indicate a valid reason for receiving services at any of these locations were assigned to the unknown category.",,3
RECODED YOUTH MENTAL HEALTH SERVICE UTILIZATION,567,529,,SMHOTH3,1,RC-YTH RCVD LAST SPEC MH SRVC IN PY B/C OTHER REASONS,"The following variable, SMHOTH3, indicates whether a respondent received their most recent mental health services from at least one specialty mental health source in the past year because of some other reason. This recode was created based only on responses to other-specify write-in variables: most important reason for staying overnight in a hospital, residential treatment center, or visited a day treatment program, mental health center, private therapist, or received treatment from an in-home therapist because of some other reason. A respondent was classified as having indicated that they received mental health services for this reason if any of the above other-specify variables indicated some other reason. Adults, youths that did not report receiving services from any of the 6 specialty sources in the past year, and youths that reported receiving services in the past year, but did not indicate a valid reason for receiving services at any of these locations were assigned to the unknown category.","NOTE: The following 12 variables contain the reasons youths last talked with their school social worker, school psychologist, or school counselor in the past year. The following variables, SHSWXXX, indicate whether a respondent last talked with their school social worker, school psychologist, or school counselor in the past year because of respective reasons. Youths were assigned a ""Reason not indicated"" for the specific reason if they did not indicate that specific reason for their last talk with their school social worker, school psychologist, or school counselor (YUSWXXXX=6) but did indicate one of the other 12 reasons. Adults, youths that did not report or had unknown information about receiving services from a school social worker, school psychologist, or school counselor in the past year, and youths that reported receiving services in the past year, but did not indicate any valid reason for receiving services were assigned to the unknown category.",3
RECODED YOUTH MENTAL HEALTH SERVICE UTILIZATION,567,529,YUSWDEPR,SHSWDPR,1,RC-YTH LAST TLKD W/ SCH SOC WRKR IN PY B/C DEPRESSED,,,3
RECODED YOUTH MENTAL HEALTH SERVICE UTILIZATION,567,529,YUSWFEAR,SHSWFEA,1,RC-YTH LAST TLKD W/ SCH SOC WRKR IN PY B/C AFRD/TENSE,,,3
RECODED YOUTH MENTAL HEALTH SERVICE UTILIZATION,567,529,YUSWBKRU,SHSWBRK,1,RC-YTH LAST TLKD W/ SCH SOC WRKR IN PY B/C BROKE RULE,,,3
RECODED YOUTH MENTAL HEALTH SERVICE UTILIZATION,567,529,YUSWEATP,SHSWEAT,1,RC-YTH LAST TLKD W/ SCH SOC WRKR IN PY B/C EATNG PROB,,,3
RECODED YOUTH MENTAL HEALTH SERVICE UTILIZATION,567,529,YUSWANGR,SHSWANGR,1,RC-YTH LAST TLKD W/ SCH SOC WRKR IN PY B/C ANGR CNTRL,,,3
RECODED YOUTH MENTAL HEALTH SERVICE UTILIZATION,567,529,YUSWFITE,SHSWFITE,1,RC-YTH LAST TLKD W/ SCH SOC WRKR IN PY B/C PHYS FIGHT,,,3
RECODED YOUTH MENTAL HEALTH SERVICE UTILIZATION,568,530,YUSWFMLY,SHSWFMLY,1,RC-YTH LAST TLKD W/ SCH SOC WKR IN PY B/C HME/FAM PRB,,,3
RECODED YOUTH MENTAL HEALTH SERVICE UTILIZATION,568,530,YUSWFRND,SHSWFRND,1,RC-YTH LAST TLKD W/ SCH SOC WRKR IN PY B/C FRND PROB,,,3
RECODED YOUTH MENTAL HEALTH SERVICE UTILIZATION,568,530,YUSWOTPP,SHSWOTPP,1,RC-YTH LAST TLKD W/ SCH SOC WRKR IN PY B/C PRB W/ OTH,,,3
RECODED YOUTH MENTAL HEALTH SERVICE UTILIZATION,568,530,YUSWSCHL,SHSWSCHL,1,RC-YTH LAST TLKD W/ SCH SOC WRKR IN PY B/C SCHL PROB,,"NOTE: The following two variables indicate whether a respondent last talked with their school social worker, school psychologist, or school counselor in the past year because they had a self-reported mental disorder or because of some other reason.",3
RECODED YOUTH MENTAL HEALTH SERVICE UTILIZATION,568,530,,SHSWMEND,1,RC-YTH LAST TLKD W/ SCH SOC WRK IN PY B/C SR MNTL DISDR,,,3
RECODED YOUTH MENTAL HEALTH SERVICE UTILIZATION,568,530,,SHSWOTH2,1,RC-YTH LAST TLKD W/ SCH SOC WRKR IN PY B/C OTH REASON,"For the following variable, SHSWOTH2, a respondent was classified as having indicated that they talked with school social worker for some other reason.","NOTE: The following 12 variables contain the reasons youths last talked with their family doctor or pediatrician in the past year. The following variables, FDOCXXX, indicate whether a respondent last talked with their family doctor or pediatrician in the past year because of respective reasons. Youths were assigned a ""Reason not indicated"" for the specific reason if they did not indicate that specific reason for their last talk with their family doctor or pediatrician (YUFDXXXX=6) but did indicate one of the other 12 reasons. Adults, youths that did not report or had unknown information about receiving services from a family doctor or pediatrician in the past year, and youths that reported receiving services in the past year, but did not indicate any valid reason for receiving services were assigned to the unknown category.",3
RECODED YOUTH MENTAL HEALTH SERVICE UTILIZATION,568,530,YUFDDEPR,FDOCDPR,1,RC-YTH LAST SAW FAM DOC IN PY B/C DEPRESSED,,,3
RECODED YOUTH MENTAL HEALTH SERVICE UTILIZATION,569,531,YUFDFEAR,FDOCFEA,1,RC-YTH LAST SAW FAM DOC IN PY B/C AFRAID/TENSE,,,3
RECODED YOUTH MENTAL HEALTH SERVICE UTILIZATION,569,531,YUFDBKRU,FDOCBRK,1,RC-YTH LAST SAW FAM DOC IN PY B/C BROKE RULES,,,3
RECODED YOUTH MENTAL HEALTH SERVICE UTILIZATION,569,531,YUFDEATP,FDOCEAT,1,RC-YTH LAST SAW FAM DOC IN PY B/C EATING PROBS,,,3
RECODED YOUTH MENTAL HEALTH SERVICE UTILIZATION,569,531,YUFDANGR,FDOCANGR,1,RC-YTH LAST SAW FAM DOC IN PY B/C ANGER CONTROL,,,3
RECODED YOUTH MENTAL HEALTH SERVICE UTILIZATION,569,531,YUFDFITE,FDOCFITE,1,RC-YTH LAST SAW FAM DOC IN PY B/C PHYS FIGHT,,,3
RECODED YOUTH MENTAL HEALTH SERVICE UTILIZATION,569,531,YUFDFMLY,FDOCFMLY,1,RC-YTH LAST SAW FAM DOC IN PY B/C HOME/FAM PROB,,,3
RECODED YOUTH MENTAL HEALTH SERVICE UTILIZATION,569,531,YUFDFRND,FDOCFRND,1,RC-YTH LAST SAW FAM DOC IN PY B/C PROB W/ FRND,,,3
RECODED YOUTH MENTAL HEALTH SERVICE UTILIZATION,569,531,YUFDOTPP,FDOCOTPP,1,RC-YTH LAST SAW FAM DOC IN PY B/C PROB W/ OTHER PERS,,,3
RECODED YOUTH MENTAL HEALTH SERVICE UTILIZATION,569,531,YUFDSCHL,FDOCSCHL,1,RC-YTH LAST SAW FAM DOC IN PY B/C PROB AT SCH,,NOTE: The following two variables indicate whether a respondent last talked with their family doctor or pediatrician in the past year because they had a self-reported mental disorder or because of some other reason.,3
RECODED YOUTH MENTAL HEALTH SERVICE UTILIZATION,570,532,,FDOCMEND,1,RC-YTH LAST SAW FAM DOC IN PY B/C SR MNTL DISDR,,,3
RECODED YOUTH MENTAL HEALTH SERVICE UTILIZATION,570,532,,FDOCOTH2,1,RC-YTH LAST SAW FAM DOC IN PY B/C OTHER REASONS,"For the following variable, FDOCOTH2, a respondent was classified as having indicated that they talked with their family doctor or pediatrician for some other reason.","NOTE: The following four variables were created by using a combination of variables from the following sections: Recoded Youth Mental Health Service Utilization and Recoded Drug Treatment. Specifications on how the individual Recoded Youth Mental Health Service Utilization variables were defined can be found above. Specifications on how the individual Recoded Drug Treatment variable was defined can be found in the Recoded Drug Treatment section. The following four variables were created based on three source variables: received specialty mental health services in the past year (ANYSMH2), received non-specialty mental health services in the past year (ANYNSMH), and received substance use treatment at a specialty facility in the past year (TXYRSPILAL). The following variable, YMHOSPTX, indicates whether a youth reported receiving mental health services in the past year or substance use treatment at a specialty facility in the past year. A respondent was assigned a positive response if they were 12 to 17 years old and received specialty/non-specialty mental health services, or received substance use treatment at a specialty facility in the past year (AGE2=1-6 and ((ANYSMH2=1 or ANYNSMH=1) or TXYRSPILAL=1)). A respondent was assigned a negative response if they were 12 to 17 years old and did not receive specialty or non-specialty mental health services, and did not receive substance use treatment at a specialty facility in the past year (AGE3=1-3 and (ANYSMH2=0 and ANYNSMH=0) and TXYRSPILAL=0).",3
RECODED YOUTH MENTAL HEALTH SERVICE UTILIZATION,570,532,"ANYNSMH, ANYSMH2, TXYRSPILAL",YMHOSPTX,1,RC-YOUTH: RCVD MH SRVC OR SUB TRT AT SPEC FAC IN PST YR,,,3
RECODED YOUTH MENTAL HEALTH SERVICE UTILIZATION,570,532,"ANYNSMH, ANYSMH2, TXYRSPILAL",YMHNSPTX,1,RC-YOUTH: RCVD MH SRVC BUT NOT SUB TRT AT SPEC FAC IN PST YR,"The following variable, YMHNSPTX, indicates whether a youth reported receiving mental health services in the past year but not substance use treatment at a specialty facility in the past year. A respondent was assigned a positive response if they were 12 to 17 years old and received specialty or non-specialty mental health services, but did not receive substance use treatment at a specialty facility in the past year (AGE3=1-3 and (ANYSMH2=1 or ANYNSMH=1) and TXYRSPILAL=0). A respondent was assigned a negative response if they were 12 to 17 years old and they either did not receive specialty or non-specialty mental health services, or they received substance use treatment at a specialty facility in the past year (AGE3=1-3 and ((ANYSMH2=0 and ANYNSMH=0) or TXYRSPILAL=1)).",,3
RECODED YOUTH MENTAL HEALTH SERVICE UTILIZATION,570,532,"ANYNSMH, ANYSMH2, TXYRSPILAL",YSPTXNMH,1,RC-YOUTH: RCVD SUB TRT AT SPEC FAC BUT NOT MH SRVC IN PST YR,"The following variable, YSPTXNMH, indicates whether a youth reported receiving substance use treatment at specialty facility in the past year but not receiving mental health services in the past year. A respondent was assigned a positive response if they were 12 to 17 years old and did not receive specialty or non-specialty mental health services, but did receive substance use treatment at a specialty facility in the past year (AGE3=1-3 and (ANYSMH2=0 and ANYNSMH=0) and TXYRSPILAL=1). A respondent was assigned a negative response if they were 12 to 17 years old and either received specialty or non-specialty mental health services, or they did not receive substance use treatment at a specialty facility in the past year (AGE3=1-3 and ((ANYSMH2=1 or ANYNSMH=1) or TXYRSPILAL=0)).",,3
RECODED YOUTH MENTAL HEALTH SERVICE UTILIZATION,571,533,"ANYNSMH, ANYSMH2, TXYRSPILAL",YMHASPTX,1,RC-YOUTH: RCVD BOTH MH SRVC AND SUB TRT AT SPEC FAC IN PY,"The following variable, YMHASPTX, indicates whether a youth reported receiving both mental treatment services and substance use treatment at specialty facility in the past year. A respondent was assigned a positive response if they were 12 to 17 years old and received specialty or non- specialty mental health services, and received substance use treatment at a specialty facility in the past year (AGE3=1-3 and (ANYSMH2=1 or ANYNSMH=1) and TXYRSPILAL=1). A respondent was assigned a negative response if they were 12 to 17 years old and did not receive specialty or non-specialty mental health services, or did not receive substance use treatment at a specialty facility in the past year (AGE3=1-3 and ((ANYSMH2=0 and ANYNSMH=0) or TXYRSPILAL=0)).","NOTE: The following two variables were created by using a combination of variables from the following sections: Recoded Youth Mental Health Service Utilization and Recoded Drug Treatment. Specifications on how the individual Recoded Youth Mental Health Service Utilization variables were defined can be found above. Specifications on how the individual Recoded Drug Treatment variable was defined can be found in the Recoded Drug Treatment section. The following two variables were created based on four source variables: received specialty mental health services in the past year (ANYSMH2), received non-specialty mental health services in the past year (ANYNSMH), received virtual mental health services in the past year (YUMHTELYR2), and received substance use treatment at a specialty facility in the past year (TXYRSPILAL). The following variable, YMHVROSPTX, indicates whether a youth reported receiving mental health services (including virtual services) in the past year or substance use treatment at a specialty facility in the past year. A respondent was assigned a positive response if they were 12 to 17 years old and received specialty, non-specialty, or virtual mental health services, or received substance use treatment at a specialty facility in the past year (AGE3=1-3 and ((ANYSMH2=1 or ANYNSMH=1 or YUMHTELYR2=1) or TXYRSPILAL=1)). A respondent was assigned a negative response if they were 12 to 17 years old and did not receive specialty, non-specialty, or virtual mental health services, and did not receive substance use treatment at a specialty facility in the past year (AGE3=1-3 and (ANYSMH2=0 and ANYNSMH=0 and YUMHTELYR2=0) and TXYRSPILAL=0).",3
RECODED YOUTH MENTAL HEALTH SERVICE UTILIZATION,571,533,"ANYNSMH, ANYSMH2, TXYRSPILAL, YUMHTELYR2",YMHVROSPTX,1,RC-YTH: RCVD MH/VIRTUAL SRVC OR SUB TRT AT SPEC FAC - PY,,,3
RECODED YOUTH MENTAL HEALTH SERVICE UTILIZATION,571,533,"ANYNSMH, ANYSMH2, TXYRSPILAL, YUMHTELYR2",YMHVRNSPTX,1,RC-YTH: RCVD MH/VIRTUAL SRVC BUT NOT SUB TRT AT SPEC FAC-PY,"The following variable, YMHVRNSPTX, indicates whether a youth reported receiving mental health services (including virtual services) in the past year but not substance use treatment at a specialty facility in the past year. A respondent was assigned a positive response if they were 12 to 17 years old and received specialty, non-specialty, or virtual mental health services, but did not receive substance use treatment at a specialty facility in the past year (AGE3=1-3 and (ANYSMH2=1 or ANYNSMH=1 or YUMHTELYR2=1) and TXYRSPILAL=0). A respondent was assigned a negative response if they were 12 to 17 years old and they either did not receive specialty, non-specialty, or virtual mental health services, or they received substance use treatment at a specialty facility in the past year (AGE3=1-3 and ((ANYSMH2=0 and ANYNSMH=0 and YUMHTELYR2=0) or TXYRSPILAL=1)).",NOTE: The following four variables present youth suicide information based on responses to the youth suicidal ideation screen.,3
RECODED YOUTH MENTAL HEALTH SERVICE UTILIZATION,571,533,YUSUITHK,YUSUITHKYR,1,RC-YOUTH SERIOUSLY THOUGHT ABOUT KILLING SELF PAST YEAR,,,5
RECODED YOUTH MENTAL HEALTH SERVICE UTILIZATION,571,533,YUCOSUITHK,YUCOSUITHK2,1,RC-YTH SERIOUSLY THOUGHT ABOUT KILLING SELF DUE COVID PY,,,3
RECODED YOUTH MENTAL HEALTH SERVICE UTILIZATION,572,534,YUSUIPLN,YUSUIPLNYR,1,RC-YOUTH MADE PLANS TO KILL SELF IN PAST YEAR,,,5
RECODED YOUTH MENTAL HEALTH SERVICE UTILIZATION,572,534,YUCOSUIPLN,YUCOSUIPLN2,1,RC-YTH MADE PLANS TO KILL SELF DUE TO COVID-19 PAST YEAR,,,3
ADOLESCENT DEPRESSION,573,535,YDS21,YODPREV1,2,EVER HAD SEVERAL DAYS WHRE FELT SAD/EMPTY/DEPRSSD,"The values in this section may be inconsistent with values for variables in other sections of the interview. Items in this section were edited when respondents legitimately skipped out of these items based on prior answers in earlier sections. Otherwise, variables in one section of the interview generally were not edited to make them consistent with variables in another section of the interview. This note applies to variables in this section marked by a1. Have you ever in your life had a period of time lasting several days or longer when most of the day you felt sad, empty, or depressed?",,7
ADOLESCENT DEPRESSION,573,535,YDS22,YODSCEV1,2,EVER HAD PER OF TIME WHERE FELT DISCRGD OR HPELSS,Have you ever had a period of time lasting several days or longer when most of the day you felt very discouraged or hopeless about how things were going in your life?,,6
ADOLESCENT DEPRESSION,573,535,YDS23,YOLOSEV1,2,EVER HAD PER OF TIME LST INTRST IN ENJOYABLE THGS,"Have you ever had a period of time lasting several days or longer when you lost interest and became bored with most things you usually enjoy, like work, hobbies, and personal relationships?",,6
ADOLESCENT DEPRESSION,573,535,YD01,YODPDISC1,2,FEEL DISCRGD ABOUT LIFE WHEN SAD/EMPTY/DEPRESSED,"During times when you felt sad, empty, or depressed most of the day, did you ever feel discouraged about how things were going in your life?",,7
ADOLESCENT DEPRESSION,574,536,"YD01A, YD01B",YODPLSIN1,2,EVER LOSE INT IN THINGS WHEN SAD/EMPTY/DEPRESSED,"During the times when you felt sad, empty, or depressed, did you ever lose interest and become really bored with most things like school, work, hobbies, and other things that are usually fun for you, like listening to music, watching TV, movies, or sports, playing computer games, or going out with friends?",,7
ADOLESCENT DEPRESSION,574,536,YD02,YODSLSIN1,2,EVER LOSE INT IN THGS WHEN FEELING DISCOURGAGED,"During times when you felt discouraged about how things were going in your life, did you ever lose interest and become really bored with most things like school, work, hobbies, and other things that are usually fun for you, like listening to music, watching TV, movies, or sports, playing computer games, or going out with friends?",,5
ADOLESCENT DEPRESSION,574,536,YD09,YOLSI2WK1,2,PERIOD OF TIME LASTED EVERY DAY FOR 2 WKS /LNGR,Did you ever have a period of time like this that lasted most of the day almost every day for two weeks or longer?,,5
ADOLESCENT DEPRESSION,574,536,YD12,YODPR2WK1,2,TIME WHEN [FEELFILL] LSTD EVRYDY 2 WKS OR LNGR,"Think about the times when you [FEELFILL]. Did you ever have a period of time like this that lasted most of the day, almost every day, for two weeks or longer?",,7
ADOLESCENT DEPRESSION,574,536,YD16,YOWRHRS1,2,TIME THAT MOST SEVERE/FREQUENT MOOD LASTED,"Think of times lasting two weeks or longer when [NUMPROBS] with your mood [WASWERE] most severe and frequent. During those times, how long did your [FEELNOUN] usually last?",,9
ADOLESCENT DEPRESSION,575,537,YD17,YOWRDST1,2,HOW STRONG WERE BAD FEELINGS DURING 2 WKS,"Still thinking of times lasting two weeks or longer when [NUMPROBS] with your mood [WASWERE] most severe and frequent, how strong were your bad feelings during those times?",,8
ADOLESCENT DEPRESSION,575,537,YD18,YOWRCHR1,2,BAD FEELINGS SO SEVERE NOTHING COULD CHEER YOU UP,"Again, think of times lasting two weeks or longer when [NUMPROBS] with your mood [WASWERE] most severe and frequent. How often, during those times, did you feel so bad that nothing could cheer you up?",,8
ADOLESCENT DEPRESSION,575,537,YD19,YOWRIMP1,2,MOOD SO SEVERE COULDN'T DO DLY ACTIVITIES,"Once again, please think of times lasting two weeks or longer when [NUMPROBS] with your mood [WASWERE] most severe and frequent. How often, during those times, did you feel so bad that you could not carry out your daily activities?",,8
ADOLESCENT DEPRESSION,575,537,YD21,YODPPROB1,2,EVER HAVE OTH PRBLMS DURING 2 WKS OR LONGER,People who have problems with their mood often have other problems at the same time. These problems may include things like changes in: - sleep - eating - energy - the ability to keep their mind on things - feeling badly about themselves Did you ever have any of these problems during a period of time when you [FEELFILL] for two weeks or longer?,,6
ADOLESCENT DEPRESSION,576,538,YD22,YOWRPROB1,2,ONE PARTICULAR TIME THAT IS THE WORST ONE EVER,Think again about these other problems we just mentioned. They include things like changes in: - sleep - eating - energy - the ability to keep their mind on things - feeling badly about themselves Can you think of the worst time when you [FEELFILL] for two weeks or longer and also had these other problems at the same time?,,6
ADOLESCENT DEPRESSION,576,538,"YD22A, YD22C",YOWRAGE1,3,AGE WHEN WORST PERIOD OF TIME STARTED,How old were you when that worst period of time started? Then think of the most recent time you [FEELFILL] for two weeks or longer and you had these other problems at the same time. How old were you when that time started?,,5
ADOLESCENT DEPRESSION,576,538,YD24A,YOWRDEPR1,2,WHEN PRBLMS WORST FELT SAD/EMPTY/DPRSD EVERY DAY,"In answering the next questions, think about the period of time/most recent period of time when your [FEELNOUN] and other problems were the worst. During that time, did you feel sad, empty, or depressed for most of the day nearly every day?",,6
ADOLESCENT DEPRESSION,576,538,YD24C,YOWRDISC1,2,WHEN PRBLMS WRST FELT DISCRGED ABT LIFE EVERY DAY,"During that [TIMEFILL] period of time, did you feel discouraged about how things were going in your life most of the day nearly every day?",,6
ADOLESCENT DEPRESSION,577,539,YD24E,YOWRLSIN1,2,WHEN PRBLMS WORST LOSE INTRST IN ENJOYABLE THINGS,"During that [TIMEFILL] period of time, did you become bored with almost everything like school, work, hobbies, and things you like to do for fun?",,6
ADOLESCENT DEPRESSION,577,539,YD24F,YOWRPLSR1,2,WHEN PRBLMS WORST FEEL NO FUN IN GOOD THINGS,"During that [TIMEFILL] period of time, did you feel like nothing was fun even when good things were happening?",,6
ADOLESCENT DEPRESSION,577,539,YD26A,YOWRELES1,2,WHEN PRBLMS WORST EAT LESS THAN USUAL EVERY DAY,"The next questions are about changes in appetite and weight. In answering these questions, think about the period of time/most recent period of time when your [FEELNOUN] and other problems were the worst. Did you eat much less than usual almost every day during that time?",,6
ADOLESCENT DEPRESSION,577,539,YD26B,YOWREMOR1,2,WHEN PRBLMS WORST EAT MORE THAN USUAL EVERY DAY,Did you eat much more than usual almost every day?,,6
ADOLESCENT DEPRESSION,577,539,YD26C,YOWRGAIN1,2,WHEN PRBLMS WORST DID YOU GAIN WEIGHT W/O TRYING,Did you gain weight without trying to during that [TIMEFILL] period of time?,,6
ADOLESCENT DEPRESSION,578,540,YD26C1,YOWRGROW1,2,WHEN PRBLMS WORST GAIN WGHT W/O TRYING BC GROWING,Did you gain weight without trying to because you were growing?,,6
ADOLESCENT DEPRESSION,578,540,YD26C2,YOWRPREG1,2,WHEN PRBLMS WRST GAIN WGHT W/O TRYING BC PREGNANT,Did you gain weight without trying to because you were pregnant?,,3
ADOLESCENT DEPRESSION,578,540,YD26D,YOWRGNL21,3,WHEN PRBLMS WORST # LBS GAINED WITHOUT TRYING,How many pounds did you gain? Please enter your answer as a whole number.,,12
ADOLESCENT DEPRESSION,578,540,YD26E,YOWRLOSE1,2,WHEN PRBLMS WORST DID YOU LOSE WEIGHT W/O TRYING,Did you lose weight without trying to?,,6
ADOLESCENT DEPRESSION,578,540,YD26E1,YOWRDIET1,2,WHEN PRBLMS WORST LOSE WGHT W/O TRYING BC SICK/DT,Did you lose weight without trying to because you were sick or on a diet?,,6
ADOLESCENT DEPRESSION,579,541,YD26F,YOWRLSL21,3,WHEN PRBLMS WORST # LBS LOST WITHOUT TRYING,How many pounds did you lose? Please enter your answer as a whole number.,,12
ADOLESCENT DEPRESSION,579,541,YD26G,YOWRSLEP1,2,WHEN PRBLMS WORST HAVE PRBS SLEEPING/WAKING EARLY,"Again, please think about the period of time/most recent period of time when your [FEELNOUN] and other problems were the worst. Did you have a lot more trouble than usual falling asleep or staying asleep most nights or waking too early most mornings during that [TIMEFILL] time?",,6
ADOLESCENT DEPRESSION,579,541,YD26H,YOWRSMOR1,2,WHEN PRBLMS WORST SLEEP A LOT MORE THAN USUAL,"During that [TIMEFILL] period of time, did you sleep a lot more than usual?",,6
ADOLESCENT DEPRESSION,579,541,YD26J,YOWRENRG1,2,WHEN PRBLMS WORST FEEL TIRED/LOW ON ENERGY EVRYDY,"On most days during that [TIMEFILL] period of time, did you feel that you didn't have much energy?",,6
ADOLESCENT DEPRESSION,580,542,YD26L,YOWRSLOW1,2,WHEN PRBLMS WORST TALK/MOVE SLOWER THAN USUAL,Did you feel as though you were talking or moving more slowly than usual on most days during that [TIMEFILL] period of time?,,6
ADOLESCENT DEPRESSION,580,542,YD26M,YOWRSLNO1,2,WHEN PRBLMS WORST PEOP NOTICE SLOWER THAN USUAL,Did anyone else notice that you were talking or moving more slowly than usual?,,6
ADOLESCENT DEPRESSION,580,542,YD26N,YOWRJITT1,2,WHEN PRBLMS WORST RSTLSS/JITTRY/PACING EVERYDAY,Were you so restless or jittery that you walked up or down or couldn't sit still?,,6
ADOLESCENT DEPRESSION,580,542,YD26O,YOWRJINO1,2,WHEN PRBLMS WRST PEOP NOTICE YOU CLDN'T SIT STILL,Did anyone else notice that you couldn't sit still?,,5
ADOLESCENT DEPRESSION,580,542,YD26P,YOWRTHOT1,2,WHEN PRBLMS WORST THGHTS SLOWER/MIXED UP,"The next questions are about changes in your ability to concentrate, and your feelings about yourself. Again, in answering these questions, think about the period of time/most recent period of time when your [FEELNOUN] and other problems were the worst. On most days during that [TIMEFILL] time, did your thinking seem slower than usual or seem mixed up?",,6
ADOLESCENT DEPRESSION,581,543,YD26R,YOWRCONC1,2,WHEN PRBLMS WRST HAVE TRBLE KEEPING MIND ON THNGS,"On most days, did you have a lot more trouble than usual keeping your mind on things?",,6
ADOLESCENT DEPRESSION,581,543,YD26S,YOWRDCSN1,2,WHEN PRBLMS WORST UNABLE TO MAKE DECISIONS,Were you unable to make up your mind about things you ordinarily have no trouble deciding about?,,6
ADOLESCENT DEPRESSION,581,543,YD26U,YOWRNOGD1,2,WHEN PRBLMS WRST FEEL NOT AS GOOD AS OTHER PEOPLE,Did you feel that you were not as good as other people nearly every day?,,6
ADOLESCENT DEPRESSION,581,543,YD26V,YOWRWRTH1,2,WHEN PRBLMS WORST FEEL TOTALLY WORTHLESS EVERYDAY,Did you feel totally worthless nearly every day?,,6
ADOLESCENT DEPRESSION,581,543,D_MDEA1Y,YO_MDEA11,2,SAD/EMPTY/DEPRESSED MOST OF DAY OR DISCOURAGED,,,6
ADOLESCENT DEPRESSION,581,543,D_MDEA2Y,YO_MDEA21,2,LOST INTEREST OR PLEASURE IN MOST THINGS,,,6
ADOLESCENT DEPRESSION,582,544,D_MDEA3Y,YO_MDEA31,2,CHANGES IN APPETITE OR WT,,,6
ADOLESCENT DEPRESSION,582,544,D_MDEA4Y,YO_MDEA41,2,SLEEP PROBLEMS,,,6
ADOLESCENT DEPRESSION,582,544,D_MDEA5Y,YO_MDEA51,2,OTHERS NOTICED THAT R WAS RESTLESS OR LETHARGIC,,,6
ADOLESCENT DEPRESSION,582,544,D_MDEA6Y,YO_MDEA61,2,FELT TIRED/LOW ENERGY NEARLY EVERY DAY,,,6
ADOLESCENT DEPRESSION,582,544,D_MDEA7Y,YO_MDEA71,2,FELT WORTHLESS NEARLY EVERY DAY,,,6
ADOLESCENT DEPRESSION,582,544,D_MDEA8Y,YO_MDEA81,2,INABILITY TO CONCENTRATE OR MAKE DECISIONS,,,6
ADOLESCENT DEPRESSION,583,545,DSMMDEAY,YODSMMDE1,2,SCORE OF SYMPTOM INDICATORS 1 THRU 9,,,6
ADOLESCENT DEPRESSION,583,545,YD28,YOPBINTF1,2,WHEN PRBLMS WORST INTERFERE WITH SCHL/ PRSNL LIFE,"You mentioned having some of the problems I just asked you about. During that [TIMEFILL] period of time, how much did your [FEELNOUN] interfere or cause problems with your school work, your job, or your relationships with family and friends?",,9
ADOLESCENT DEPRESSION,583,545,YD28A,YOPBDLYA1,2,WHEN PRBLMS WORST UNABLE TO CARRY OUT DLY ACTVTS,"During that [TIMEFILL] period of time, how often were you unable to carry out your daily activities or to take care of yourself because of these problems with your mood?",,8
ADOLESCENT DEPRESSION,583,545,YD37,YOPBRMBR1,2,RMBR AGE WHEN FIRST 2+ WK PERIOD OF TIME STARTED,Think of the very first period of time in your life lasting two weeks or longer when you [FEELFILL] and also had some of the other problems we just asked about. Can you remember your exact age?,,6
ADOLESCENT DEPRESSION,583,545,"YD37A, YD37B",YOPBAGE1,3,AGE WHEN FIRST 2+ WK PERIOD OF TIME STARTED,How old were you?,,5
ADOLESCENT DEPRESSION,584,546,YD52,YOPBNUM1,4,# TIMES FELT THIS WAY FOR 2 WKS/LNGR DURING LIFE,"In your entire life, how many times did you feel [FEELNOUN] for two weeks or longer while also having some of the other problems we asked about? If you are not sure of your answer, just make your best guess.",,5
ADOLESCENT DEPRESSION,584,546,YD38,YOPB2WK1,2,FELT THIS WAY 2 WKS+ W/OTH PRBS DURING PST 12 MOS,"In the past 12 months, did you have a period of time when you felt [FEELNOUN] for two weeks or longer while also having some of the other problems we asked about?","NOTE: Beginning with the 2008 survey, the questions corresponding to the variables YOPSHMGT, YOPSWORK, YOPSRELS, and YOPSSOC no longer allow respondents to choose the category 95 (ACTIVITY DOES NOT APPLY). Think about the time in the past 12 months when [NUMPROBS] with your mood [WASWERE] the worst. Using the 0 to 10 scale shown below, where 0 means no problems and 10 means very severe problems, select the number that describes how much your [FEELNOUN] caused problems with your ability to do each of the following activities during that time. You can use any number between 0 and 10 to answer. How much did your [FEELNOUN] cause problems with your chores at home?",6
ADOLESCENT DEPRESSION,584,546,YD66A,YOPSHMGT1,2,HOW MUCH DID FEELINGS INTERFERE WITH HOME CHORES,,,15
ADOLESCENT DEPRESSION,585,547,YD66B,YOPSWORK1,2,HOW MCH DID FLNGS INTRFR W/ABLTY TO DO WLL SCH/WK,"During that time in the past 12 months when your [FEELNOUN] was worst, how much did this cause problems with your ability to do well at school or work? You can use any number between 0 and 10 to answer.",,15
ADOLESCENT DEPRESSION,585,547,YD66C,YOPSRELS1,2,HOW MUCH DID FLNGS INTRFR W/GETTING ALONG W/FAM,How much did your [FEELNOUN] cause problems with your ability to get along with your family during that time? You can use any number between 0 and 10 to answer.,,15
ADOLESCENT DEPRESSION,585,547,YD66D,YOPSSOC1,2,HOW MUCH DID FEELINGS INTERFERE WITH SOCIAL LIFE,How much did your [FEELNOUN] cause problems with your social life during that time? You can use any number between 0 and 10 to answer.,"NOTE: Beginning with the 2008 survey, respondents who answered ""don't know"" or ""refused"" to questions corresponding to the variables YOPSHMGT, YOPSWORK, YOPSRELS, and YOPSSOC are no longer asked the question corresponding to YOPSDAYS unless they entered a response of 1 to 10 in at least one of the other questions corresponding to YOPSHMGT through YOPSSOC. About how many days out of 365 in the past 12 months were you totally unable to go to school or work or carry out your normal activities because of your [FEELNOUN]? You can use any number between 0 and 365 to answer.",15
ADOLESCENT DEPRESSION,586,548,YD68,YOPSDAYS1,3,# DYS UNABLE TO WORK/CARRY OUT DLY ACT PST 12 MOS,,,5
ADOLESCENT DEPRESSION,586,548,YD86,YOSEEDOC1,2,SEE/TALK TO A DR/OTH PROF ABT FEELINGS PAST 12 MOS,"Here is a list of professionals some people talk to about the problems we have been asking about: - General practitioner or family doctor - Other medical doctor like a cardiologist, gynecologist, urologist - Psychologist - Psychiatrist or psychotherapist - Social Worker - Counselor - Other mental health professional, like a mental health nurse - A nurse, occupational therapist, or other health professional - A religious or spiritual advisor like a minister, priest, or rabbi - Another healer, like an herbalist, chiropractor, acupuncturist, or massage therapist At any time in the past 12 months, did you see or talk to a medical doctor or other professional about your [FEELNOUN]?",,6
ADOLESCENT DEPRESSION,586,548,YD86A,YOFAMDOC1,2,GEN/FAM DOC TALKED W/ABT FEELINGS PAST 12 MOS,"During the past 12 months, which professionals did you see or talk to about [NUMPROBS] with your mood?",,6
ADOLESCENT DEPRESSION,586,548,YD86A,YOOTHDOC1,2,OTH DR TALKED W/ABOUT FEELINGS PAST 12 MOS,,,7
ADOLESCENT DEPRESSION,587,549,YD86A,YOPSYCH1,2,PSYCHOLOGIST TALKED W/ABOUT FEELINGS PAST 12 MOS,,,7
ADOLESCENT DEPRESSION,587,549,YD86A,YOPSYMD1,2,PSYCHIATRIST TALKED W/ABOUT FEELINGS PAST 12 MOS,,,6
ADOLESCENT DEPRESSION,587,549,YD86A,YOSOCWRK1,2,SOCIAL WORKER TALKED W/ABOUT FEELINGS PAST 12 MOS,,,6
ADOLESCENT DEPRESSION,587,549,YD86A,YOCOUNS1,2,COUNSELOR TALKED W/ABOUT FEELINGS PAST 12 MOS,,,7
ADOLESCENT DEPRESSION,587,549,YD86A,YOOTHMHP1,2,MENTAL PROF TALKED W/ABOUT FEELINGS PAST 12 MOS,,,6
ADOLESCENT DEPRESSION,587,549,YD86A,YONURSE1,2,NURSE ETC.TALKED W/ABOUT FEELINGS PAST 12 MOS,,,7
ADOLESCENT DEPRESSION,588,550,YD86A,YORELIG1,2,RELIGIOUS ADVSR TLKED W/ABOUT FEELINGS PST 12 MOS,,,6
ADOLESCENT DEPRESSION,588,550,YD86A,YOHERBAL1,2,HERBALIST TALKED W/ABOUT FEELINGS PAST 12 MOS,,,6
ADOLESCENT DEPRESSION,588,550,YD86A,YOOTHHLP1,2,OTH HELP PROF TALKED W/ABOUT FEELINGS PAST 12 MOS,,,6
ADOLESCENT DEPRESSION,588,550,YD86B,YOTMTNOW1,2,CURRENTLY RCVNG TREATMENT/COUNSLG FOR MOOD,Are you currently receiving treatment or counseling for [NUMPROBS] with your mood?,,6
ADOLESCENT DEPRESSION,588,550,YD86C,YORX12MO1,2,TAKE PRES MEDS PRESCRIBED FOR MOOD PAST 12 MONTHS,"During the past 12 months, did you take prescription medication that was prescribed for [NUMPROBS]?",,6
ADOLESCENT DEPRESSION,588,550,YD86D,YORXNOW1,2,CURRENTLY TAKING PRESC MEDS PRESCRIBED FOR MOOD,Are you currently taking prescription medication that was prescribed for [NUMPROBS]?,,6
ADOLESCENT DEPRESSION,589,551,YD86E,YORXHLP1,2,HOW MUCH HAS PRESC MEDS FOR MOOD HELPED PST 12 MOS,"During the past 12 months, how much has this prescription medication helped you?",,9
ADOLESCENT DEPRESSION,589,551,YD86F,YOTMTHLP1,2,HOW MUCH HAS TRMT/COUNSLG HELPED PST 12 MOS,"During the past 12 months, how much has treatment or counseling helped you?",,9
RECODED ADOLESCENT DEPRESSION,590,552,"YODPPROB, YODPR2WK, YODPREV, YODSCEV, YODSMMDE, YOLOSEV, YOLSI2WK, YOWRCHR, YOWRDST, YOWRHRS, YOWRIMP",YMDELT,1,RC-YOUTH: LIFETIME MAJOR DEPRESSIVE EPISODE (MDE),"NOTE: The variables in this section are recoded variables that were created from one or more of the edited or recoded variables from the preceding sections. NOTE: Certain source variables that were used to create recoded variables have valid values that might not have been reported or assigned for the current survey year. However, these values have been included in the general specifications in the codebook on how the recoded variables were created. See additional details about this issue in the Organization of the Data File section of this codebook introduction. NOTE: Respondents were administered separate age-appropriate depression modules designed to measure whether or not respondents had experienced a major depressive episode (MDE) in their lifetime and past year. All adolescent (youth) respondents aged 12 to 17 were asked questions from the Youth Depression section. All adults aged 18 or older were administered the questions in the Adult Depression section. Additional details on these adolescent depression recoded variables are provided in the Recoded Depression Variable Documentation Appendix. The following variable, YMDELT, classifies an adolescent as having a major depressive episode (MDE) in their lifetime, YMDELT=1, if they reported experiencing at least 5 out of the 9 criteria used to define an adolescent as having had MDE in their lifetime, where at least one of the criteria is a depressed mood or loss of interest or pleasure in daily activities (YODSMMDE=1). An adolescent was classified as NOT having a major depressive episode (MDE) in their lifetime, YMDELT=2, if they met either of these conditions. • Reported experiencing fewer than five out of the nine criteria used to define an adolescent as having had MDE in their lifetime (YODSMMDE=2). • If the number of criteria used to define an adolescent as having had MDE in their lifetime is unknown (YODSMMDE=94, 97, 98) and the respondent reported at least one of the following: o Never having had a period of time lasting several days or longer when felt sad, empty, or depressed (YODPREV=2), discouraged or hopeless about how things were going in life (YODSCEV=2), and lost interest and became bored with most things usually enjoyable (YOLOSEV=2). o Experienced the feelings in (i), but they did not last most of the day, almost every day for two weeks or longer [YOLSI2WK=2 or YODPR2WK=2]. o Experienced the feelings in (i) most of the day, almost every day for two weeks or longer, but the feelings lasted less than an hour when mood was most severe and frequent (YOWRHRS=1). o Experienced the feelings in (i) most of the day, almost every day for two weeks or longer for at least an hour during those times when mood was most severe and frequent, but the bad feelings were mild (YOWRDST=1), there was never a time when you felt so bad that nothing could cheer you up (YOWRCHR=4), and there was never a time when you felt so bad that you could not carry out your daily activities (YOWRIMP=4). o Experienced the feelings in (i) most of the day, almost every day for two weeks or longer for at least an hour with bad feelings that were more than mild or at some point could not be cheered up or could not carry out daily activities, but never had any other problems during those weeks, such as changes in sleep, eating, energy, the ability to keep mind on things, or feeling badly about self (YODPPROB=2).",,3
RECODED ADOLESCENT DEPRESSION,590,552,"YMDELT, YOPB2WK",YMDEYR,1,RC-YOUTH: PAST YEAR MAJOR DEPRESSIVE EPISODE (MDE),,NOTE: The following four recoded variables define if a respondent had co-occurring major depressive episode and a use disorder. YMDEAUD5YR is created using the DSM-5 based SUD variable and was used starting with the 2020 Detailed Tables. YMIUD5YANY and YMSUD5YANY are created using the DSM-5 based SUD variables that include use disorder data from past year users but not misusers of prescription drugs. YMSUD5YMIS is created using the DSM-5 based SUD variable that does not include use disorder data from past year users but not misusers of prescription drugs. The SUD variable used to create YMSUD5YMIS is defined consistently with how the SUD variable in the 2020 Detailed Tables was defined. YMSUD5YMIS was renamed to better distinguish between the version that includes use disorder data from past year users but not misusers of prescription drugs and the version that does not include use disorder data from past year users but not misusers of prescription drugs. Specific information about the DSM-5 use disorder criteria used in these recodes can be found in the Nicotine Dependence and Substance Use Disorder Appendix.,3
RECODED ADOLESCENT DEPRESSION,590,552,"IRPYUD5ALC, YMDEYR",YMDEAUD5YR,1,RC-YOUTH: PAST YEAR MDE AND ALC USE DISORDER-DSM-5,,,3
RECODED ADOLESCENT DEPRESSION,591,553,"UD5ILLANY, YMDEYR",YMIUD5YANY,1,RC-YOUTH: PY MDE AND ILL DRUG USE DISORDER-DSM-5 - ANY,,,3
RECODED ADOLESCENT DEPRESSION,591,553,"UD5ILALANY, YMDEYR",YMSUD5YANY,1,RC-YOUTH: PY MDE AND SUB USE DISORDER-DSM-5 - ANY,,,3
RECODED ADOLESCENT DEPRESSION,591,553,"UD5ILALMIS, YMDEYR",YMSUD5YMIS,1,RC-YOUTH: PY MDE AND SUB USE DISORDER-DSM-5 - MIS,,"NOTE: The following two recoded variables define if a respondent had major depressive episode and/or a substance use disorder. YMDERSUD5ANY and YMDESUD5ANYO are based on DSM-5 SUD estimates including prescription drug use data from all past year users of prescription drugs. These recodes replace variables YMDEORSUD5 and YMDESUD5ONL, and were used starting with the 2021 First Findings Report appendix tables.",3
RECODED ADOLESCENT DEPRESSION,591,553,"UD5ILALANY, YMDEYR",YMDERSUD5ANY,1,RC-YTH: MDE OR SUBSTANCE USE DISORDER-PAST YEAR-DSM-5-ANY,,,3
RECODED ADOLESCENT DEPRESSION,591,553,"UD5ILALANY, YMDEYR",YMDESUD5ANYO,1,"RC-YTH:ONLY MDE, ONLY SUD, BOTH, OR NEITHER-PY-DSM-5-ANY",,"NOTE: The following recoded variable defines if a respondent had major depressive episode and/or an illicit drug or alcohol use disorder. YMDESUD5MISO is based on DSM-5 SUD estimates that do not include use disorder data from past year users but not misusers of prescription drugs. This recode replaces variable YMDESUD5ONL, and was used starting with the 2021 First Findings Report appendix tables.",5
RECODED ADOLESCENT DEPRESSION,591,553,"UD5ILALMIS, YMDEYR",YMDESUD5MISO,1,"RC-YTH:ONLY MDE, ONLY SUD, BOTH, OR NEITHER-PY-DSM-5-MIS",,"NOTE: The following 25 variables are among all adolescent respondents who were asked the respective questions and are not confined to those respondents who were ultimately classified as having a Major Depressive Episode (MDE) in their lifetime or past year. To produce estimates among adolescents with MDE, the analysis will need to be restricted by either the lifetime MDE variable (YMDELT) or the past year MDE variable (YMDEYR).",5
RECODED ADOLESCENT DEPRESSION,592,554,YOSEEDOC,YTXMDEYR,1,RC-YOUTH: SAW OR TALK TO MD/PROF FOR MDE IN PAST YEAR,,,3
RECODED ADOLESCENT DEPRESSION,592,554,YORX12MO,YRXMDEYR,1,RC-YOUTH: USED RX MEDICATION FOR MDE IN PAST YEAR,,,3
RECODED ADOLESCENT DEPRESSION,592,554,"YRXMDEYR, YTXMDEYR",YMDETXRX,1,RC-YOUTH: RCVD TRT/CNSLG OR RX MED FOR MDE IN PST YR,"In the following variable, YMDETXRX, an adolescent is defined as having received treatment/counseling if he/she saw or talked to a medical doctor or other professional for MDE.",,3
RECODED ADOLESCENT DEPRESSION,592,554,"YOFAMDOC, YOSEEDOC",YDOCMDE,1,RC-YOUTH: SAW/TALK TO GEN PRAC/FAM MD ABOUT MDE IN PY,,,3
RECODED ADOLESCENT DEPRESSION,592,554,"YOOTHDOC, YOSEEDOC",YOMDMDE,1,RC-YOUTH: SAW/TALK TO OTHER MD ABOUT MDE IN PAST YEAR,,,3
RECODED ADOLESCENT DEPRESSION,592,554,"YOPSYCH, YOSEEDOC",YPSY1MDE,1,RC-YOUTH: SAW/TALK TO PSYCHOLOGIST ABT MDE IN PST YR,,,3
RECODED ADOLESCENT DEPRESSION,592,554,"YOPSYMD, YOSEEDOC",YPSY2MDE,1,RC-YOUTH: SAW/TALK TO PSYCHIATRIST ABT MDE IN PST YR,,,3
RECODED ADOLESCENT DEPRESSION,592,554,"YOSEEDOC, YOSOCWRK",YSOCMDE,1,RC-YOUTH: SAW/TALK TO SOCIAL WORKER ABOUT MDE IN PY,,,3
RECODED ADOLESCENT DEPRESSION,593,555,"YOCOUNS, YOSEEDOC",YCOUNMDE,1,RC-YOUTH: SAW/TALK TO COUNSELOR ABOUT MDE IN PST YR,,,3
RECODED ADOLESCENT DEPRESSION,593,555,"YOOTHMHP, YOSEEDOC",YOMHMDE,1,RC-YOUTH: SAW/TALK TO OTH MENT HLTH PROF ABOUT MDE-PY,,,3
RECODED ADOLESCENT DEPRESSION,593,555,"YONURSE, YOSEEDOC",YNURSMDE,1,RC-YOUTH: SAW/TALK TO NURSE/OCC THERA ABOUT MDE IN PY,,,3
RECODED ADOLESCENT DEPRESSION,593,555,"YORELIG, YOSEEDOC",YRELMDE,1,RC-YOUTH: SAW/TALK TO RELIG ADVISOR ABOUT MDE IN PY,,,3
RECODED ADOLESCENT DEPRESSION,593,555,"YOHERBAL, YOSEEDOC",YHBCHMDE,1,RC-YOUTH: SAW/TALK TO ANOTHER HEALER ABOUT MDE IN PY,,,3
RECODED ADOLESCENT DEPRESSION,593,555,"YOOTHHLP, YOSEEDOC",YOTHMDE,1,RC-YOUTH: SAW/TALK TO OTHER PROF ABOUT MDE IN PST YR,"The following variable, YOTHMDE, defines an adolescent as having seen or talked to another professional about MDE during the past year, YOTHMDE=1, if s/he entered a valid write-in response other than the responses that matched the existing categories. An adolescent was classified as NOT having seen or talked to another professional about MDE during the past year, YOTHMDE=0, if s/he met either of these conditions: 1. Reported NOT seeing or talking to a medical doctor or other professional during the past year (YOSEEDOC=2). 2. Response not entered for whether other mental health professional was seen or talked to during the past year (YOOTHHLP=6). 3. Write-in response entered matched an existing category.",,3
RECODED ADOLESCENT DEPRESSION,593,555,"YCOUNMDE, YDOCMDE, YNURSMDE, YOMDMDE, YOMHMDE, YPSY1MDE, YPSY2MDE, YSOCMDE",YHLTMDE,1,RC-YOUTH: SAW/TALK TO HEALTH PROF ABOUT MDE IN PST YR,"The following variable, YHLTMDE, indicates whether a youth reported seeing or talking to a health professional about MDE in the past year. Youths were classified as having seen or talked to a health professional, YHLTMDE=1, if they reported seeing or talking to any of the following professionals: general practitioner or family doctor (YDOCMDE=1); other medical doctor (YOMDMDE=1); psychologist (YPSY1MDE=1); psychiatrist or psychotherapist (YPSY2MDE=1); social worker (YSOCMDE=1); counselor (YCOUNMDE=1); other mental health professional (YOMHMDE=1); or nurse, occupational therapist, or other health professional (YNURSMDE=1). Respondents were classified as having not seen or talked to a health professional, YHLTMDE=0, if they reported not seeing or talking to all of the professionals listed above (source variable=0).",,3
RECODED ADOLESCENT DEPRESSION,594,556,"YHBCHMDE, YRELMDE",YALTMDE,1,RC-YOUTH: SAW/TALK TO ALT SERV PROF ABOUT MDE IN PY,"The following variable, YALTMDE, indicates whether a youth reported seeing or talking to an alternative service professional about MDE in the past year. Youths were classified as having seen or talked to an alternative service professional, YALTMDE=1, if they reported seeing or talking to any of the following professionals: religious or spiritual advisor (YRELMDE=1); or herbalist, chiropractor, acupuncturist, or massage therapist (YHBCHMDE=1). Respondents were classified as having not seen or talked to an alternative service professional, YALTMDE=0, if they reported not seeing or talking to all of the professionals listed above (source variable=0).",,3
RECODED ADOLESCENT DEPRESSION,594,556,"YHLTMDE, YRXMDEYR",YMDEHPRX,1,RC-YOUTH: SAW HEALTH PROF OR RX MED FOR MDE IN PST YR,,,3
RECODED ADOLESCENT DEPRESSION,594,556,"YHLTMDE, YRXMDEYR",YMDEHPO,1,RC-YOUTH: SAW HEALTH PROF ONLY FOR MDE IN PAST YEAR,,,3
RECODED ADOLESCENT DEPRESSION,594,556,"YHLTMDE, YRXMDEYR",YMDERXO2,1,"RC-YOUTH: RCVD RX MED, NO HEALTH PROF FOR MDE IN PY",,,3
RECODED ADOLESCENT DEPRESSION,594,556,"YHLTMDE, YRXMDEYR",YMDEHARX,1,RC-YOUTH: SAW HEALTH PROF AND RX MED FOR MDE IN PY,,"NOTE: The following four variables make up the four role domains (chores at home, school or work, close relationships with family, and social life) of the Sheehan Disability Scale (SDS), which measures the impact of a disorder on an adolescent’s life.",3
RECODED ADOLESCENT DEPRESSION,594,556,YOPSHMGT,YSDSHOME,1,RC-YOUTH: MDE ROLE IMPAIRMENT - CHORES AT HOME,,,6
RECODED ADOLESCENT DEPRESSION,594,556,YOPSWORK,YSDSWRK,1,RC-YOUTH: MDE ROLE IMPAIRMENT - SCHOOL OR WORK,,,6
RECODED ADOLESCENT DEPRESSION,595,557,YOPSRELS,YSDSREL,1,RC-YOUTH: MDE ROLE IMPAIRMENT - FAMILY RELATIONSHIPS,,,6
RECODED ADOLESCENT DEPRESSION,595,557,YOPSSOC,YSDSSOC,1,RC-YOUTH: MDE ROLE IMPAIRMENT - SOCIAL LIFE,,,6
RECODED ADOLESCENT DEPRESSION,595,557,"YSDSHOME, YSDSREL, YSDSSOC, YSDSWRK",YSDSOVRL,1,RC-YOUTH: MAX SEVERITY LEVEL OF MDE ROLE IMPAIRMENT,"The following variable, YSDSOVRL, is assigned the maximum level of interference over the four role domains of SDS: chores at home (YSDSHOME), school or work (YSDSWRK), family relationships (YSDSREL), and social life (YSDSSOC).",,6
RECODED ADOLESCENT DEPRESSION,595,557,"YMDEYR, YSDSOVRL",MDEIMPY,1,RC-YOUTH: MDE WITH SEVERE ROLE IMPAIRMENT,"The following variable, MDEIMPY, is derived from the maximum severity level of MDE role impairment (YSDSOVRL) and is restricted to adolescents with past year MDE (YMDEYR).",NOTE: The following four recoded variables define if a respondent had co-occurring major depressive episode with severe impairment and a use disorder. YMDEIMAD5YR is created using the DSM-5 based SUD variable and was used starting with the 2020 Detailed Tables. YMIMI5YANY and YMIMS5YANY are created using the DSM-5 based SUD variables that include use disorder data from past year users but not misusers of prescription drugs. YMIMS5YMIS is created using the DSM-5 based SUD variable that does not include use disorder data from past year users but not misusers of prescription drugs. The SUD variable used to create YMIMS5YMIS is defined consistently with how the SUD variable in the 2020 Detailed Tables was defined. YMIMS5YMIS was renamed to better distinguish between the version that includes use disorder data from past year users but not misusers of prescription drugs and the version that does not include use disorder data from past year users but not misusers of prescription drugs. Specific information about the DSM-5 use disorder criteria used in these recodes can be found in the Nicotine Dependence and Substance Use Disorder Appendix.,3
RECODED ADOLESCENT DEPRESSION,595,557,"IRPYUD5ALC, MDEIMPY",YMDEIMAD5YR,1,RC-YOUTH: PY MDE WITH SEVERE IMP AND ALC USE DISORDER-DSM-5,,,3
RECODED ADOLESCENT DEPRESSION,595,557,"MDEIMPY, UD5ILLANY",YMIMI5YANY,1,RC-YOUTH: PY MDE W/ SEV IMPAIR & ILL DRG USE DIS-DSM-5-ANY,,,3
RECODED ADOLESCENT DEPRESSION,596,558,"MDEIMPY, UD5ILALANY",YMIMS5YANY,1,RC-YOUTH: PY MDE W/ SEV IMPAIR AND SUB USE DIS-DSM-5 - ANY,,,3
RECODED ADOLESCENT DEPRESSION,596,558,"MDEIMPY, UD5ILALMIS",YMIMS5YMIS,1,RC-YOUTH: PY MDE W/ SEV IMPAIR AND SUB USE DIS-DSM-5 - MIS,,,3
CONSUMPTION OF ALCOHOL,597,559,CA01,CADRLAST1,3,# OF DRINKS THE LAST TIME DRANK IN PAST 30 DAYS,"The values in this section may be inconsistent with values for variables in other sections of the interview. Items in this section were edited when respondents legitimately skipped out of these items based on prior answers in earlier sections. Otherwise, variables in one section of the interview generally were not edited to make them consistent with variables in another section of the interview. This note applies to variables in this section marked by a1. NOTE: Beginning in 2017, respondents who reported that they used alcohol on 0 days in the past 30 days are no longer asked questions in the consumption of alcohol module that pertain to the past 30 days. This change has resulted in an increase in the number of respondents who were coded as ""blank"" compared with data from 2016 and prior years. However, this change was determined not to have affected the comparability of estimates since 2017 with those prior to 2017. Next we return to the topic of alcohol. Remember that by a ""drink"", we mean a can or bottle of beer, a glass of wine or a wine cooler, a shot of liquor, or a mixed drink with liquor in it. We are not asking about times when you only had a sip or two from a drink. Earlier, the computer recorded that you drank at least one alcoholic beverage within the past 30 days, that is, since [DATEFILL]. Please think about the last time you drank any alcoholic beverage. How many drinks did you have that time?",,7
CONSUMPTION OF ALCOHOL,597,559,CA02A,CADRPEOP1,2,ALONE OR W/ MORE THAN ONE PERSON LAST TIME DRANK,"This last time you drank, were you alone or were you with one or more other people?",,11
CONSUMPTION OF ALCOHOL,597,559,CA02B,CADRCAR1,2,I DRANK IN A CAR OR OTHER VEHICLE,Where did you drink alcoholic beverages this last time you drank?,,10
CONSUMPTION OF ALCOHOL,598,560,CA02B,CADRHOME1,2,I DRANK AT MY HOME,,,11
CONSUMPTION OF ALCOHOL,598,560,CA02B,CADROTHM1,2,I DRANK AT SOMEONE ELSE'S HOME,,,9
CONSUMPTION OF ALCOHOL,598,560,CA02B,CADRPUBL1,2,"I DRANK AT A PARK, ON A BEACH OR IN A PARKING LOT",,,9
CONSUMPTION OF ALCOHOL,598,560,CA02B,CADRBAR1,2,"I DRANK IN A RESTAURANT, BAR OR CLUB",,,9
CONSUMPTION OF ALCOHOL,598,560,CA02B,CADREVNT1,2,I DRANK AT A CONCERT OR SPORTS GAME,,,8
CONSUMPTION OF ALCOHOL,599,561,CA02B,CADRSCHL1,2,I DRANK AT SCHOOL,,,8
CONSUMPTION OF ALCOHOL,599,561,CA02B,CADROTH1,2,I DRANK AT SOME OTHER PLACE,,,8
CONSUMPTION OF ALCOHOL,599,561,CA02SC,CADROTS21,2,OTHER PLACE YOU LAST DRANK ALCOHOL,,,24
CONSUMPTION OF ALCOHOL,599,561,CA03,CABUYFRE1,2,PAY FOR THE LAST ALCOHOLIC BEVERAGE THAT U DRANK,Did you pay for the last alcoholic beverage that you drank?,,10
CONSUMPTION OF ALCOHOL,600,562,CA04,CAGVMONY1,2,DID YOU/SOMEONE ELSE BUY LAST ALCOHOLIC BEVERAGE,"Did you buy this last alcoholic beverage yourself, or did you give money to someone else to buy it for you?",,10
CONSUMPTION OF ALCOHOL,600,562,CA05,CABUYWHO1,2,STATEMENT BEST DESCRIBES PURCHASE OF LAST ALCOHOL,"People often buy alcoholic beverages at stores, restaurants, bars, clubs, or events. Sometimes they buy alcohol from other people. Which of these statements describes the way you bought the last alcoholic beverage that you drank?",,9
CONSUMPTION OF ALCOHOL,600,562,CA05A,CABPLACE1,2,WHERE YOU BOUGHT LAST ALCOHOLIC BEVERAGE,At which of these places did you buy the last alcoholic beverage that you drank?,,10
CONSUMPTION OF ALCOHOL,600,562,CA05B,CABUNDAG1,2,BUY LAST ALCOHOLIC BEVERAGE FR SOMEONE <21 OR 21+,"Did you buy this last alcoholic beverage from someone who was under age 21, or were they 21 or older?",,7
CONSUMPTION OF ALCOHOL,601,563,CA06,CAGVWHO1,2,WHO BOUGHT THE ALCOHOLIC BEVERAGE FOR YOU,Who bought the alcoholic beverage for you?,,10
CONSUMPTION OF ALCOHOL,601,563,CA07,CAFREWHO1,2,HOW DID U GET THE LAST ALCOHOLIC BEVERAGE U DRANK,How did you get the last alcoholic beverage that you drank?,,19
CONSUMPTION OF ALCOHOL,601,563,CA07SC,CAFRESP21,2,OTHER WAY YOU GOT THE LAST ALCOHOLIC BEVERAGE,,"NOTE: Beginning in 2015, questions about the misuse of prescription pain relievers, tranquilizers, stimulants, and sedatives with alcohol in the past 30 days were asked in the relevant sections of the interview about the misuse of prescription drugs instead of being asked in the consumption of alcohol section of the interview. Think again about this last time you drank any alcoholic beverages, when you had [CA01 FILL] [drink/drinks]. Did you also use [DRUGFILL] while you were drinking or within a couple of hours of drinking?",23
CONSUMPTION OF ALCOHOL,602,564,CA08,CADRKDRUG1,2,ALSO USE [DRUGFILL] WHILE YOU WERE DRINKING,,,8
CONSUMPTION OF ALCOHOL,602,564,CA09,CADRKMARJ1,2,MARIJUANA OR HASHISH,What other drug or drugs did you use while you were drinking or within a couple of hours of drinking?,,10
CONSUMPTION OF ALCOHOL,602,564,CA09,CADRKCOCN1,2,COCAINE OR 'CRACK',,,9
CONSUMPTION OF ALCOHOL,602,564,CA09,CADRKHERN1,2,HEROIN,,,8
CONSUMPTION OF ALCOHOL,603,565,CA09,CADRKHALL1,2,HALLUCINOGENS,,,8
CONSUMPTION OF ALCOHOL,603,565,CA09,CADRKINHL1,2,INHALANTS,,,8
CONSUMPTION OF ALCOHOL,603,565,CA09,CADRKMETH1,2,METHAMPHETAMINE,,"NOTE: Beginning in 2015, female respondents were asked for CABINGEVR, CABINGAGE, CABINGYFU, and CABINGMFU to report about consumption of 4 or more drinks on the same occasion. As in prior years, male respondents in 2015 were asked for CABINGEVR, CABINGAGE, CABINGYFU, and CABINGMFU to report about consumption of 5 or more drinks on the same occasion. Variables pertaining to consumption of 5 or more drinks or 4 or more drinks on the same occasion have been edited with respect to ALCUS30D and ALCBNG30D. CABINGFLG takes into account the editing of the variables ALCUS30D and ALCBNG30D in the ALCOHOL module.",9
CONSUMPTION OF ALCOHOL,603,565,,CABINGFLG1,2,ANY REPORT OF 4+ OR 5+ DRINKS FROM ALCOHOL MODULE,,,4
CONSUMPTION OF ALCOHOL,604,566,CA10,CABINGEVR1,2,EVER HAD 4/5 OR MORE DRINKS ON THE SAME OCCASION,"Earlier the computer recorded that you have had at least one drink of an alcoholic beverage in your lifetime. Have you ever had [4 or more]/[5 or more] drinks on the same occasion? By 'occasion,' we mean at the same time or within a couple of hours of each other.",,9
CONSUMPTION OF ALCOHOL,604,566,CA11,CABINGAGE1,3,AGE 1ST TIME HAD 4 OR 5 OR MORE DRINKS SAME OCCASION,Earlier the computer recorded that you had [4 or more]/[5 or more] drinks on the same occasion in the past 30 days. How old were you the first time you had [4 or more]/[5 or more] drinks on the same occasion? How old were you the first time you had [4 or more]/[5 or more] drinks on the same occasion?,,7
CONSUMPTION OF ALCOHOL,604,566,"CA11A, CA11B, CA11C",CABINGYFU1,4,YEAR OF FIRST 4 OR 5 + DRINKS ON SAME OCCASION - RECODE,Did you first have [4 or more]/[5 or more] drinks on the same occasion in [CURRENT YEAR - 1] or [CURRENT YEAR]? Did you first have [4 or more]/[5 or more] drinks on the same occasion in [CURRENT YEAR - 2] or [CURRENT YEAR - 1]? In what month in [CURRENT YEAR] did you first have [4 or more]/[5 or more] drinks on the same occasion?,,8
CONSUMPTION OF ALCOHOL,605,567,"CA11C, CA11D",CABINGMFU1,2,MONTH OF 4 OR 5+ DRINKS ON SAME OCCASION - RECODE,In what month in [CURRENT YEAR] did you first have [4 or more]/[5 or more] drinks on the same occasion? In what month in [YEAR FROM CA11a or CA11b] did you first have [4 or more]/[5 or more] drinks on the same occasion?,"NOTE: EIBINGAGE is an ""editing indicator"" for the variable CABINGAGE. The default value of EIBINGAGE is 1, when no editing has been done to CABINGAGE, other than to replace values with ""bad data"" codes or to assign relevant LEGITIMATE SKIP/NEVER USED ALCOHOL codes when the question did not apply. EIBINGAGE has values of 2 when values in CABINGAGE have logically been replaced with other values as part of the data editing procedures.",19
CONSUMPTION OF ALCOHOL,605,567,,EIBINGAGE1,1,EDITING INDICATOR FOR CABINGAGE,,"NOTE: EIBINGYFU is an ""editing indicator"" for the variable CABINGYFU. The default value of EIBINGYFU is 1, when no editing has been done to CABINGYFU, other than to replace values with ""bad data"" codes or to assign relevant LEGITIMATE SKIP/NEVER USED ALCOHOL codes when the question did not apply. EIBINGYFU has values of 2 when values in CABINGYFU have logically been replaced with other values as part of the data editing procedures.",2
CONSUMPTION OF ALCOHOL,605,567,,EIBINGYFU1,1,EDITING INDICATOR FOR CABINGYFU,,"NOTE: EIBINGMFU is an ""editing indicator"" for the variable CABINGMFU. The default value of EIBINGMFU is 1, when no editing has been done to CABINGMFU, other than to replace values with ""bad data"" codes or to assign relevant LEGITIMATE SKIP/NEVER USED ALCOHOL codes when the question did not apply. EIBINGMFU has values of 2 when values in CABINGMFU have logically been replaced with other values as part of the data editing procedures.",2
CONSUMPTION OF ALCOHOL,605,567,,EIBINGMFU1,1,EDITING INDICATOR FOR CABINGMFU,,,2
RECODED CONSUMPTION OF ALCOHOL,606,568,CADRPEOP,UADPEOP,1,RC-SOCIAL CONTEXT OF MOST RECENT ALCOHOL USE,"NOTE: The variables in this section are recoded variables that were created from one or more of the edited variables from the preceding section. NOTE: Certain source variables that were used to create recoded variables have valid values that might not have been reported or assigned for the current survey year. However, these values have been included in the general specifications in the codebook on how the recoded variables were created. See additional details about this issue in the Organization of the Data File section of this codebook introduction. The following variable defines the social context of a respondent's last alcohol use, including whether they drank alone or if they were with one or more persons.",NOTE: The following eight variables define the locations where respondents had their most recent alcohol use.,5
RECODED CONSUMPTION OF ALCOHOL,606,568,CADRCAR,UADCAR,1,RC-MOST RECENT ALCOHOL USE IN A CAR,,,3
RECODED CONSUMPTION OF ALCOHOL,606,568,CADRHOME,UADHOME,1,RC-MOST RECENT ALCOHOL USE AT HOME,,,3
RECODED CONSUMPTION OF ALCOHOL,606,568,CADROTHM,UADOTHM,1,RC-MOST RECENT ALCOHOL USE AT SOMEONE ELSE'S HOME,,,3
RECODED CONSUMPTION OF ALCOHOL,606,568,CADRPUBL,UADPUBL,1,"RC-MOST RECENT ALCOHOL USE AT A PARK, BEACH, OR LOT",,,3
RECODED CONSUMPTION OF ALCOHOL,606,568,CADRBAR,UADBAR,1,"RC-MOST RECENT ALCOHOL USE AT RESTAURANT, BAR, OR CLUB",,,3
RECODED CONSUMPTION OF ALCOHOL,606,568,CADREVNT,UADEVNT,1,RC-MOST RECENT ALCOHOL USE AT CONCERT OR SPORTS GAME,,,3
RECODED CONSUMPTION OF ALCOHOL,607,569,CADRSCHL,UADSCHL,1,RC-MOST RECENT ALCOHOL USE AT SCHOOL,,,3
RECODED CONSUMPTION OF ALCOHOL,607,569,"CADROTH, CADROTS2",UADROTH,1,RC-MOST RECENT ALCOHOL USE AT SOME OTHER PLACE,"The following variable, UADROTH, was assigned a negative response if a respondent indicated not receiving their most recent alcohol from some other place (CADROTH=6) or indicated receiving their most recent alcohol from one of the other specific locations asked about (CADROTH=1 & CADROTS2=1-7). A missing was assigned if a respondent indicated that they received their most recent alcohol from some other place (CADROTH=1) and their response to the other-specify follow-up question was invalid or unknown (CADROTS2=70, 85, 94, 97, 98) or if they were not alcohol users, or did not indicate any location for their most recent alcohol use (CADROTH=91, 93, 94, 97, 98, 99).",,3
RECODED CONSUMPTION OF ALCOHOL,607,569,CADROTS2,UADOTSP2,1,RC-OTHER LOCATIONS OF MOST RECENT ALCOHOL USE,,,7
RECODED CONSUMPTION OF ALCOHOL,607,569,CABUYFRE,UADPAID,1,RC-UNDERAGE DRINKER PAID FOR MOST RECENT ALCOHOL,,,4
RECODED CONSUMPTION OF ALCOHOL,607,569,CAGVMONY,UADMONY,1,RC-UNDERAGE DRINKER PURCHASED MOST RECENT ALCOHOL,"A respondent was assigned a value of UADMONY=3 if they did not use alcohol in the past month, were aged 21 or older, or were past month alcohol users who were under 21 but did not pay for their most recent alcohol (CAGVMONY=89, 91, 93, 99).",,4
RECODED CONSUMPTION OF ALCOHOL,607,569,CABUYWHO,UADBWHO,1,RC-HOW UNDERAGE DRINKER PURCHASED MOST RECNT ALCOHOL,"A respondent was assigned a value of UADBWHO=3 if they did not use alcohol in the past month, were aged 21 or older, were past month alcohol users who were under 21 but did not pay for their most recent alcohol, or were past month alcohol users who were under 21 and paid for their most recent alcohol but did not buy it themselves (CABUYWHO=89, 91, 93, 99).",,4
RECODED CONSUMPTION OF ALCOHOL,608,570,CABPLACE,UADPLACE,1,RC-WHERE UNDERAGE DRINKER PURCHSD MOST RECNT ALCOHOL,"A respondent was assigned a value of UADPLACE=4 if they did not use alcohol in the past month, were aged 21 or older, were past month alcohol users who were under 21 but bought from another person, were past month alcohol users who were under 21 but did not pay for their most recent alcohol, or were past month alcohol users who were under 21 and paid for their most recent alcohol but did not buy it themselves (CABPLACE=89, 91, 93, 99).",,5
RECODED CONSUMPTION OF ALCOHOL,608,570,CABUNDAG,UADBUND,1,RC-AGE PERSON WHO PURCHASED ALC FOR UNDERAGE DRINKER,"A respondent was assigned a value of UADBUND=3 if they did not use alcohol in the past month, were aged 21 or older, were past month alcohol users who were under 21 and bought it at a store, restaurant, bar, club, or event, were past month alcohol users who were under 21 but did not pay for their most recent alcohol, or were past month alcohol users who were under 21 and paid for their most recent alcohol but did not buy it themselves (CABUNDAG=89, 91, 93, 99).",,4
RECODED CONSUMPTION OF ALCOHOL,608,570,CAGVWHO,UADCAG,1,RC-WHO PURCHASED UNDERAGE DRINKER MOST RECENT ALCOHOL,"A respondent was assigned a value of UADCAG=5 if they did not use alcohol in the past month, were aged 21 or older, were past month alcohol users who were under 21 but did not pay for their most recent alcohol, or were past month alcohol users who were under 21 but bought it themselves (CAGVWHO=89, 91, 93, 99).",,6
RECODED CONSUMPTION OF ALCOHOL,608,570,"CAFRESP2, CAFREWHO",UADFWHO,1,RC-WHO GAVE UNDERAGE DRINKER MOST RECENT ALCOHOL,"The following variable, UADFWHO, was assigned missing if a respondent indicated that some other person gave them the last alcohol they drank (CAFREWHO=7) and their response to the other-specify follow-up question was unknown (CAFRESP2=70, 85, 94, 97, 98) or if they did not indicate who gave them the last alcohol they drank (CAFREWHO=85, 94, 97, 98). A respondent was assigned a value of UADFWHO=8 if they did not use alcohol in the past month, were aged 21 or older, or were past month alcohol users who were under 21 but paid for it themselves (CAFREWHO=89,91,93,99).",,9
RECODED CONSUMPTION OF ALCOHOL,609,571,"CAFRESP2, CAFREWHO",UADFRD,1,"RC-MOST RECENT ALCOHOL FROM FRIEND, UNSPEC AGE/METHOD","The following variable, UADFRD, was assigned a negative response if a respondent indicated receiving their most recent alcohol not from a friend (CAFREWHO=1-6, 11-16) or from some other person besides a friend (CAFREWHO=7 & CAFRESP2=7, 8-21, 23-42). A missing was assigned if a respondent indicated that some other person gave them the last alcohol they drank (CAFREWHO=7) and their response to the other-specify follow-up question was unknown (CAFRESP2=70, 85, 94, 97, 98) or if they did not indicate who gave them the last alcohol they drank (CAFREWHO=85, 94, 97, 98). A respondent was assigned a value of UADFRD=3 if they did not use alcohol in the past month, were aged 21 or older, or were past month alcohol users who were under 21 but paid for it themselves (CAFREWHO=89,91,93,99).",NOTE: The following six variables define specific drugs used at the same time or within a couple hours of the respondent's last alcohol use.,4
RECODED CONSUMPTION OF ALCOHOL,609,571,CADRKMARJ,CADRKMARJ2,1,RC-USED MARIJUANA WITH LAST ALCOHOL USE,,,3
RECODED CONSUMPTION OF ALCOHOL,609,571,CADRKCOCN,CADRKCOCN2,1,RC-USED COCAINE WITH LAST ALCOHOL USE,,,3
RECODED CONSUMPTION OF ALCOHOL,609,571,CADRKHERN,CADRKHERN2,1,RC-USED HEROIN WITH LAST ALCOHOL USE,,,3
RECODED CONSUMPTION OF ALCOHOL,609,571,CADRKHALL,CADRKHALL2,1,RC-USED HALLUCINOGENS WITH LAST ALCOHOL USE,,,3
RECODED CONSUMPTION OF ALCOHOL,609,571,CADRKINHL,CADRKINHL2,1,RC-USED INHALANTS WITH LAST ALCOHOL USE,,,3
RECODED CONSUMPTION OF ALCOHOL,609,571,CADRKMETH,CADRKMETH2,1,RC-USED METHAMPHETAMINE WITH LAST ALCOHOL USE,,,3
EMERGING ISSUES,610,572,CA15,CASUPROB1,2,THINK EVER HAD PROBLEM WITH OWN DRUG OR ALCOHOL USE,"The values in this section may be inconsistent with values for variables in other sections of the interview. Items in this section were edited when respondents legitimately skipped out of these items based on prior answers in earlier sections. Otherwise, variables in one section of the interview generally were not edited to make them consistent with variables in another section of the interview. This note applies to variables in this section marked by a1. Do you think you ever had a problem with your own drug or alcohol use?",,7
EMERGING ISSUES,610,572,CA16,CASURCVR1,2,THINK IN RECOVERY FROM DRUG OR ALCOHOL PROBLEM,At this time do you consider yourself to be in recovery or recovered from your own problem with drugs or alcohol use?,,7
EMERGING ISSUES,610,572,CA17,CAMHPROB1,2,THINK EVER HAD PROBLEM WITH OWN MENTAL HEALTH,Do you think you ever had a problem with your own mental health?,,7
EMERGING ISSUES,610,572,CA18,CAMHRCVR1,2,THINK IN RECOVERY FROM MENTAL HEALTH PROBLEM,At this time do you consider yourself to be in recovery or recovered from your own mental health problem?,,7
EMERGING ISSUES,611,573,KA01,KRATEVER,2,EVER USED KRATOM,"This next question is about kratom, which can come in forms such as powder, pills, or leaf. Have you ever, even once, used kratom?",,6
EMERGING ISSUES,611,573,KALAST3,KRATREC,2,TIME SINCE LAST USED KRATOM,How long has it been since you last used kratom?,,7
EMERGING ISSUES,611,573,VPANYLIF,VAPANYEVR,2,EVER VAPED ANYTHING WITH E-CIG OR OTHER VAPING DEVICE,"The next questions are about vaping with e-cigarettes or other vaping devices. These devices might also be called vape pens, personal vaporizers, or mods. People can vape nicotine or tobacco, marijuana, flavoring, or other substances. Have you ever, even once, vaped anything with an e-cigarette or other vaping device?",,6
EMERGING ISSUES,611,573,VPANYREC,VAPANYREC,2,TIME SINCE LAST VAPED ANYTHING,How long has it been since you last vaped anything with an e-cigarette or other vaping device?,,9
EMERGING ISSUES,612,574,VPNILIF,VAPNICEVR,2,EVER VAPED NICOTINE OR TOBACCO WITH E-CIG OR VAPING DEVICE,"The next questions are about vaping nicotine or tobacco. Have you ever, even once, vaped nicotine or tobacco with an e-cigarette or other vaping device?",,7
EMERGING ISSUES,612,574,"VPNIRECA, VPNIRECB",VAPNICREC,2,TIME SINCE LAST VAPED NICOTINE OR TOBACCO,How long has it been since you last vaped nicotine or tobacco with an e-cigarette or other vaping device?,,8
EMERGING ISSUES,612,574,VPMJLIF,VAPMRJEVR,2,EVER VAPED MARIJUANA WITH VAPING DEVICE,"The next questions are about vaping marijuana. Have you ever, even once, vaped marijuana with a vaping device?",,7
EMERGING ISSUES,612,574,"VPMJRECA, VPMJRECB",VAPMRJREC,2,TIME SINCE LAST VAPED MARIJUANA,How long has it been since you last vaped marijuana with a vaping device?,,8
EMERGING ISSUES,613,575,VPFLLIF,VAPFLVEVR,2,EVER VAPED ONLY FLAVORING WITHOUT NICOTINE/SUBSTANCE,"The next questions are about vaping flavoring. Have you ever, even once, vaped only flavoring without nicotine or other substances added?",,7
EMERGING ISSUES,613,575,"VPFLRECA, VPFLRECB",VAPFLVREC,2,TIME SINCE LAST VAPED ONLY FLAVORING,How long has it been since you last vaped only flavoring?,,8
EMERGING ISSUES,613,575,SMLIF,SYNMRJEVR,2,EVER USED SYNTHETIC MARIJUANA,"The next question is about synthetic marijuana or fake weed, also called K2 or Spice. Have you ever, even once, used synthetic marijuana or fake weed?",,6
EMERGING ISSUES,613,575,SMREC,SYNMRJREC,2,TIME SINCE LAST USED SYNTHETIC MARIJUANA,How long has it been since you last used synthetic marijuana or fake weed?,,7
EMERGING ISSUES,613,575,SMLIF,SYNSTMEVR,2,EVER USED SYNTHETIC STIMULANTS,"The next question is about synthetic stimulants that people use to get high, also called ""bath salts"" or flakka. Have you ever, even once, used these synthetic stimulants?",,6
EMERGING ISSUES,614,576,SSREC,SYNSTMREC,2,TIME SINCE LAST USED SYNTHETIC STIMULANTS,"How long has it been since you last used these synthetic stimulants, also called ""bath salts"" or flakka?",,7
IMPUTED EMERGING ISSUES,615,577,"KRATEVER, KRATREC",IRKRATREC,1,KRATOM RECENCY - IMPUTATION REVISED,,,4
IMPUTED EMERGING ISSUES,615,577,"KRATEVER, KRATREC",IIKRATREC,1,KRATOM RECENCY - IMPUTATION INDICATOR,,,3
IMPUTED EMERGING ISSUES,615,577,"VAPANYEVR, VAPANYREC",IRVAPANYREC,1,ANY VAPING RECENCY - IMPUTATION REVISED,,,4
IMPUTED EMERGING ISSUES,615,577,"VAPANYEVR, VAPANYREC",IIVAPANYREC,1,ANY VAPING RECENCY - IMPUTATION INDICATOR,,,5
IMPUTED EMERGING ISSUES,615,577,"VAPNICEVR, VAPNICREC",IRVAPNICREC,1,NICOTINE OR TOBACCO VAPING RECENCY - IMPUTATION REVISED,,,4
IMPUTED EMERGING ISSUES,615,577,"VAPNICEVR, VAPNICREC",IIVAPNICREC,1,NICOTINE OR TOBACCO VAPING RECENCY - IMPUTATION INDICATOR,,,4
IMPUTED EMERGING ISSUES,615,577,"IRMJRC, VAPMRJEVR, VAPMRJREC",IRVAPMRJREC,1,MARIJUANA VAPING RECENCY - IMPUTATION REVISED,,,4
IMPUTED EMERGING ISSUES,615,577,"MJREC, VAPMRJEVR, VAPMRJREC",IIVAPMRJREC,1,MARIJUANA VAPING RECENCY - IMPUTATION INDICATOR,,,4
IMPUTED EMERGING ISSUES,616,578,"VAPFLVEVR, VAPFLVREC",IRVAPFLVREC,1,ONLY FLAVORING VAPING RECENCY - IMPUTATION REVISED,,,4
IMPUTED EMERGING ISSUES,616,578,"VAPFLVEVR, VAPFLVREC",IIVAPFLVREC,1,ONLY FLAVORING VAPING RECENCY - IMPUTATION INDICATOR,,,4
IMPUTED EMERGING ISSUES,616,578,"SYNMRJEVR, SYNMRJREC",IRSYNMRJREC,1,SYNTHETIC MARIJUANA RECENCY - IMPUTATION REVISED,,,4
IMPUTED EMERGING ISSUES,616,578,"SYNMRJEVR, SYNMRJREC",IISYNMRJREC,1,SYNTHETIC MARIJUANA RECENCY - IMPUTATION INDICATOR,,,3
IMPUTED EMERGING ISSUES,616,578,"SYNSTMEVR, SYNSTMREC",IRSYNSTMREC,1,SYNTHETIC STIMULANTS RECENCY - IMPUTATION REVISED,,,4
IMPUTED EMERGING ISSUES,616,578,"SYNSTMEVR, SYNSTMREC",IISYNSTMREC,1,SYNTHETIC STIMULANTS RECENCY - IMPUTATION INDICATOR,,,3
RECODED EMERGING ISSUES,617,579,CASUPROB,CASUPROB2,1,RC-PERCEIVED EVER HAD DRUG OR ALCOHOL USE PROBLEM,"NOTE: The variables in this section are recoded variables that were created from one or more of the variables from three of the preceding sections: Recoded Drug Use, Emerging Issues, or Imputed Emerging Issues.",,3
RECODED EMERGING ISSUES,617,579,"CASUPROB2, CASURCVR",RCVYSUBPRB,1,RC-PERCEIVED RECOVERY FROM DRUG OR ALCOHOL USE PROBLEM,,,3
RECODED EMERGING ISSUES,617,579,CAMHPROB,CAMHPROB2,1,RC-PERCEIVED EVER HAD A MENTAL HEALTH ISSUE,,,3
RECODED EMERGING ISSUES,617,579,"CAMHPROB2, CAMHRCVR",RCVYMHPRB,1,RC-PERCEIVED RECOVERY FROM MENTAL HEALTH ISSUE,,"NOTE: The following three variables pertain to the receipt of medication-assisted treatment (MAT). Starting with the 2021 NSDUH, revisions to skip logic increased the number of respondents routed to MAT questions.",3
RECODED EMERGING ISSUES,617,579,,ALMATYR2,1,RC-RECEIVED ALCOHOL MEDICATION-ASSISTED TRT - PAST YEAR,,,2
RECODED EMERGING ISSUES,617,579,,OPMATYR2,1,RC-RECEIVED OPIOID MEDICATION-ASSISTED TRT - PAST YEAR,,,2
RECODED EMERGING ISSUES,617,579,"ALMATYR2, OPMATYR2",ALOPMATYR,1,RC-RECEIVED ALCOHOL OR OPIOID MED-ASSISTED TRT - PAST YEAR,,,2
RECODED EMERGING ISSUES,617,579,IRKRATREC,KRATOMFLAG,1,RC-KRATOM - EVER USED,,,2
RECODED EMERGING ISSUES,617,579,IRKRATREC,KRATOMYR,1,RC-KRATOM - PAST YEAR USE,,,2
RECODED EMERGING ISSUES,618,580,IRKRATREC,KRATOMMON,1,RC-KRATOM - PAST MONTH USE,,,2
RECODED EMERGING ISSUES,618,580,IRVAPANYREC,VAPANYFLAG,1,RC-ANY VAPING - EVER USED,,,2
RECODED EMERGING ISSUES,618,580,IRVAPANYREC,VAPANYYR,1,RC-ANY VAPING - PAST YEAR USE,,,2
RECODED EMERGING ISSUES,618,580,IRVAPANYREC,VAPANYMON,1,RC-ANY VAPING - PAST MONTH USE,,,2
RECODED EMERGING ISSUES,618,580,IRVAPNICREC,VAPNICFLAG,1,RC-NICOTINE OR TOBACCO VAPING - EVER USED,,,2
RECODED EMERGING ISSUES,618,580,IRVAPNICREC,VAPNICYR,1,RC-NICOTINE OR TOBACCO VAPING - PAST YEAR USE,,,2
RECODED EMERGING ISSUES,618,580,IRVAPNICREC,VAPNICMON,1,RC-NICOTINE OR TOBACCO VAPING - PAST MONTH USE,,,2
RECODED EMERGING ISSUES,618,580,"TOBFLAG, VAPNICFLAG",TOBNVAPFLAG,1,RC-ANY TOBACCO PRODUCTS OR NICOTINE VAPING - EVER USED,,,2
RECODED EMERGING ISSUES,618,580,"TOBYR, VAPNICYR",TOBNVAPYR,1,RC-ANY TOBACCO PRODUCTS OR NICOTINE VAPING - PAST YEAR USE,,,2
RECODED EMERGING ISSUES,618,580,"TOBMON, VAPNICMON",TOBNVAPMON,1,RC-ANY TOBACCO PRODUCTS OR NICOTINE VAPING - PAST MONTH USE,,,2
RECODED EMERGING ISSUES,619,581,"TOBMON, VAPNICMON",TOBVAPONL,1,RC-VAPING / TOBACCO PRODUCTS ONLY - PAST MONTH USE,,,4
RECODED EMERGING ISSUES,619,581,IRVAPFLVREC,VAPFLVFLAG,1,RC-ONLY FLAVORING VAPING - EVER USED,,,2
RECODED EMERGING ISSUES,619,581,"TOBCIGONL, VAPNICMON",TOBCIGVAP,1,RC-VAPING AND CIG/NONCIG TOBACCO COMBINATIONS-PAST MON USE,,,4
RECODED EMERGING ISSUES,619,581,IRVAPFLVREC,VAPFLVYR,1,RC-ONLY FLAVORING VAPING - PAST YEAR USE,,,2
RECODED EMERGING ISSUES,619,581,IRVAPFLVREC,VAPFLVMON,1,RC-ONLY FLAVORING VAPING - PAST MONTH USE,,,2
RECODED EMERGING ISSUES,619,581,IRVAPMRJREC,VAPMRJFLAG,1,RC-MARIJUANA VAPING - EVER USED,,,2
RECODED EMERGING ISSUES,619,581,IRVAPMRJREC,VAPMRJYR,1,RC-MARIJUANA VAPING - PAST YEAR USE,,,2
RECODED EMERGING ISSUES,619,581,IRVAPMRJREC,VAPMRJMON,1,RC-MARIJUANA VAPING - PAST MONTH USE,,,2
RECODED EMERGING ISSUES,619,581,"MRJMON, VAPMRJMON",MRJMONVAP,1,"RC-MRJ VAPE, MRJ USE BUT NOT VAPE, OR NO MRJ USE - PAST MON",,,3
RECODED EMERGING ISSUES,620,582,"VAPANYMON, VAPFLVMON, VAPMRJMON, VAPNICMON",VAPTYPEMON,1,"RC-VAPED NICOTINE, MARIJUANA, AND/OR FLAVORING - PAST MONTH",,,9
RECODED EMERGING ISSUES,620,582,VAPTYPEMON,VAPNUMTYPE,1,RC-NUM OF TYPE SUBSTANCES VAPED (NIC/MRJ/FLV) - PAST MONTH,,,5
RECODED EMERGING ISSUES,620,582,IRSYNMRJREC,SYNMRJFLAG,1,RC-SYNTHETIC MARIJUANA - EVER USED,,,2
RECODED EMERGING ISSUES,620,582,IRSYNMRJREC,SYNMRJYR,1,RC-SYNTHETIC MARIJUANA - PAST YEAR USE,,,2
RECODED EMERGING ISSUES,620,582,IRSYNMRJREC,SYNMRJMON,1,RC-SYNTHETIC MARIJUANA - PAST MONTH USE,,,2
RECODED EMERGING ISSUES,620,582,IRSYNSTMREC,SYNSTMFLAG,1,RC-SYNTHETIC STIMULANTS - EVER USED,,,2
RECODED EMERGING ISSUES,620,582,IRSYNSTMREC,SYNSTMYR,1,RC-SYNTHETIC STIMULANTS - PAST YEAR USE,,,2
RECODED EMERGING ISSUES,620,582,IRSYNSTMREC,SYNSTMMON,1,RC-SYNTHETIC STIMULANTS - PAST MONTH USE,,,2
MARKET INFORMATION FOR MARIJUANA,621,583,MJE01,MMGETMJ1,2,HOW DID YOU GET LAST MARIJUANA USED,"The values in this section may be inconsistent with values for variables in other sections of the interview. Items in this section were edited when respondents legitimately skipped out of these items based on prior answers in earlier sections. Otherwise, variables in one section of the interview generally were not edited to make them consistent with variables in another section of the interview. This note applies to variables in this section marked by a1. Now think about the last time you used marijuana. How did you get this marijuana?",,10
MARKET INFORMATION FOR MARIJUANA,621,583,MJE02,MMBTREC11,2,TIME SINCE YOU LAST BOUGHT MARIJUANA,How long has it been since you last bought any marijuana?,,10
MARKET INFORMATION FOR MARIJUANA,621,583,MJE03,MMBTPYR1,2,BOUGHT MARIJUANA PAST 12 MONTHS,"During the past 12 months, that is, since [DATEFILL], did you buy any marijuana?",,9
MARKET INFORMATION FOR MARIJUANA,621,583,MJE04,MMBTREC21,2,TIME SINCE YOU LAST BOUGHT MARIJUANA,How long has it been since you last bought any marijuana?,,8
MARKET INFORMATION FOR MARIJUANA,622,584,MJE05,MMBT30DY1,2,# DAYS BOUGHT MARIJUANA PAST 30 DAYS,"During the past 30 days, that is, since [DATEFILL], on how many days did you buy marijuana?",,8
MARKET INFORMATION FOR MARIJUANA,622,584,MJE05B,MMBTDISP,2,BUY LAST MARIJUANA FROM STORE OR DISPENSARY,"The last time you bought any marijuana, did you buy it from a store or dispensary?","NOTE: Starting with the 2020 NSDUH, the following variables MMBJOINT, MMBLOOSE, and MMBOTHER replace variable MMJNTLOO that was created for the 2002 through 2014 and 2018 through 2019 NSDUHs. Beginning with the 2020 survey, the format of MJE06 was revised so respondents could select all answer choices that apply to them including a new response option, resulting in a new edited variable created for each response option. Therefore, these variables are not considered comparable to the variable created in 2019 and earlier years. Think about the last time you bought marijuana. Did you buy marijuana that had already been rolled into joints, marijuana that was in loose form, or marijuana that was in some other form?",10
MARKET INFORMATION FOR MARIJUANA,622,584,MJE061,MMBJOINT,2,LAST MARIJUANA BOUGHT IN JOINTS,,,9
MARKET INFORMATION FOR MARIJUANA,622,584,MJE062,MMBLOOSE,2,LAST MARIJUANA BOUGHT IN LOOSE FORM,,,9
MARKET INFORMATION FOR MARIJUANA,623,585,MJE063,MMBOTHER,2,LAST MARIJUANA BOUGHT IN OTHER FORM,,"NOTE: Starting with the 2020 NSDUH, the following variables MMJNTNUM1, MMJNPCTB1, MMJNPCAT1, MMLSUNIT1, MMLSGMS1, MMLS10GM1, MMLSOZS1, MMLSLBS1, MMLSPCTB1, and MMLSPCAT1 replace variables MMJNTNUM, MMJNPCTB, MMJNPCAT, MMLSUNIT, MMLSGMS, MMLS10GM, MMLSOZS, MMLSLBS, MMLSPCTB, and MMLSPCAT that were created for the 2002 through 2014 and 2018 through 2019 NSDUHs. Due to the impact from changes to previous questions, these variables are not considered comparable to the variables created in 2019 and earlier years. How many joints did you buy the last time you bought marijuana?",8
MARKET INFORMATION FOR MARIJUANA,623,585,MJE07,MMJNTNUM11,3,# MARIJUANA JOINTS BOUGHT LAST TIME,,,8
MARKET INFORMATION FOR MARIJUANA,623,585,MJE08,MMJNPCTB11,2,AMOUNT PAID FOR LAST MARIJUANA JOINTS BOUGHT,How much did you pay for the joints/joint you bought this last time?,,19
MARKET INFORMATION FOR MARIJUANA,624,586,"MJE08, MJE09, MJE10, MJE11, MJE12, MJE13",MMJNPCAT11,3,PRICE CATEGORY OF LAST MARIJUANA JOINTS BOUGHT,"More specifically, which of these categories includes the price you paid for the joint/joints you bought this last time?",,31
MARKET INFORMATION FOR MARIJUANA,624,586,MJE14,MMLSUNIT11,2,"AMT OF MARIJUANA BOUGHT LAST TIME: GRMS,OZ,LBS","Now we want to know how much marijuana in loose form you bought the last time you bought marijuana. Do you want to give your answer in grams, ounces, or pounds?",,10
MARKET INFORMATION FOR MARIJUANA,624,586,MJE15,MMLSGMS11,2,AMT OF MARIJUANA BOUGHT LAST TIME - GRAMS,"The last time you bought marijuana, how many grams did you buy?",,9
MARKET INFORMATION FOR MARIJUANA,625,587,MJE16,MMLS10GM11,3,AMT OF MARIJUANA BOUGHT LAST TIME - OVER 10 GRAMS,How many grams of marijuana did you buy?,,7
MARKET INFORMATION FOR MARIJUANA,625,587,MJE17,MMLSOZS11,2,AMT OF MARIJUANA BOUGHT LAST TIME - OUNCES,"The last time you bought marijuana, how many ounces did you buy?",,14
MARKET INFORMATION FOR MARIJUANA,625,587,MJE18,MMLSLBS11,2,AMT OF MARIJUANA BOUGHT LAST TIME - POUNDS,"The last time you bought marijuana, how many pounds did you buy?",,10
MARKET INFORMATION FOR MARIJUANA,626,588,MJE20,MMLSPCTB11,2,AMOUNT PAID FOR MARIJUANA BOUGHT LAST TIME,How much did you pay for the marijuana you bought this last time?,,19
MARKET INFORMATION FOR MARIJUANA,627,589,"MJE20, MJE21, MJE22, MJE23, MJE24, MJE25",MMLSPCAT11,3,PRICE CATEGORY OF LAST LOOSE MARIJUANA BOUGHT,"More specifically, which of these categories includes the price you paid for the marijuana you bought this last time?","NOTE: Starting with the 2020 NSDUH, the following variables MMBUYWHO1, MMBPLACE1, MMBPLOSP2, and MMBATJOB1 replace variables MMBUYWHO, MMBPLACE, MMBPLOSP, and MMBATJOB that were created for the 2002 through 2014 and 2018 through 2019 NSDUHs. Beginning with the 2020 survey, a criterion was added to the skip logic governing the administration of questions MJE26, MJE27, and MJE28 causing respondents who reported buying their last marijuana from a store or dispensary (MJE05b=1) to be skipped out of these questions, resulting in a smaller percentage of respondents being asked these questions. In addition, respondents are routed to MJE27SP based on the response to MJE27. Therefore, these variables are not considered comparable to variables created in 2019 and earlier years. The last time you bought marijuana, who did you buy it from?",43
MARKET INFORMATION FOR MARIJUANA,628,590,MJE26,MMBUYWHO11,2,WHO SOLD YOU LAST MARIJUANA BOUGHT,,,11
MARKET INFORMATION FOR MARIJUANA,628,590,MJE27,MMBPLACE11,2,WHERE YOU WERE LAST TIME BOUGHT MARIJUANA,"The last time you bought marijuana, where were you when you bought it?",,16
MARKET INFORMATION FOR MARIJUANA,629,591,MJE27SC,MMBPLOSP21,2,OTHER PLACE BOUGHT MJ THE LAST TIME,,,22
MARKET INFORMATION FOR MARIJUANA,629,591,MJE28,MMBATJOB11,2,AT JOB OR BUSINESS LAST TIME BOUGHT MARIJUANA,The last time you bought marijuana were you at work at your job or business?,,11
MARKET INFORMATION FOR MARIJUANA,629,591,MJE29,MMBCLOSE1,2,HOW NEAR YOU WHEN BOUGHT MARIJUANA LAST TIME,"The last time you bought marijuana, where did you buy it?",,9
MARKET INFORMATION FOR MARIJUANA,630,592,MJE30,MMBSELL1,2,SELL ANY MARIJUANA BOUGHT LAST TIME,Did you sell any of the marijuana you bought this last time?,,9
MARKET INFORMATION FOR MARIJUANA,630,592,MJE31,MMBGIVE1,2,GIVE AWAY/SHARE MARIJUANA BOUGHT LAST TIME,Did you give away or share any of the marijuana you bought this last time?,,9
MARKET INFORMATION FOR MARIJUANA,630,592,MJE32,MMTRADE1,2,TRADED SOMETHING FOR MARIJUANA PAST 12 MOS,"During the past 12 months, that is, since [DATEFILL], did you trade something for marijuana?",,7
MARKET INFORMATION FOR MARIJUANA,630,592,MJE33,MMTRD30D1,2,TRADED SOMETHING FOR MARIJUANA PAST 30 DAYS,"During the past 30 days, that is, since [DATEFILL], did you trade something for marijuana?",,7
MARKET INFORMATION FOR MARIJUANA,631,593,MJE34,MMTRDREC1,2,TIME SINCE LAST TRADED SOMETHING FOR MARIJUANA,How long has it been since you last traded something for marijuana?,,10
MARKET INFORMATION FOR MARIJUANA,631,593,MJE35,MMT30FRQ1,2,# DAYS TRADED FOR MARIJUANA PAST 30 DAYS,"During the past 30 days, that is, since [DATEFILL], on how many days did you trade something for marijuana?","NOTE: Starting with the 2020 NSDUH, the following variables MMTJOINT, MMTLOOSE, and MMTOTHER replace variable MMTJNTLS that was created for the 2002 through 2014 and 2018 through 2019 NSDUHs. Beginning with the 2020 survey, the format of MJE36 was revised so respondents could select all answer choices that apply to them including a new response option, resulting in a new edited variable created for each response option. Therefore, these variables are not considered comparable to the variable created in 2019 and earlier years. Think about the last time you traded something for marijuana. Did you get marijuana that had already been rolled into joints, marijuana that was in loose form, or marijuana in some other form?",6
MARKET INFORMATION FOR MARIJUANA,631,593,MJE361,MMTJOINT,2,LAST MARIJUANA TRADED FOR IN JOINTS,,,8
MARKET INFORMATION FOR MARIJUANA,631,593,MJE362,MMTLOOSE,2,LAST MARIJUANA TRADED FOR IN LOOSE FORM,,,9
MARKET INFORMATION FOR MARIJUANA,632,594,MJE363,MMTOTHER,2,LAST MARIJUANA TRADED FOR IN OTHER FORM,,"NOTE: Starting with the 2020 NSDUH, the following variables MMTJNTNM1, MMTJWRCB1, MMTJWRTH1, MMTLGMS1, MMTLOZS1, MMTLWRCB1, MMTLWRTH1 and MMTUNIT1 replace variables MMTJNTNM, MMTJWRCB, MMTJWRTH, MMTLGMS, MMTLOZS, MMTLWRCB, MMTLWRTH, and MMTUNIT that were created for the 2002 through 2014 and 2018 through 2019 NSDUHs. Due to the impact from changes to previous questions, these variables are not considered comparable to the variables created in 2019 and earlier years. How many joints did you get the last time you traded something for marijuana?",8
MARKET INFORMATION FOR MARIJUANA,632,594,MJE37,MMTJNTNM11,3,# MARIJUANA JOINTS TRADED FOR LAST TIME,,,7
MARKET INFORMATION FOR MARIJUANA,632,594,MJE38,MMTJWRCB11,2,AMOUNT WORTH LAST MARIJUANA JOINTS TRADED FOR,How much do you think the marijuana in these joints/this joint was worth?,,12
MARKET INFORMATION FOR MARIJUANA,632,594,"MJE38, MJE39, MJE40, MJE41, MJE42, MJE43",MMTJWRTH11,3,PRICE CATEGORY OF LAST MARIJUANA JOINTS TRADED FOR,"More specifically, which of these categories includes the price you think the marijuana in these joints/this joint was worth?",,15
MARKET INFORMATION FOR MARIJUANA,633,595,MJE44,MMTLUNIT11,2,"AMT OF MARIJUANA TRADED FOR LAST TIME: GRMS,OZ,LBS","Now we want to know how much marijuana in loose form you got the last time you traded something for marijuana. Do you want to give your answer in grams, ounces, or pounds?",,10
MARKET INFORMATION FOR MARIJUANA,633,595,MJE45,MMTLGMS11,2,AMT OF MARIJUANA TRADED FOR LAST TIME - GRAMS,"The last time you traded something for marijuana, how many grams did you get?",,8
MARKET INFORMATION FOR MARIJUANA,633,595,MJE47,MMTLOZS11,2,AMT OF MARIJUANA TRADED FOR LAST TIME - OUNCES,"The last time you traded something for marijuana, how many ounces did you get?",,13
MARKET INFORMATION FOR MARIJUANA,634,596,MJE50,MMTLWRCB11,2,AMOUNT THE LAST MARIJUANA TRADED FOR WAS WORTH,How much do you think the marijuana you got this last time was worth?,,18
MARKET INFORMATION FOR MARIJUANA,634,596,"MJE50, MJE51, MJE52, MJE53, MJE54, MJE55",MMTLWRTH11,3,PRICE CATEGORY OF LAST LOOSE MARIJUANA TRADED FOR,"More specifically, which of these categories includes the price you think the marijuana you got this last time was worth?",,26
MARKET INFORMATION FOR MARIJUANA,634,596,MJE56,MMTRDWHO1,2,WHO GAVE YOU LAST MARIJUANA TRADED FOR,"The last time you traded something for marijuana, who did you get it from?",,10
MARKET INFORMATION FOR MARIJUANA,635,597,MJE57,MMTPLACE1,2,WHERE YOU WERE LAST TIME TRADED FOR MARIJUANA,"The last time you traded something for marijuana, where were you when you got it?",,17
MARKET INFORMATION FOR MARIJUANA,635,597,MJE57SC,MMTPLOS21,2,OTHER PLACE TRADED FOR MJ THE LAST TIME,,,13
MARKET INFORMATION FOR MARIJUANA,635,597,MJE58,MMTCLOSE1,2,HOW NEAR YOU WHEN TRADED FOR MARIJUANA LAST TIME,"The last time you traded something for marijuana, where did you get it?",,9
MARKET INFORMATION FOR MARIJUANA,635,597,MJE59,MMTKEEP1,2,KEEP ALL OF LAST MARIJUANA TRADED FOR,"The last time you traded something for marijuana, did you keep it all for yourself?",,9
MARKET INFORMATION FOR MARIJUANA,636,598,MJE60,MMTSELL1,2,SELL ANY MARIJUANA YOU TRADED FOR LAST TIME,Did you sell any of the marijuana you got this last time?,,8
MARKET INFORMATION FOR MARIJUANA,636,598,MJE61,MMTGIVE1,2,GIVE AWAY ANY MARIJUANA YOU TRADED FOR LAST TIME,Did you give away any of the marijuana you got this last time?,,8
MARKET INFORMATION FOR MARIJUANA,636,598,MJE62,MMGKEEP1,2,KEEP ALL MARIJUANA LAST TIME YOU GREW IT,"The last time you grew marijuana, did you keep it all for yourself?",,7
MARKET INFORMATION FOR MARIJUANA,636,598,MJE63,MMGSELL1,2,SELL ANY MARIJUANA LAST TIME YOU GREW IT,Did you sell any of the marijuana you grew this last time?,,7
MARKET INFORMATION FOR MARIJUANA,636,598,MJE64,MMGGIVE1,2,GIVE AWAY ANY MARIJUANA LAST TIME YOU GREW IT,"The last time you grew marijuana, did you give any of it away for free?",,7
MARKET INFORMATION FOR MARIJUANA,637,599,MJE65,MMFREWHO1,2,WHO GAVE YOU LAST FREE MARIJUANA,"The last time you got marijuana for free, who did you get it from?",,9
MARKET INFORMATION FOR MARIJUANA,637,599,MJE66,MMFPLACE1,2,WHERE WERE YOU LAST TIME GOT FREE MARIJUANA,"The last time you got marijuana for free, where were you when you got it?",,15
MARKET INFORMATION FOR MARIJUANA,637,599,MJE66SC,MMFPLOS21,2,OTHER PLACE GOT MJ FOR FREE THE LAST TIME,,,23
MARKET INFORMATION FOR MARIJUANA,638,600,MJE67,MMFCLOSE1,2,HOW NEAR YOU WHEN YOU GOT LAST FREE MARIJUANA,"The last time you got marijuana for free, where did you get it?",,8
MARKET INFORMATION FOR MARIJUANA,638,600,MJE68,MMFKEEP1,2,KEEP ALL MARIJUANA GOT LAST TIME FOR FREE,"The last time you got marijuana for free, did you keep it all for yourself?",,8
MARKET INFORMATION FOR MARIJUANA,638,600,MJE69,MMFSELL1,2,SELL ANY MARIJUANA GOT LAST TIME FOR FREE,Did you sell any of the marijuana you got this last time?,,7
MARKET INFORMATION FOR MARIJUANA,638,600,MJE70,MMFGIVE1,2,GIVE AWAY ANY MARIJUANA GOT LAST TIME FOR FREE,Did you give away any of the marijuana you got this last time?,,8
INTERVIEW INFORMATION,639,601,,LANGVER,1,LANGUAGE VERSION,,,2
INTERVIEW INFORMATION,639,601,,QUARTER,1,QUARTER INDICATOR,,,4
INTERVIEW INFORMATION,639,601,,GQTYPE2,1,TYPE OF GROUP QUARTER,,,3
DEMOGRAPHICS,640,602,,AGE3,2,RECODE - FINAL EDITED AGE,"NOTE: After a respondent has entered his/her birthdate in the first part of the questionnaire, he/she has multiple opportunities to change his/her age in response to consistency checks throughout the questionnaire. It is therefore possible for the age recorded by the respondent at the beginning of the questionnaire to be different than the age at the end of the questionnaire. The final age variable is determined using these two constituent age variables, in addition to the age calculated from the raw birthdate and the final edited interview date, the age entered in the questionnaire roster (if it exists), and the pre-interview screener age.",,11
DEMOGRAPHICS,640,602,QD08,NOMARR2,2,NUMBER OF TIMES MARRIED,How many times have you been married?,,6
DEMOGRAPHICS,640,602,QD09,SERVICE,2,EVER BEEN IN THE US ARMED FORCES,Have you ever been in the United States Armed Forces?,,6
DEMOGRAPHICS,640,602,QD10,MILSTAT,2,CURRENT MILITARY STATUS,"Are you currently on active duty in the United States Armed Forces, are you in a Reserve component, or are you now separated or retired from the military?",,7
DEMOGRAPHICS,641,603,QD10A,ACTDEVER,2,EVER ON ACTIVE DUTY IN US MILITARY/RESERV,"Have you ever served on active duty in the United States Armed Forces or Reserve components? Active duty does not include training for the Reserves or National Guard, but does include activation, for example, for a national emergency or military conflict.",,7
DEMOGRAPHICS,641,603,QD10B1,ACTD2001,2,SEPTEMBER 2001 OR LATER,When did you serve on active duty in the United States Armed Forces or Reserve components? Just give me the number or numbers from the card.,,7
DEMOGRAPHICS,641,603,QD10B2,ACTD9001,2,AUG 1990 TO AUG 2001 (INCLUDING PERSIAN GULF WAR),,,7
DEMOGRAPHICS,641,603,QD10B3,ACTD7590,2,MAY 1975 TO JULY 1990,,,7
DEMOGRAPHICS,641,603,QD10B4,ACTDVIET,2,VIETNAM ERA (MARCH 1961 TO APRIL 1975),,,7
DEMOGRAPHICS,642,604,"QD10B5, QD10B6, QD10B7, QD10B8, QD10B9",ACTDPRIV,2,ANY TIME BEFORE VIETNAM ERA (MARCH 1961),,,7
DEMOGRAPHICS,642,604,QD10C,COMBATPY,2,EVER IN COMBAT ZONE ON ACTIVE DUTY,Did you ever serve on active duty in the United States Armed Forces or Reserve components in a military combat zone or an area where you drew imminent danger pay or hostile fire pay?,,7
DEMOGRAPHICS,642,604,QD12,HEALTH,2,OVERALL HEALTH,"This question is about your overall health. Would you say your health in general is excellent, very good, good, fair, or poor?",,7
DEMOGRAPHICS,642,604,QD13,MOVSINPYR2,3,# TIMES MOVED PAST 12 MONTHS- RECODED,How many times in the past 12 months have you moved? Please include moves from one residence to another within the same city/town as well as those from one city/town to another.,,8
DEMOGRAPHICS,642,604,QD62,SEXATRACT,2,SEXUAL ATTRACTION,People are different in their sexual attraction to other people. Which statement best describes your feelings?,,11
DEMOGRAPHICS,643,605,QD63,SEXIDENT,2,SEXUAL IDENTITY,Which one of the following do you consider yourself to be?,,8
DEMOGRAPHICS,643,605,QD55,SPEAKENGL,2,HOW WELL SPEAK ENGLISH,How well do you speak English?,,8
DEMOGRAPHICS,643,605,SEE,LVLDIFSEE2,2,LEVEL OF DIFFICULTY SEEING EVEN WITH GLASSES,"Do you have difficulty seeing, even when wearing glasses or contact lenses?",,7
DEMOGRAPHICS,643,605,HEAR,LVLDIFHEAR2,2,LEVEL OF DIFFICULTY HEARING EVEN WITH HEARING AIDS,"Do you have difficulty hearing, even when using hearing aids?",,7
DEMOGRAPHICS,643,605,WALK,LVLDIFWALK2,2,LEVEL OF DIFFICULTY WALKING OR CLIMBING STEPS,Do you have difficulty walking or climbing steps?,,7
DEMOGRAPHICS,644,606,"HEAR, MEM",LVLDIFMEM2,2,LEVEL OF DIFFICULTY REMEMBERING OR CONCENTRATING,Do you have difficulty remembering or concentrating?,,7
DEMOGRAPHICS,644,606,CARE,LVLDIFCARE2,2,LEVEL OF DIFFICULTY WITH SELF-CARE,"Do you have difficulty with self-care, such as washing all over or dressing?",,7
DEMOGRAPHICS,644,606,COMM,LVLDIFCOMM2,2,LEVEL OF DIFFICULTY COMMUNICATING USING YOUR USUAL LANGUAGE,"Using your usual language, do you have difficulty communicating, for example understanding or being understood?",,7
IMPUTED DEMOGRAPHICS,645,607,QD01,IRSEX,1,IMPUTATION REVISED GENDER,"Beginning with the 2002 survey, missing values for the gender question (QD01) were no longer permitted. Thus, no imputation was required. This variable has the prefix 'IR', which stands for 'Imputation Revised', only for the sake of consistency with data sets from earlier surveys.",NOTE: The variable IRMARIT reflects the move of the marital status questions from self-administration in 2015 back to interviewer administration in 2016. This variable is considered to be comparable with corresponding variables in 2002 to 2014 (when this question also was interviewer- administered) but is not considered to be comparable with the marital status variable IRMARITSTAT in 2015. Analytic goals should be considered prior to pooling or comparing marital status data from 2015 with data from other years.,2
IMPUTED DEMOGRAPHICS,645,607,,IRMARIT,2,IMPUTATION REVISED MARITAL STATUS,,,5
IMPUTED DEMOGRAPHICS,645,607,,IIMARIT,1,IMPUTATION INDICATOR MARITAL STATUS,,,3
IMPUTED DEMOGRAPHICS,645,607,,IREDUHIGHST2,2,EDUCATION - RECODED IMPUTATION REVISED,,,11
IMPUTED DEMOGRAPHICS,645,607,,IIEDUHIGHST2,1,EDUCATION INDICATOR - IMPUTATION INDICATOR,,,2
RECODED DEMOGRAPHICS,646,608,AGE3,CATAGE,1,RC-AGE CATEGORY,,,4
RECODED DEMOGRAPHICS,646,608,AGE3,CATAG2,1,RC-AGE CATEGORY RECODE (3 LEVELS),,,3
RECODED DEMOGRAPHICS,646,608,AGE3,CATAG3,1,RC-AGE CATEGORY RECODE (5 LEVELS),,,5
RECODED DEMOGRAPHICS,646,608,AGE3,CATAG6,1,RC-AGE CATEGORY RECODE (6 LEVELS),,,6
RECODED DEMOGRAPHICS,646,608,AGE3,CATAG7,1,RC-AGE CATEGORY RECODE (7 LEVELS),,,7
RECODED DEMOGRAPHICS,646,608,AGE3,PREGAGE2,1,RC-PREGNANCY AGE CATEGORY RECODE,,,4
RECODED DEMOGRAPHICS,646,608,AGE3,DRVINAGE,1,RC-DUI AGE CATEGORY RECODE,,,3
RECODED DEMOGRAPHICS,647,609,AGE3,DRVINDETAG,1,RC-DUI DETAILED AGE CATEGORY RECODE,,,4
RECODED DEMOGRAPHICS,647,609,"CATAGE, IRSEX",SEXAGE,1,RC-COMBINED GENDER BY AGE CATEGORY INDICATOR,,,5
RECODED DEMOGRAPHICS,647,609,,NEWRACE2,1,RC-RACE/HISPANICITY RECODE (7 LEVELS),,,7
RECODED DEMOGRAPHICS,647,609,"IRSEX, NEWRACE2",SEXRACE,1,RC-COMBINED GENDER BY RACE INDICATOR,,,7
RECODED DEMOGRAPHICS,647,609,IREDUHIGHST2,EDUHIGHCAT,1,RC-EDUCATION CATEGORIES,,,5
RECODED DEMOGRAPHICS,647,609,HEALTH,HEALTH2,1,RC-OVERALL HEALTH RECODE,,,5
EDUCATION,648,610,"QD17, QD17A, QD17B",EDUSCHLGO,2,NOW GOING TO SCHOOL,"NOTE: EDUSCHLGO takes into account information from follow-up probes if respondents originally reported that they were not enrolled in school. Based on these probes, respondents were coded as yes (i.e., enrolled) if they were on break from school and intended to return to school once their break was over. EDUSCHLGO was assigned a code of 11 if the respondent reported currently being enrolled but there was uncertainty about the respondent's school enrollment status. The next questions are about school. By 'school', we mean elementary school, junior high or middle school, high school, or a college or university. Please include home schooling as well. Do you go to school? If you are on a holiday or break from school, such as spring break or summer vacation, but plan to return when the break is over, please answer yes.",,7
EDUCATION,648,610,QD18,EDUSCHGRD2,2,WHAT GRADE IN NOW/WILL BE IN,What grade or year of school are you now attending? What grade or year of school will you be attending when your vacation is over?,,13
EDUCATION,648,610,QD19,EDUFULPAR,2,FULL OR PART TIME,Are you a full-time student or a part-time student? Will you be a full-time student or a part-time student?,,7
EDUCATION,649,611,QD20,EDUSCKMON,2,HOW MANY DAYS MISSED SCHOOL FROM SICK,"During the past 30 days, that is, from [DATEFILL] up to and including today, how many whole days of school did you miss because you were sick or injured? Please do not include days you missed because you stayed home with a sick child or other family member.",,8
EDUCATION,649,611,QD20DKRE,EDUSCKEST,2,BEST ESTIMATE # DAYS MISSED BECAUSE SICK OR INURED,What is your best estimate of the number of whole days of school you missed because you were sick or injured during the past 30 days?,"NOTE: EDUSCKCOM is a recoded variable that incorporates data from EDUSCKMON (if respondents reported a valid number of days that they missed school in QD20 or they reported that school was not in session) or EDUSCKEST (if respondents were asked question QD20DKRE because they answered QD20 as ""don't know"" or ""refused""). If respondents reported in QD20DKRE that they missed school on ""3 to 5 days"" or on ""6 or more days,"" then EDUSCKCOM was assigned the value at the midpoint in the range (i.e., 4 days or 18 days, respectively).",10
EDUCATION,649,611,"QD20, QD20DKRE",EDUSCKCOM,2,RC - HOW MANY DAYS MISSED SCHOOL FROM SICK (COMBINED),,,6
EDUCATION,649,611,QD21,EDUSKPMON,2,HOW MANY DAYS MISSED SCHOOL FROM SKIPPING,"During the past 30 days, that is since [DATEFILL], how many whole days did you miss because you skipped or ""cut"" or just didn't want to be there? Please do not include days you missed because you stayed home with a sick child or other family member.",,7
EDUCATION,650,612,QD21DKRE,EDUSKPEST,2,BEST ESTIMATE # DAYS MISSED BECAUSE SKIPPED OR CUT,What is your best estimate of the number of whole days of school you missed because you skipped or 'cut' or just didn’t want to be there during the past 30 days?,"NOTE: EDUSKPCOM is a recoded variable that incorporates data from EDUSKPMON (if respondents reported a valid number of days that they missed school in QD21) or EDUSKPEST (if respondents were asked question QD21DKRE because they answered QD21 as ""don't know"" or ""refused""). If respondents reported in QD21DKRE that they missed school on ""3 to 5 days"" or on ""6 or more days,"" then EDUSKPCOM was assigned the value at the midpoint in the range (i.e., 4 days or 18 days, respectively).",9
EDUCATION,650,612,"QD21, QD21DKRE",EDUSKPCOM,2,RC - HOW MANY DAYS MISSED SCHOOL FROM SKIPPING (COMBINED),,,5
EDUCATION,650,612,QD10D,MILTFAMLY,2,ANY IMMEDIATE FAMILY CURRENTLY IN US MILITARY,"For this question, please consider only the family members listed below, whether or not they live with you. • Your spouse • Your unmarried partner • Your mother • Your father • Your son or sons • Your daughter or daughters • Your brother or brothers • Your sister or sisters Please include only these family members, whether they are biological, step or adoptive. Are any of these family members currently serving in the United States military? Press F2 to see and hear a definition of “military.”",,6
EDUCATION,650,612,"QD10E1, QD10E2",MILTSPPAR,2,SPOUSE OR PARTNER IN MILITARY,,,7
EDUCATION,651,613,"QD10E3, QD10E4",MILTPARNT,2,FATHER OR MOTHER IN MILITARY,,,7
EDUCATION,651,613,"QD10E5, QD10E6",MILTCHLDR,2,SON OR DAUGHTER IN MILITARY,,,7
EDUCATION,651,613,"QD10E7, QD10E8",MILTSIBLN,2,SISTER OR BROTHER IN MILITARY,,,7
RECODED EDUCATION,652,614,"AGE3, EDUFULPAR, EDUSCHGRD2, EDUSCHLGO",ENRLCOLLFT2,1,RC-COLLEGE ENROLLMENT-FULL TIME,,,3
RECODED EDUCATION,652,614,"AGE3, EDUFULPAR, EDUSCHGRD2, EDUSCHLGO",ENRLCOLLST2,1,RC-COLLEGE ENROLLMENT,,,5
EMPLOYMENT,653,615,"WRK35WKUS, WRKDPSTWK, WRKDPSTYR, WRKEFFORT, WRKRSNJOB, WRKRSNNOT",WRKSTATWK2,2,WORK SITUATION IN PAST WEEK - RECODE,,,11
EMPLOYMENT,653,615,QD26,WRKDPSTWK,2,WORK AT JOB LAST WEEK,"The next questions are about working. Did you work at a job or business at any time last week? By last week, I mean the week beginning on Sunday, [STARTDATE] and ending on Saturday, [ENDDATE].",,9
EMPLOYMENT,653,615,QD27,WRKHADJOB,2,DID YOU HAVE A JOB OR BUSINESS,"Even though you did not work at any time last week, did you have a job or business?",,9
EMPLOYMENT,653,615,QD28,WRKDHRSWK2,3,HOW MANY HOURS WORKED LAST WEEK,How many hours did you work last week at all jobs or businesses?,,7
EMPLOYMENT,654,616,QD29,WRK35WKUS,2,USUALLY WORK 35 OR MORE HRS PER WEEK,Do you usually work 35 hours or more per week at all jobs or businesses?,,7
EMPLOYMENT,654,616,QD30,WRKRSNNOT,3,REASON FOR NOT WORKING AT JOB - PAST WK,Which one of these reasons best describes why you did not work last week?,,11
EMPLOYMENT,654,616,QD31,WRKRSNJOB,3,REASON FOR NOT HAVING A JOB - PAST WK,Which one of these reasons best describes why you did not have a job or business last week?,,14
EMPLOYMENT,654,616,QD32,WRKEFFORT,2,"PAST 30 DAYS, MAKE EFFORT TO FIND WORK","During the past 30 days, did you make specific efforts to find work? Include any contacts you made with anyone about a job, sending out resumes or applications, placing or answering ads. Do not include only reading job ads.",,6
EMPLOYMENT,655,617,QD33,WRKDPSTYR,2,"PAST 12 MOS, WORKED AT ANY JOB","Now, think about the past 12 months, from [DATEFILL] through today. Did you work at a job or business at any time during the past 12 months?",,8
EMPLOYMENT,655,617,QD34,WRKSELFEM,2,"PAST 12 MOS, SELF EMPLOYED",Have you been self-employed at any time during the past 12 months?,,8
EMPLOYMENT,655,617,"QD35, QD36",WRKNUMJOB2,2,"PAST 12 MOS, HOW MANY EMPLOYERS","How many different employers, including yourself, have you had in the past 12 months?",,9
EMPLOYMENT,655,617,QD37,WRKNJBPYR,2,"PAST 12 MOS, TIME WITH NO JOB","During the past 12 months, was there ever a time when you did not have at least one job or business?",,7
EMPLOYMENT,655,617,QD38,WRKNJBWKS,2,HOW MANY WKS W/O JOB IN PAST 12 MOS,In how many weeks during the past 12 months did you not have at least one job or business?,,6
EMPLOYMENT,656,618,QD39A,WRKLASTYR2,4,WHAT YEAR LAST WORKED,In what year did you last work at a job or business?,,9
EMPLOYMENT,656,618,QD40,WRKSICKMO,2,# DAYS MISSED WORK FOR INJURY/ILLNESS PAST 30 DAYS,"During the past 30 days, that is from [DATEFILL] up to and including today, how many whole days of work did you miss because you were sick or injured?",,7
EMPLOYMENT,656,618,QD41,WRKSKIPMO,2,# DAYS SKIPPED WORK PAST 30 DAYS,"During the past 30 days, that is from [DATEFILL] up to and including today, how many whole days of work did you miss because you just didn't want to be there? Please do not include days you missed because of a planned vacation or days that you stayed home with a sick child or other family member.",,7
EMPLOYMENT,656,618,QD43,WRKDRGPOL,2,WORKPLACE HAVE WRITTEN POLICY DRUG/ALCOHOL USE,"At your workplace, is there a written policy about employee use of alcohol or drugs?",,7
EMPLOYMENT,657,619,QD44,WRKDRGALB,2,"DID POLICY COVER ALCOHOL, DRUGS, OR BOTH","Does this policy cover only alcohol, only drugs, or both alcohol and drugs?",,8
EMPLOYMENT,657,619,QD45,WRKDRGEDU,2,"AT WORK, GIVEN EDUCATION ON DRUGS/ALC","At your workplace, have you ever been given any educational information regarding the use of alcohol or drugs?",,7
EMPLOYMENT,657,619,QD46,WRKDRGHLP,2,ANY ASSISTANCE PROGRAM OFFERED THROUGH WRK,"Through your workplace, is there access to any type of employee assistance program or other type of counseling program for employees who have alcohol or drug-related problems?",,7
EMPLOYMENT,657,619,QD47,WRKTSTALC,2,WORKPLACE TESTS FOR ALCOHOL USAGE,Does your workplace ever test its employees for alcohol use?,,7
EMPLOYMENT,657,619,QD48,WRKTSTDRG,2,WORKPLACE TESTS FOR DRUG USAGE,Does your workplace ever test its employees for drug use?,,7
EMPLOYMENT,658,620,QD49,WRKTSTHIR,2,TEST FOR DRUG/ALC AS HIRING PROCESS,Does your workplace test its employees for drug or alcohol use as part of the hiring process?,,7
EMPLOYMENT,658,620,QD50,WRKTSTRDM,2,TEST ON RANDOM BASIS,Does your workplace test its employees for drug or alcohol use on a random basis?,,7
EMPLOYMENT,658,620,QD51,WRKTST1ST,2,WHAT HAPPENS FIRST TIME CAUGHT,"According to the policy at your workplace, what happens to an employee the first time he or she tests positive for illicit drugs?",,10
EMPLOYMENT,658,620,QD52,WRKOKPREH,2,WOULD YOU WORK FOR EMP DOES DRUG TEST PRE-HIRE,Would you be more or less likely to want to work for an employer that tests its employees for drug use as part of the hiring process?,,8
EMPLOYMENT,658,620,QD53,WRKOKRAND,2,WOULD YOU WORK FOR EMP DOES DRUG/ALC TEST RANDOMLY,Would you be more or less likely to want to work for an employer that tests its employees for drug or alcohol use on a random basis?,,8
IMPUTED EMPLOYMENT,659,621,WRKSTATWK2,IRWRKSTAT,2,EMPLOYMENT STATUS - IMPUTATION REVISED,"The following variable, IRWRKSTAT, replaces EMPSTATY that was created from 2001 to 2014. In 2015 employment questions moved from being interviewer-administered to being self-administered through ACASI. The name changes for employment variables reflect the break in comparability.",,5
IMPUTED EMPLOYMENT,659,621,WRKSTATWK2,IIWRKSTAT,1,EMPLOYMENT STATUS - IMPUTATION INDICATOR,,,3
IMPUTED EMPLOYMENT,659,621,WRKSTATWK2,II2WRKSTAT,1,EMPLOYMENT STATUS - DETAILED IMPUTATION INDICATOR,,,4
IMPUTED EMPLOYMENT,659,621,"AGE3, IRWRKSTAT",IRWRKSTAT18,2,EMPLOYMENT STATUS 18+ - IMPUTATION REVISED,"IRWRKSTAT18 is a recode of IRWRKSTAT and AGE3. Respondents aged 12-17 are assigned a skip code, regardless of their answers to the employment status questions.",,5
IMPUTED EMPLOYMENT,659,621,"AGE3, IIWRKSTAT",IIWRKSTAT18,1,EMPLOYMENT STATUS 18+ - IMPUTATION INDICATOR,,,3
IMPUTED EMPLOYMENT,659,621,"AGE3, II2WRKSTAT",II2WRKST18,1,EMPLOYMENT STATUS 18+ - DETAILED IMPUTATION INDICATOR,,,4
HOUSEHOLD COMPOSITION (ROSTER),660,622,,EDFAM18,2,RC-EDITED INDICATOR: FAMILY IN HH 18 OR OLDER,"NOTE: Starting from 2003, the following variable, EDFAM18, replaced the variable IRFAM18 (the imputation-revised indicator for having family members in the household aged 18 or older). Prior to 2003, the edited proxy variables were created using IRFAM18. However in 2003, the procedures for creating the edited proxy variables changed due to changes in the proxy questions in the questionnaire. The new procedures required an edited form of this indicator.",,3
HOUSEHOLD COMPOSITION (ROSTER),660,622,,IMOTHER,1,RC-MOTHER IN HH,"(FRELAT10, FRELAT11, FRELAT12, FRELAT13, FRELAT14, FRELAT15, FRELAT16, FRELAT17, FRELAT18, FRELAT19, FRELAT20, FRELAT21, FRELAT22, FRELAT23, FRELAT24, FRELAT25, FRELATO2, FRELATO3, FRELATO4, FRELATO5, FRELATO6, FRELATO7, FRELATO8, FRELATO9, FRELATON)",,4
HOUSEHOLD COMPOSITION (ROSTER),660,622,,IFATHER,1,RC-FATHER IN HH,"(MRELAT10, MRELAT11, MRELAT12, MRELAT13, MRELAT14, MRELAT15, MRELAT16, MRELAT17, MRELAT18, MRELAT19, MRELAT20, MRELAT21, MRELAT22, MRELAT23, MRELAT24, MRELAT25, MRELATO2, MRELATO3, MRELATO4, MRELATO5, MRELATO6, MRELATO7, MRELATO8, MRELATO9, MRELATON)",,4
HOUSEHOLD COMPOSITION (ROSTER),660,622,,NRCH17_2,1,RECODED # R's CHILDREN < 18 IN HOUSEHOLD,,,3
HOUSEHOLD COMPOSITION (ROSTER),660,622,,IRHHSIZ2,1,RECODE - IMPUTATION-REVISED # PERSONS IN HH,,,6
HOUSEHOLD COMPOSITION (ROSTER),660,622,,IIHHSIZ2,1,IRHHSIZ2-IMPUTATION INDICATOR,,,2
HOUSEHOLD COMPOSITION (ROSTER),660,622,,IRKI17_2,1,RECODE - IMPUTATION-REVISED # KIDS AGED<18 IN HH,,,4
HOUSEHOLD COMPOSITION (ROSTER),660,622,,IIKI17_2,1,IRKI17_2-IMPUTATION INDICATOR,,,3
HOUSEHOLD COMPOSITION (ROSTER),661,623,,IRHH65_2,1,REC - IMPUTATION-REVISED # OF PER IN HH AGED>=65,,,3
HOUSEHOLD COMPOSITION (ROSTER),661,623,,IIHH65_2,1,IRHH65_2-IMPUTATION INDICATOR,,,3
COVID-19,662,624,COV1,CONEGMH,2,HOW COVID-19 NEGATIVELY AFFECTED MENTAL HEALTH,"Since the beginning of the COVID-19 pandemic, how much, if at all, has COVID-19 negatively affected your emotional or mental health?",,9
COVID-19,662,624,COV2,COALCUSE,2,HOW COVID-19 AFFECTED AMOUNT OF ALCOHOL DRANK,"How much, if at all, has the COVID-19 pandemic affected the amount of alcohol you drink?",,11
COVID-19,662,624,COV3,CODRGUSE,2,HOW COVID-19 AFFECTED DRUG USE,"How much, if at all, has the COVID-19 pandemic affected your drug use other than alcohol? By drugs we mean cannabis, which includes marijuana and hashish, cocaine, methamphetamine, heroin, fentanyl, hallucinogens, such as LSD, and prescription medications including benzodiazepines such as Xanax and Ativan, stimulants such as Ritalin and Adderall, and opioids such as hydrocodone or oxycodone.",,12
COVID-19,662,624,COV4,COFINANC,2,HOW OFTEN HAD SERIOUS FINANCIAL WORRIES DUE TO COVID-19,How often have you had serious financial worries because of the COVID-19 pandemic?,,9
COVID-19,663,625,COV6A,COMHTELE,2,MENTAL HLTH APPTS MOVED TO TELEHEALTH DUE TO COVID-19,"Because of the COVID-19 pandemic in the U.S., did you experience any of the following in your access to mental health treatment? Appointments moved from in-person to telehealth?",,7
COVID-19,663,625,COV6B,COMHAPTDL,2,DELAYS/CANCELLATIONS IN MENTAL HLTH APPTS DUE TO COVID-19,Delays or cancellations in appointments?,,7
COVID-19,663,625,COV6C,COMHRXDL,2,DELAYS GETTING MENTAL HLTH PRESCRIPTIONS DUE TO COVID-19,Delays in getting prescriptions?,,7
COVID-19,663,625,COV6D,COMHSVHLT,2,LACK OF MNTL HLTH CARE CAUSED IMPACT TO HLTH DUE TO COVID-19,Unable to access needed care resulting in moderate to severe impact on health?,,7
COVID-19,663,625,COV7A,COSUTELE,2,SUB USE TRMT APPTS MOVED TO TELEHEALTH DUE TO COVID-19,"Because of the COVID-19 pandemic in the U.S., did you experience any of the following in your access to substance use treatment? Appointments moved from in-person to telehealth?",,7
COVID-19,664,626,COV7B,COSUAPTDL,2,DELAYS/CANCELLATIONS IN SUB USE TRMT APPTS DUE TO COVID-19,Delays or cancellations in appointments?,,7
COVID-19,664,626,COV7C,COSURXDL,2,DELAYS GETTING SUB USE TRMT PRESCRIPTIONS DUE TO COVID-19,Delays in getting prescriptions?,,7
COVID-19,664,626,COV7D,COSUSVHLT,2,LACK OF SUB USE TRMT CAUSED IMPACT TO HLTH DUE TO COVID-19,Unable to access needed care resulting in moderate to severe impact on health?,,7
COVID-19,664,626,COV8A,COHCTELE,2,MEDICAL APPTS MOVED TO TELEHEALTH DUE TO COVID-19,"Because of the COVID-19 pandemic in the U.S., did you experience any of the following in your access to medical care? Appointments moved from in-person to telehealth?",,7
COVID-19,664,626,COV8B,COHCAPTDL,2,DELAYS/CANCELLATIONS IN MEDICAL APPTS DUE TO COVID-19,Delays or cancellations in appointments?,,7
COVID-19,665,627,COV8C,COHCRXDL,2,DELAYS GETTING MEDICAL PRESCRIPTIONS DUE TO COVID-19,Delays in getting prescriptions?,,7
COVID-19,665,627,COV8D,COHCSVHLT,2,LACK OF MED CARE CAUSED IMPACT TO HLTH DUE TO COVID-19,Unable to access needed care resulting in moderate to severe impact on health?,,7
RECODED COVID-19,666,628,CONEGMH,COCLNEGMH,1,RC-COLLAPSED HOW COVID-19 NEGATIVELY AFFECTED MENTAL HLTH,,,4
RECODED COVID-19,666,628,COALCUSE,COCLALCUSE,1,RC-COLLAPSED HOW COVID-19 AFFECTED AMOUNT ALCOHOL DRANK,,,4
RECODED COVID-19,666,628,CODRGUSE,COCLDRGUSE,1,RC-COLLAPSED HOW COVID-19 AFFECTED DRUG USE,,,4
RECODED COVID-19,666,628,COFINANC,COCLFINANC,1,RC-COLLAPSE HOW OFTEN SERIOUS FINANCIAL WORRIES DUE COVID,,,4
RECODED COVID-19,666,628,COMHTELE,COMHTELE2,1,RC-MENTAL HEALTH APPTS MOVED TO TELEHEALTH DUE COVID-19,,,4
RECODED COVID-19,666,628,COMHAPTDL,COMHAPTDL2,1,RC-DELAYS/CANCELLATIONS IN MENTAL HLTH APPTS DUE COVID-19,,,4
RECODED COVID-19,666,628,COMHRXDL,COMHRXDL2,1,RC-DELAYS GETTING MENTAL HLTH PRESCRIPTIONS DUE COVID-19,,,4
RECODED COVID-19,666,628,COMHSVHLT,COMHSVHLT2,1,RC-LACK MNTL HLTH CARE CAUSED IMPACT TO HLTH DUE COVID-19,,,4
RECODED COVID-19,667,629,COSUTELE,COSUTELE2,1,RC-SUB USE TRT APPTS MOVED TO TELEHEALTH DUE TO COVID-19,,,4
RECODED COVID-19,667,629,COSUAPTDL,COSUAPTDL2,1,RC-DELAYS/CANCELLATIONS IN SUB USE TRT APPTS DUE COVID-19,,,4
RECODED COVID-19,667,629,COSURXDL,COSURXDL2,1,RC-DELAYS GETTING SUB USE TRT PRESCRIPTIONS DUE COVID-19,,,4
RECODED COVID-19,667,629,COSUSVHLT,COSUSVHLT2,1,RC-LACK OF SUB USE TRT CAUSED IMPACT TO HLTH DUE COVID-19,,,4
RECODED COVID-19,667,629,COHCTELE,COHCTELE2,1,RC-MED CARE APPOINTMENTS MOVED TO TELEHEALTH DUE COVID-19,,,4
RECODED COVID-19,667,629,COHCAPTDL,COHCAPTDL2,1,RC-DELAYS/CANCELLATIONS IN MED CARE APPTS DUE TO COVID-19,,,4
RECODED COVID-19,667,629,COHCRXDL,COHCRXDL2,1,RC-DELAYS GETTING MEDICAL CARE PRESCRIPTIONS DUE COVID-19,,,4
RECODED COVID-19,667,629,COHCSVHLT,COHCSVHLT2,1,RC-LACK OF MED CARE CAUSED IMPACT TO HEALTH DUE COVID-19,,,4
PROXY INFORMATION,668,630,QP03A,PRXRETRY,2,"SELECTED PROXY UNAVAILABLE, OTHER PROXY AVAILABLE?",PRXRETRY was created starting in 2014 and indicates whether respondents younger than 18 selected another proxy if their previously selected proxy was unavailable.,,5
PROXY INFORMATION,668,630,HASJOIN,PRXYDATA,2,IS PROXY ANSWERING INSURANCE/INCOME QS,,,6
HEALTH INSURANCE,669,631,"QHI01, QHI01V",MEDICARE,2,COVERED BY MEDICARE,"The next questions are about [SAMPLE MEMBER POSS] health insurance coverage and the kinds and amounts of income that [SAMPLE MEMBER] and other people in your family receive.This information will help in planning health care services and finding ways to lower costs of care. NOTE: Beginning in 2003, respondents under the age of 65 who reported that they were covered by Medicare were asked to confirm their answer. Several government programs provide medical care or help pay medical bills. Medicare is a health insurance program for people aged 65 and older and for certain people with disabilities. Is [SAMPLE MEMBER A] covered by Medicare?","NOTE: The variable CAIDCHIP was created from responses to the first question shown below for respondents who were aged 20 or older. For respondents who were aged 12 to 19, CAIDCHIP was created from responses to the two questions shown below. This variable replaces the variable MEDICAID that was present in prior years. Beginning in 2003, respondents aged 65 or older who reported that they were covered by Medicaid were asked to confirm their answer. Medicaid is a public assistance program that pays for medical care for people with low income and people with disabilities. The Medicaid program in [STATE FILL] is also called [MEDIFILL]. Medicaid may also be called Medical Assistance. Is [SAMPLE MEMBER A] covered by Medicaid? Is [SAMPLE MEMBER A] currently covered by [CHIPFILL]?",5
HEALTH INSURANCE,669,631,"QHI02, QHI02A, QHI02V",CAIDCHIP,2,COVERED BY MEDICAID/CHIP,,,6
HEALTH INSURANCE,669,631,QHI03,CHAMPUS,2,"COV BY TRICARE, CHAMPUS, CHAMPVA, VA, MILITARY","There are certain programs that cover active duty and retired career military personnel and their dependents and survivors and also disabled veterans and their dependents and survivors. Is [SAMPLE MEMBER A] currently covered by TRICARE, or CHAMPUS, CHAMPVA, the VA, or military health care?",,5
HEALTH INSURANCE,670,632,QHI06,PRVHLTIN,2,COVERED BY PRIVATE INSURANCE,"Private health insurance can be obtained through work, such as through an employer, union, or professional association, by paying premiums directly to a health insurance company, or by purchasing a plan through the Health Insurance Marketplace. It includes coverage by a health maintenance organization or HMO, fee for service plans, and single service plans. Is [SAMPLE MEMBER A] currently covered by private health insurance?",,5
HEALTH INSURANCE,670,632,QHI07,GRPHLTIN,2,PRIVATE PLAN OFFERED THROUGH EMPLOYER OR UNION,"Was [SAMPLE MEMBER POSS] private health insurance obtained through work, such as through an employer, union, or professional association? It can be through any family member's employment, not just [SAMPLE MEMBER POSS] employment.",,6
HEALTH INSURANCE,670,632,QHI08,HLTINALC,2,ALCOHOL ABUSE OR ALCOHOLISM,Does [SAMPLE MEMBER POSS] private health insurance include coverage for treatment for any of the following conditions? Alcohol abuse or alcoholism?,,6
HEALTH INSURANCE,670,632,QHI09,HLTINDRG,2,DRUG ABUSE,Drug abuse?,,6
HEALTH INSURANCE,670,632,QHI10,HLTINMNT,2,MENTAL OR EMOTIONAL DIFFICULTIES,Mental or emotional problems?,,6
HEALTH INSURANCE,671,633,QHI11,HLTINNOS,2,COVERED BY HEALTH INSUR (NOT OTHERWISE SPECIFIED),"Is [SAMPLE MEMBER A] currently covered by any kind of health insurance, that is, any policy or program that provides or pays for medical care?",,6
HEALTH INSURANCE,671,633,QHI13,HLCNOTYR,2,ANYTIME DID NOT HAVE HEALTH INS/COVER PAST 12 MOS,"During the past 12 months, that is from [DATE FILL] through today, was there any time when [SAMPLE MEMBER] did not have any kind of health insurance or coverage?",,7
HEALTH INSURANCE,671,633,QHI14,HLCNOTMO,2,"PAST 12 MOS, HOW MANY MOS W/O COVERAGE","During the past 12 months, that is from [DATE FILL] through today, about how many months [were you/was SAMPLE MEMBER] without any kind of health insurance or coverage?",,5
HEALTH INSURANCE,671,633,QHI15,HLCLAST,2,TIME SINCE LAST HAD HEALTH CARE COVERAGE,About how long has it been since (SAMPLE MEMBER) last had any kind of health coverage?,,9
HEALTH INSURANCE,672,634,QHI17,HLLOSRSN,2,MAIN REASON STOPPED COVERED BY HEALTH INSURANCE,Which of the reasons on this card is the main reason why [SAMPLE MEMBER] stopped being covered by health insurance?,,17
HEALTH INSURANCE,672,634,QHI18,HLNVCOST,2,COST TOO HIGH,Which of the reasons on this card describe why [SAMPLE MEMBER] never had health insurance coverage?,,6
HEALTH INSURANCE,672,634,QHI18,HLNVOFFR,2,EMPLOYER DOESN'T OFFER,,,6
HEALTH INSURANCE,672,634,QHI18,HLNVREF,2,INSURANCE COMPANY REFUSED COVERAGE,,,6
HEALTH INSURANCE,672,634,QHI18,HLNVNEED,2,DON'T NEED IT,,,6
HEALTH INSURANCE,673,635,QHI18,HLNVSOR,2,NEVER HAD HLTH INS SOME OTHER REASON,,,6
IMPUTED HEALTH INSURANCE,674,636,MEDICARE,IRMEDICR,1,MEDICARE - IMPUTATION REVISED,,,2
IMPUTED HEALTH INSURANCE,674,636,MEDICARE,IIMEDICR,1,MEDICARE - IMPUTATION INDICATOR,,,2
IMPUTED HEALTH INSURANCE,674,636,CAIDCHIP,IRMCDCHP,1,MEDICAID/CHIP - IMPUTATION REVISED,,,2
IMPUTED HEALTH INSURANCE,674,636,CAIDCHIP,IIMCDCHP,1,MEDICAID/CHIP - IMPUTATION INDICATOR,,,2
IMPUTED HEALTH INSURANCE,674,636,CHAMPUS,IRCHMPUS,1,CHAMPUS - IMPUTATION REVISED,,,2
IMPUTED HEALTH INSURANCE,674,636,CHAMPUS,IICHMPUS,1,CHAMPUS - IMPUTATION INDICATOR,,,2
IMPUTED HEALTH INSURANCE,674,636,PRVHLTIN,IRPRVHLT,1,PRIVATE HEALTH INSURANCE - IMPUTATION REVISED,,,2
IMPUTED HEALTH INSURANCE,674,636,PRVHLTIN,IIPRVHLT,1,PRIVATE HEALTH INSURANCE - IMPUTATION INDICATOR,,,2
IMPUTED HEALTH INSURANCE,675,637,"ANYHLTI2, CAIDCHIP, CHAMPUS, IRCHMPUS, IRMCDCHP, IRMEDICR, IRPRVHLT, MEDICARE, PRVHLTIN",IROTHHLT,2,OTHER HEALTH INSURANCE - IMPUTATION REVISED,"A respondent is eligible for the other health insurance question if they satisfied the following conditions. (1) Not covered by Medicare (IRMEDICR=2) (2) Not covered by Medicaid/CHIP (IRMCDCHP=2) (3) Not covered by Tricare, Champus, ChampVA, VA, or Military (IRCHMPUS=2) (4) Not covered by private insurance (IRPRVHLT=2) Otherwise, they are not eligible and IROTHHLT=99.",,3
IMPUTED HEALTH INSURANCE,675,637,"ANYHLTI2, CAIDCHIP, CHAMPUS, IRCHMPUS, IRMCDCHP, IRMEDICR, IRPRVHLT, MEDICARE, PRVHLTIN",IIOTHHLT,1,OTHER HEALTH INSURANCE - IMPUTATION INDICATOR,,,3
RECODED HEALTH INSURANCE,676,638,,HLCALLFG,2,FLAG IF EVERY FORM OF HEALTH INS REPORTED,"NOTE: The variable HLCALLFG is a created ""flag"" variable that indicates when a respondent (or proxy) reported that the respondent was covered by all of the following: Medicare, Medicaid, the Children's Health Insurance Program (if aged 12 to 19), military health care, and private health insurance. The variable HLCALL99 also is a created ""flag"" variable that indicates when respondents were reported to be covered by Medicare, Medicaid, military health care, and private health insurance. This HLCALL99 variable is comparable to HLCALLFG in 1999, when these four types of health insurance were the only types of current coverage that were asked about in the interview.",,2
RECODED HEALTH INSURANCE,676,638,,HLCALL99,2,YES TO MEDICARE/MEDICAID/CHAMPUS/PRVHLTIN,,"NOTE: The following variable, ANYHLTI2, was created from the source variables MEDICARE, CAIDCHIP, CHAMPUS, PRVHLTIN, and HLTINNOS.",2
RECODED HEALTH INSURANCE,676,638,"CAIDCHIP, CHAMPUS, HLTINNOS, MEDICARE, PRVHLTIN",ANYHLTI2,2,COVERED BY ANY HEALTH INSURANCE - RECODE,,,5
RECODED HEALTH INSURANCE,676,638,"IRCHMPUS, IRMCDCHP, IRMEDICR, IROTHHLT, IRPRVHLT",IRINSUR4,1,RC-OVERALL HEALTH INSURANCE - IMPUTATION REVISED,"For IRINSUR4, a respondent is classified as having any health insurance (IRINSUR4=1) if they satisfied ANY of the following conditions. (1) Covered by Medicare (IRMEDICR=1) (2) Covered by Medicaid/CHIP (IRMCDCHP=1) (3) Covered by Tricare, Champus, ChampVA, VA, or Military (IRCHMPUS=1) (4) Covered by private insurance (IRPRVHLT=1) (5) Covered by other health insurance (IROTHHLT=1) A respondent is classified as NOT having any health insurance (IRINSUR4=2) if they meet EVERY one of the following conditions (1) Not covered by Medicare (IRMEDICR=2) (2) Not covered by Medicaid/CHIP (IRMCDCHP=2) (3) Not covered by Tricare, Champus, ChampVA, VA, or Military (IRCHMPUS=2) (4) Not covered by private insurance (IRPRVHLT=2) (5) Not covered by other health insurance (IROTHHLT=2)",,2
RECODED HEALTH INSURANCE,676,638,"IRCHMPUS, IRMCDCHP, IRMEDICR, IROTHHLT, IRPRVHLT",IIINSUR4,1,RC-OVERALL HEALTH INSURANCE - IMPUTATION INDICATOR,,,2
RECODED HEALTH INSURANCE,676,638,"IRCHMPUS, IRMEDICR, IROTHHLT",OTHINS,1,"RC-HEALTH INSURANCE OTHER THAN PRIVATE, MEDICAID/CHIP",,,2
INCOME,677,639,CELL2,CELLWRKNG,2,WORKING CELL PHONE,"NOTE: The order changed between 2015 and 2016 for the questions corresponding to CELLWRKNG and CELLNOTCL. In 2015, the question corresponding to CELLNOTCL appeared first. Review of the data for 2015 and 2016 suggested that any decreases in reports of coverage by telephones other than cell phones between 2015 and 2016 is likely to be attributable to overall declines in landline telephone coverage in the general population. Do you or anyone at this address have a working cell phone?",,5
INCOME,677,639,CELL1,CELLNOTCL,2,NOT A CELL PHONE,Is there at least one telephone at this address that is not a cell phone?,,5
IMPUTED INCOME,678,640,,IRFAMSOC,1,FAM RECEIVE SS OR RR PAYMENTS - IMPUTATION REVISED,,,2
IMPUTED INCOME,678,640,,IIFAMSOC,1,FAM RECEIVE SS OR RR PAYMENTS - IMPUTATION INDICATOR,,,2
IMPUTED INCOME,678,640,,IRFAMSSI,1,FAM RECEIVE SSI - IMPUTATION REVISED,,,2
IMPUTED INCOME,678,640,,IIFAMSSI,1,FAM RECEIVE SSI - IMPUTATION INDICATOR,,,2
IMPUTED INCOME,678,640,,IRFSTAMP,1,RESP/OTH FAM MEM REC FOOD STAMPS - IMPUTATION REVISED,,,2
IMPUTED INCOME,678,640,,IIFSTAMP,1,RESP/OTH FAM MEM REC FOOD STAMPS - IMPUTATION INDICATOR,,,2
IMPUTED INCOME,678,640,,IRFAMPMT,1,FAM RECEIVE PUBLIC ASSIST - IMPUTATION REVISED,,,2
IMPUTED INCOME,678,640,,IIFAMPMT,1,FAM RECEIVE PUBLIC ASSIST - IMPUTATION INDICATOR,,,2
IMPUTED INCOME,678,640,,IRFAMSVC,1,FAM REC WELFARE/JOB PL/CHILDCARE - IMPUTATION REVISED,,,2
IMPUTED INCOME,678,640,,IIFAMSVC,1,FAM REC WELFARE/JOB PL/CHILDCARE - IMPUTATION INDICATOR,,,2
IMPUTED INCOME,678,640,"IRFAMPMT, IRFAMSVC",IRWELMOS,2,NO OF MONTHS ON WELFARE - IMPUTATION REVISED,,,2
IMPUTED INCOME,679,641,,IIWELMOS,1,NO OF MONTHS ON WELFARE - IMPUTATION INDICATOR,,,3
IMPUTED INCOME,679,641,,IRPINC3,2,RECODE -RESP TOT INCOME - IMPUTATION REVISED,,,7
IMPUTED INCOME,679,641,,IIPINC3,1,RECODE - RESP TOT INCOME - IMPUTATION INDICATOR,,,2
IMPUTED INCOME,679,641,,IRFAMIN3,1,RECODE - TOT FAM INCOME - IMPUTATION REVISED,,,7
IMPUTED INCOME,679,641,,IIFAMIN3,1,RECODE - TOT FAM INCOME - IMPUTATION INDICATOR,,,2
RECODED INCOME,680,642,"IRFAMPMT, IRFAMSSI, IRFAMSVC, IRFSTAMP",GOVTPROG,1,RC-PARTICIPATED IN ONE OR MORE GOVT ASSIST PROGRAMS,"NOTE: The variables in this section are recoded variables that were created from one or more of the edited or imputed variables from the two preceding sections. The following variable, GOVTPROG, was created by examination of these government assistance program variables: Supplemental Security Income (IRFAMSSI), food stamps (IRFSTAMP), cash assistance (IRFAMPMT), and non-cash assistance (IRFAMSVC).",,2
RECODED INCOME,680,642,,INCOME,1,RC-TOTAL FAMILY INCOME RECODE,,,4
RECODED INCOME,680,642,,POVERTY3,1,RC-POVERTY LEVEL (% OF US CENSUS POVERTY THRESHOLD),"The following variable, POVERTY3, indicates a person’s family income relative to poverty thresholds. The U.S. Census Bureau assigns a poverty threshold for each combination of family size and number of children in the household. To be at 100% of the poverty threshold is equivalent to having a family income that is the same as the poverty threshold. A poverty level less than 100% indicates having a family income less than the poverty threshold and therefore defined by the Federal government as living in poverty. A poverty level greater than 100% indicates having a family income greater than the poverty threshold. The previously created variable POVERTY2, was created using the recoded version of family income that had a top-coded level of $100,000 or more. Starting in 2015, the finer income questions were revised to expand the top level to include the responses $100,000 - $149,999 and $150,000 or more. The variable POVERTY3 account for these additional income levels through the use of the finer family income variable. Despite these changes, POVERTY3 is considered comparable with POVERTY2. POVERTY3 was created for each individual based on their poverty threshold (determined by their age, family size, the number of children in the household, and total family income). Since NSDUH only collects categorical values of family income, for each level of income, the midpoint of each range was assigned as the effective family income. The highest level of income, $150,000 or more, was assigned a value of $180,000. Prior to the questionnaire change in 2015 that expanded the top level of income categories, the highest level of income was $100,000 or more and the assigned family income was $120,000. Family income was divided by the poverty threshold and multiplied by 100 to show family income as a percentage of the federal poverty threshold. Respondents aged 18 to 22 currently living in a college dormitory (GQTYPE2='C') were set to system missing and do not have a valid value for this variable.",,4
COUNTY,681,643,,PDEN10,1,POPULATION DENSITY 2010 - THREE LEVELS,GEOGRAPHIC The variable PDEN10 is based on 2010 Census data and the December 2009 Core Based Statistical Area classifications provided by the Office of Management and Budget (OMB).,NOTE: COUTYP4 is recoded based on the 2013 Rural/Urban Continuum Codes.,3
COUNTY,681,643,,COUTYP4,1,COUNTY METRO/NONMETRO STATUS (2013 3-LEVEL),,,3
SEGMENT,682,644,,MAIIN102,1,MAJORITY AMER INDIAN AREA INDICATOR FOR SEGMENT,"The Census provides data for five types of American Indian areas (AIAs): • Federally-recognized American Indian reservations (AIRs) and off-reservation trust land areas – areas that have been set aside by the U.S. for the use of American Indian tribes. The tribes have primary governmental authority over the AIRs and associated off-reservation trust lands. Federal AIRs may cross State and all other area boundaries. • State-recognized American Indian Reservations (SAIRs) - reservations established by some State governments for tribes recognized by the State. The tribes may have governmental authority over the SAIRs. SAIRs must be defined within a single State but may cross county and other types of boundaries. • Oklahoma tribal statistical areas (OTSAs) - areas intended to represent the former American Indian reservations that existed in Indian and Oklahoma territories prior to Oklahoma statehood in 1907. OTSAs are contained within the State of Oklahoma but may cross all other area boundaries. • Tribal designated statistical areas (TDSAs) - areas identified and delineated for federally-recognized American Indian tribes that do not currently have an AIR or off-reservation trust land. A TDSA is intended to encompass a compact and contiguous area that contains a concentration of individuals who identify with the delineating federally-recognized American Indian tribe. TDSAs may cross State and all other area boundaries. • State designated tribal statistical areas (SDTSAs) - areas identified and delineated for State-recognized tribes that are not federally- recognized and do not have an AIR or off-reservation trust land. SDTSAs provide State-recognized tribes without reservations statistical data for a geographic area that encompasses a substantial concentration of tribal members. SDTSAs must be defined within a single State but may cross county and other types of boundaries. The AIAs are mutually exclusive, i.e., no AIA can overlap another AIA. In cases where more than one tribe claims jurisdiction over an area, the Census Bureau creates a joint-use area as a separate entity to define this area of dual claims. Some NSDUH segments can cross more than one AIA. In order to assign a single AIA to a segment, a ‘majority’ AIA variable was created by summing the total number of dwelling units within each of the AIAs within the segment and then assigning the AIA with the most dwelling units to that segment. The resulting 'majority' AIAs were summarized to form MAIIN102. MAIIN102 is based on 2010 census data.",,2
BLOCK,683,645,,AIIND102,1,AMER INDIAN AREA INDICATOR,"The Census provides data for five types of American Indian areas (AIAs): • Federally-recognized American Indian reservations (AIRs) and off-reservation trust land areas – areas that have been set aside by the U.S. for the use of American Indian tribes. The tribes have primary governmental authority over the AIRs and associated off-reservation trust lands. Federal AIRs may cross State and all other area boundaries. • State-recognized American Indian Reservations (SAIRs) - reservations established by some State governments for tribes recognized by the State. The tribes may have governmental authority over the SAIRs. SAIRs must be defined within a single State but may cross county and other types of boundaries. • Oklahoma tribal statistical areas (OTSAs) - areas intended to represent the former American Indian reservations that existed in Indian and Oklahoma territories prior to Oklahoma statehood in 1907. OTSAs are contained within the State of Oklahoma but may cross all other area boundaries. • Tribal designated statistical areas (TDSAs) - areas identified and delineated for federally-recognized American Indian tribes that do not currently have an AIR or off-reservation trust land. A TDSA is intended to encompass a compact and contiguous area that contains a concentration of individuals who identify with the delineating federally-recognized American Indian tribe. TDSAs may cross State and all other area boundaries. • State designated tribal statistical areas (SDTSAs) - areas identified and delineated for State-recognized tribes that are not federally- recognized and do not have an AIR or off-reservation trust land. SDTSAs provide State-recognized tribes without reservations statistical data for a geographic area that encompasses a substantial concentration of tribal members. SDTSAs must be defined within a single State but may cross county and other types of boundaries. The AIAs are mutually exclusive, i.e., no AIA can overlap another AIA. In cases where more than one tribe claims jurisdiction over an area, the Census Bureau creates a joint-use area as a separate entity to define this area of dual claims. The variable AIIND102 is based on 2010 census data and is defined by mapping the census block in which a respondent resides to the 2010 census file.",,2
SAMPLE WEIGHTING AND ESTIMATION VARS,684,646,,ANALWT2_C,8,FIN PRSN-LEVEL SMPLE WGHT 2,,,0
SAMPLE WEIGHTING AND ESTIMATION VARS,684,646,,VESTR_C,5,ANALYSIS STRATUM,,,0
SAMPLE WEIGHTING AND ESTIMATION VARS,684,646,,VEREP,2,ANALYSIS REPLICATE,,,0
